profile_id,age_band,gender,imd_quintile,communication_language,lives_alone,primary_condition_category,primary_condition_subtype,condition_count,comorbidities,condition_duration_band,primary_support_goal,support_orientation,psychosocial_isolation_score,engagement_level
P000000,75+,Woman,3,English,True,Musculoskeletal and chronic pain,Painful condition,1,,11-20,emotional_support,Balanced,55.8,Medium
P000001,60-74,Man,5,English,True,Musculoskeletal and chronic pain,Painful condition,2,Anxiety or depression,11-20,self_management_info,Offering,42.2,High
P000002,45-59,Woman,3,English,False,Cancer experience,Cancer,1,,1-2,self_management_info,Balanced,40.9,Low
P000003,60-74,Woman,1,English,False,Musculoskeletal and chronic pain,Painful condition,1,,1-2,accountability,Offering,49.2,Medium
P000004,60-74,Woman,5,English,False,Musculoskeletal and chronic pain,Painful condition,1,,11-20,self_management_info,Balanced,52.9,Low
P000005,60-74,Woman,1,English,False,Mental health,Anxiety or depression,3,Diabetes mellitus;Coronary heart disease,3-5,emotional_support,Balanced,40.7,High
P000006,30-44,Woman,5,English,False,Musculoskeletal and chronic pain,Painful condition,1,,3-5,accountability,Seeking,34.2,Low
P000007,60-74,Woman,2,English,False,Mental health,Anxiety or depression,4,Diabetes mellitus;Painful condition;Stroke and TIA,<1,emotional_support,Offering,42.9,High
P000008,45-59,Man,2,English,False,Renal,Chronic kidney disease,2,Anxiety or depression,1-2,self_management_info,Balanced,32.5,Low
P000009,75+,Man,4,English,False,Cardiovascular,Coronary heart disease,3,Anxiety or depression;Atrial fibrillation,3-5,self_management_info,Seeking,33.1,Low
P000010,45-59,Man,5,English,False,Mental health,Anxiety or depression,6,Connective tissue disorder;Coronary heart disease;COPD;Chronic kidney disease;Painful condition,3-5,self_management_info,Seeking,44.4,Medium
P000011,18-29,Man,3,English,False,Metabolic and endocrine,Diabetes mellitus,1,,6-10,self_management_info,Balanced,43.3,Medium
P000012,30-44,Man,5,English,False,Musculoskeletal and chronic pain,Connective tissue disorder,1,,11-20,self_management_info,Offering,36.4,Medium
P000013,45-59,Man,2,English,True,Renal,Chronic kidney disease,6,Anxiety or depression;Painful condition;Diabetes mellitus;Coronary heart disease;Connective tissue disorder,1-2,shared_activity,Seeking,80.0,Low
P000014,30-44,Woman,2,English,False,Cancer experience,Cancer,4,Anxiety or depression;COPD;Coronary heart disease,1-2,emotional_support,Balanced,51.5,Low
P000015,60-74,Man,3,English,False,Musculoskeletal and chronic pain,Painful condition,1,,<1,emotional_support,Offering,38.7,Medium
P000016,60-74,Man,2,English,False,Musculoskeletal and chronic pain,Painful condition,3,Atrial fibrillation;Diabetes mellitus,3-5,shared_activity,Balanced,46.6,High
P000017,60-74,Man,5,English,True,Musculoskeletal and chronic pain,Painful condition,1,,1-2,social_connection,Balanced,66.1,High
P000018,45-59,Woman,5,English,False,Metabolic and endocrine,Diabetes mellitus,2,Anxiety or depression,11-20,emotional_support,Seeking,43.9,Medium
P000019,75+,Woman,3,English,False,Cardiovascular,Stroke and TIA,2,Diabetes mellitus,<1,emotional_support,Seeking,49.2,Low
P000020,60-74,Woman,5,English,False,Cardiovascular,Coronary heart disease,1,,1-2,emotional_support,Seeking,41.9,Medium
P000021,18-29,Woman,2,English,False,Metabolic and endocrine,Diabetes mellitus,1,,11-20,emotional_support,Offering,33.4,High
P000022,75+,Man,4,English,True,Musculoskeletal and chronic pain,Connective tissue disorder,3,Anxiety or depression;Painful condition,1-2,emotional_support,Balanced,68.3,Medium
P000023,45-59,Woman,4,English,False,Metabolic and endocrine,Diabetes mellitus,1,,20+,shared_activity,Balanced,44.4,Medium
P000024,75+,Man,2,English,False,Cardiovascular,Atrial fibrillation,4,Anxiety or depression;Painful condition;Diabetes mellitus,6-10,emotional_support,Balanced,36.3,Low
P000025,30-44,Man,5,English,False,Musculoskeletal and chronic pain,Painful condition,1,,20+,emotional_support,Balanced,41.1,Low
P000026,60-74,Man,3,English,False,Mental health,Anxiety or depression,1,,6-10,shared_activity,Seeking,56.8,Low
P000027,60-74,Woman,3,English,False,Musculoskeletal and chronic pain,Painful condition,6,Anxiety or depression;Cancer;Diabetes mellitus;Connective tissue disorder;Atrial fibrillation,20+,accountability,Balanced,67.8,Medium
P000028,60-74,Man,3,English,False,Musculoskeletal and chronic pain,Painful condition,3,Coronary heart disease;Anxiety or depression,11-20,self_management_info,Balanced,51.4,Medium
P000029,75+,Man,1,English,False,Metabolic and endocrine,Diabetes mellitus,1,,20+,emotional_support,Offering,48.4,Medium
P000030,30-44,Man,5,English,False,Metabolic and endocrine,Diabetes mellitus,1,,20+,social_connection,Seeking,46.3,Low
P000031,60-74,Man,1,English,False,Renal,Chronic kidney disease,4,Anxiety or depression;Coronary heart disease;Stroke and TIA,<1,social_connection,Balanced,46.1,Medium
P000032,30-44,Man,1,English,False,Musculoskeletal and chronic pain,Painful condition,1,,<1,social_connection,Seeking,28.7,High
P000033,45-59,Woman,1,English,False,Musculoskeletal and chronic pain,Painful condition,4,Anxiety or depression;Diabetes mellitus;Chronic kidney disease,1-2,social_connection,Balanced,65.6,Medium
P000034,30-44,Woman,4,English,False,Metabolic and endocrine,Diabetes mellitus,2,Anxiety or depression,6-10,social_connection,Balanced,26.6,Medium
P000035,60-74,Woman,3,English,False,Mental health,Anxiety or depression,2,Painful condition,11-20,social_connection,Balanced,41.1,Medium
P000036,60-74,Woman,3,English,False,Renal,Chronic kidney disease,1,,20+,social_connection,Balanced,46.3,High
P000037,75+,Woman,4,English,True,Cardiovascular,Coronary heart disease,1,,1-2,self_management_info,Seeking,27.7,Medium
P000038,18-29,Man,4,English,False,Metabolic and endocrine,Diabetes mellitus,1,,1-2,shared_activity,Offering,34.4,High
P000039,60-74,Man,5,English,False,Mental health,Anxiety or depression,2,Stroke and TIA,<1,accountability,Offering,31.6,Medium
P000040,75+,Woman,3,English,True,Mental health,Anxiety or depression,1,,3-5,emotional_support,Seeking,52.5,High
P000041,45-59,Woman,3,English,False,Metabolic and endocrine,Diabetes mellitus,2,Painful condition,6-10,social_connection,Balanced,46.5,High
P000042,45-59,Man,5,English,False,Musculoskeletal and chronic pain,Connective tissue disorder,1,,6-10,shared_activity,Balanced,25.6,High
P000043,60-74,Man,2,English,False,Musculoskeletal and chronic pain,Painful condition,1,,1-2,self_management_info,Seeking,38.0,Low
P000044,60-74,Woman,1,English,True,Musculoskeletal and chronic pain,Painful condition,1,,20+,social_connection,Balanced,56.6,High
P000045,60-74,Man,3,English,False,Mental health,Anxiety or depression,4,Painful condition;Cancer;Chronic kidney disease,1-2,accountability,Balanced,33.0,Medium
P000046,18-29,Man,5,Other,False,Mental health,Anxiety or depression,1,,6-10,emotional_support,Balanced,43.4,High
P000047,75+,Woman,3,English,True,Musculoskeletal and chronic pain,Painful condition,4,Anxiety or depression;Chronic kidney disease;Coronary heart disease,1-2,social_connection,Offering,58.2,Low
P000048,60-74,Woman,4,English,False,Respiratory,COPD,5,Anxiety or depression;Atrial fibrillation;Chronic kidney disease;Stroke and TIA,<1,self_management_info,Balanced,70.5,High
P000049,45-59,Woman,3,English,False,Musculoskeletal and chronic pain,Painful condition,1,,6-10,self_management_info,Offering,40.3,Medium
P000050,45-59,Woman,2,English,False,Respiratory,COPD,1,,3-5,shared_activity,Balanced,41.1,Medium
P000051,75+,Woman,2,English,False,Mental health,Anxiety or depression,4,Painful condition;Diabetes mellitus;Atrial fibrillation,1-2,emotional_support,Offering,56.2,Medium
P000052,75+,Man,4,English,False,Renal,Chronic kidney disease,5,Anxiety or depression;Diabetes mellitus;Painful condition;Cancer,6-10,self_management_info,Seeking,41.7,High
P000053,18-29,Woman,3,English,False,Mental health,Anxiety or depression,1,,<1,emotional_support,Seeking,32.2,Low
P000054,45-59,Woman,3,English,True,Cardiovascular,Coronary heart disease,5,Anxiety or depression;Chronic kidney disease;Diabetes mellitus;COPD,1-2,self_management_info,Balanced,60.8,Low
P000055,75+,Woman,2,English,False,Cardiovascular,Stroke and TIA,2,Chronic kidney disease,<1,emotional_support,Seeking,24.5,Low
P000056,45-59,Man,2,English,True,Musculoskeletal and chronic pain,Painful condition,1,,<1,accountability,Offering,47.5,Medium
P000057,60-74,Man,3,Other,False,Metabolic and endocrine,Diabetes mellitus,1,,11-20,social_connection,Seeking,49.4,Medium
P000058,30-44,Woman,4,English,False,Musculoskeletal and chronic pain,Painful condition,1,,11-20,self_management_info,Offering,40.1,Medium
P000059,30-44,Man,2,English,False,Cardiovascular,Coronary heart disease,1,,<1,shared_activity,Balanced,47.0,Low
P000060,75+,Man,1,English,True,Musculoskeletal and chronic pain,Painful condition,2,Anxiety or depression,<1,social_connection,Seeking,55.9,High
P000061,60-74,Man,4,English,False,Mental health,Anxiety or depression,1,,11-20,shared_activity,Balanced,38.0,Medium
P000062,75+,Man,3,English,False,Cardiovascular,Stroke and TIA,4,Chronic kidney disease;COPD;Anxiety or depression,20+,shared_activity,Seeking,30.9,Medium
P000063,75+,Woman,3,English,False,Musculoskeletal and chronic pain,Painful condition,1,,6-10,emotional_support,Offering,33.1,High
P000064,30-44,Woman,3,English,False,Renal,Chronic kidney disease,4,Anxiety or depression;Painful condition;Diabetes mellitus,6-10,shared_activity,Balanced,49.8,Low
P000065,45-59,Woman,4,English,False,Metabolic and endocrine,Diabetes mellitus,6,Stroke and TIA;Anxiety or depression;Painful condition;Coronary heart disease;Atrial fibrillation,3-5,emotional_support,Seeking,59.7,Medium
P000066,60-74,Woman,5,English,False,Renal,Chronic kidney disease,1,,20+,shared_activity,Offering,27.1,High
P000067,30-44,Woman,1,English,True,Musculoskeletal and chronic pain,Painful condition,1,,6-10,emotional_support,Seeking,63.5,Low
P000068,60-74,Man,4,English,False,Musculoskeletal and chronic pain,Painful condition,1,,1-2,shared_activity,Seeking,27.2,High
P000069,45-59,Man,2,English,False,Musculoskeletal and chronic pain,Painful condition,2,Anxiety or depression,20+,self_management_info,Balanced,28.2,Low
P000070,30-44,Man,1,English,False,Mental health,Anxiety or depression,1,,6-10,self_management_info,Seeking,51.5,Low
P000071,60-74,Man,5,English,False,Cardiovascular,Coronary heart disease,2,Diabetes mellitus,20+,self_management_info,Balanced,43.4,Medium
P000072,60-74,Woman,5,English,False,Renal,Chronic kidney disease,2,Anxiety or depression,<1,self_management_info,Balanced,40.5,Medium
P000073,75+,Woman,5,Romanian,True,Cancer experience,Cancer,2,Anxiety or depression,<1,self_management_info,Seeking,45.4,Low
P000074,45-59,Man,4,English,False,Mental health,Anxiety or depression,1,,3-5,shared_activity,Seeking,47.4,Low
P000075,75+,Woman,2,English,False,Cancer experience,Cancer,1,,6-10,social_connection,Seeking,62.4,High
P000076,60-74,Woman,5,English,False,Mental health,Anxiety or depression,1,,6-10,self_management_info,Balanced,38.0,Medium
P000077,30-44,Man,3,English,False,Metabolic and endocrine,Diabetes mellitus,2,Painful condition,20+,emotional_support,Balanced,41.8,Low
P000078,30-44,Woman,2,Polish,False,Musculoskeletal and chronic pain,Painful condition,1,,20+,social_connection,Seeking,55.0,Medium
P000079,75+,Woman,4,English,True,Mental health,Anxiety or depression,5,COPD;Chronic kidney disease;Diabetes mellitus;Painful condition,3-5,social_connection,Seeking,50.6,Low
P000080,75+,Man,5,English,False,Mental health,Anxiety or depression,1,,3-5,emotional_support,Balanced,39.2,Medium
P000081,60-74,Woman,5,English,False,Cardiovascular,Atrial fibrillation,1,,<1,self_management_info,Balanced,37.2,High
P000082,75+,Woman,1,Other,True,Musculoskeletal and chronic pain,Painful condition,3,Chronic kidney disease;Cancer,<1,emotional_support,Balanced,59.1,Medium
P000083,60-74,Woman,2,English,True,Mental health,Anxiety or depression,3,Painful condition;Cancer,20+,social_connection,Seeking,65.2,Medium
P000084,45-59,Woman,1,English,False,Musculoskeletal and chronic pain,Painful condition,4,Anxiety or depression;Connective tissue disorder;Chronic kidney disease,3-5,shared_activity,Seeking,65.8,High
P000085,30-44,Man,3,English,True,Musculoskeletal and chronic pain,Painful condition,3,Coronary heart disease;Anxiety or depression,11-20,emotional_support,Seeking,44.1,High
P000086,60-74,Man,1,English,False,Mental health,Anxiety or depression,4,Painful condition;COPD;Diabetes mellitus,1-2,emotional_support,Balanced,59.2,Low
P000087,45-59,Woman,1,English,False,Cardiovascular,Stroke and TIA,1,,6-10,self_management_info,Seeking,61.7,High
P000088,75+,Woman,4,English,True,Mental health,Anxiety or depression,1,,6-10,accountability,Balanced,42.4,Low
P000089,60-74,Woman,2,English,False,Musculoskeletal and chronic pain,Painful condition,1,,6-10,self_management_info,Seeking,31.3,Medium
P000090,60-74,Man,5,English,True,Musculoskeletal and chronic pain,Painful condition,1,,1-2,shared_activity,Balanced,41.4,Medium
P000091,30-44,Woman,1,English,False,Metabolic and endocrine,Diabetes mellitus,1,,<1,emotional_support,Balanced,46.0,Low
P000092,75+,Woman,2,English,True,Cardiovascular,Atrial fibrillation,3,Connective tissue disorder;Chronic kidney disease,<1,emotional_support,Seeking,43.5,Medium
P000093,75+,Man,2,English,False,Cardiovascular,Coronary heart disease,1,,3-5,self_management_info,Offering,50.2,Medium
P000094,45-59,Man,2,English,False,Mental health,Anxiety or depression,2,Heart failure,1-2,emotional_support,Seeking,37.0,High
P000095,45-59,Woman,3,English,False,Renal,Chronic kidney disease,1,,3-5,self_management_info,Balanced,34.0,Medium
P000096,60-74,Man,2,English,False,Musculoskeletal and chronic pain,Painful condition,2,Anxiety or depression,1-2,social_connection,Balanced,38.6,Medium
P000097,75+,Man,2,English,True,Mental health,Anxiety or depression,1,,20+,social_connection,Seeking,66.7,Low
P000098,60-74,Woman,2,English,False,Musculoskeletal and chronic pain,Painful condition,2,Anxiety or depression,20+,self_management_info,Balanced,42.6,Medium
P000099,75+,Woman,4,English,False,Musculoskeletal and chronic pain,Connective tissue disorder,1,,1-2,social_connection,Offering,20.0,Medium
P000100,75+,Woman,2,Other,False,Mental health,Anxiety or depression,2,Heart failure,11-20,accountability,Seeking,65.4,Medium
P000101,18-29,Man,3,English,False,Mental health,Anxiety or depression,4,Painful condition;Diabetes mellitus;Cancer,1-2,emotional_support,Seeking,38.8,Medium
P000102,75+,Woman,2,Other,True,Musculoskeletal and chronic pain,Painful condition,5,Anxiety or depression;Coronary heart disease;Cancer;Heart failure,11-20,self_management_info,Offering,66.1,Low
P000103,75+,Woman,5,English,False,Renal,Chronic kidney disease,3,Anxiety or depression;Diabetes mellitus,<1,shared_activity,Seeking,46.8,Low
P000104,75+,Woman,4,English,False,Musculoskeletal and chronic pain,Connective tissue disorder,1,,20+,emotional_support,Balanced,41.8,Medium
P000105,75+,Man,5,English,False,Respiratory,COPD,2,Anxiety or depression,<1,emotional_support,Balanced,33.8,Medium
P000106,60-74,Woman,2,English,False,Renal,Chronic kidney disease,3,Connective tissue disorder;Anxiety or depression,<1,emotional_support,Seeking,56.4,Low
P000107,75+,Man,1,English,True,Musculoskeletal and chronic pain,Painful condition,1,,20+,shared_activity,Seeking,75.3,Low
P000108,60-74,Man,5,English,False,Musculoskeletal and chronic pain,Painful condition,2,Anxiety or depression,3-5,emotional_support,Balanced,37.8,Low
P000109,45-59,Woman,2,English,False,Cancer experience,Cancer,3,Anxiety or depression;Diabetes mellitus,<1,social_connection,Seeking,52.4,Medium
P000110,75+,Woman,3,English,True,Musculoskeletal and chronic pain,Painful condition,1,,11-20,self_management_info,Balanced,48.9,High
P000111,45-59,Man,5,English,False,Musculoskeletal and chronic pain,Painful condition,3,Anxiety or depression;Diabetes mellitus,1-2,accountability,Seeking,42.9,Low
P000112,60-74,Man,4,English,False,Metabolic and endocrine,Diabetes mellitus,2,Anxiety or depression,20+,accountability,Balanced,51.3,Low
P000113,60-74,Woman,2,English,False,Musculoskeletal and chronic pain,Painful condition,3,Stroke and TIA;Anxiety or depression,11-20,accountability,Offering,43.8,Medium
P000114,45-59,Woman,1,English,False,Metabolic and endocrine,Diabetes mellitus,4,Anxiety or depression;Stroke and TIA;Atrial fibrillation,3-5,emotional_support,Balanced,67.6,High
P000115,60-74,Man,1,Other,False,Renal,Chronic kidney disease,1,,11-20,self_management_info,Seeking,25.7,Low
P000116,60-74,Woman,3,English,False,Musculoskeletal and chronic pain,Painful condition,2,Anxiety or depression,20+,shared_activity,Offering,46.9,Medium
P000117,45-59,Man,3,Other,False,Metabolic and endocrine,Diabetes mellitus,1,,1-2,emotional_support,Seeking,38.3,High
P000118,75+,Man,4,English,False,Cardiovascular,Stroke and TIA,6,Anxiety or depression;Chronic kidney disease;Diabetes mellitus;Atrial fibrillation;Painful condition,11-20,self_management_info,Offering,52.8,Low
P000119,60-74,Man,1,English,True,Cardiovascular,Coronary heart disease,5,Anxiety or depression;Diabetes mellitus;Painful condition;Chronic kidney disease,6-10,social_connection,Offering,66.2,Medium
P000120,75+,Woman,5,English,True,Cardiovascular,Atrial fibrillation,2,Anxiety or depression,1-2,accountability,Offering,49.4,High
P000121,45-59,Woman,4,English,False,Musculoskeletal and chronic pain,Connective tissue disorder,2,Anxiety or depression,<1,emotional_support,Balanced,54.3,High
P000122,75+,Man,2,English,True,Metabolic and endocrine,Diabetes mellitus,1,,6-10,accountability,Seeking,61.3,High
P000123,60-74,Woman,5,English,False,Musculoskeletal and chronic pain,Painful condition,1,,11-20,self_management_info,Seeking,38.5,Low
P000124,60-74,Man,5,English,False,Musculoskeletal and chronic pain,Painful condition,4,Anxiety or depression;Cancer;Connective tissue disorder,20+,shared_activity,Seeking,63.5,Medium
P000125,75+,Woman,2,English,False,Mental health,Anxiety or depression,4,Cancer;Chronic kidney disease;Diabetes mellitus,11-20,self_management_info,Balanced,44.7,Medium
P000126,18-29,Woman,5,English,False,Musculoskeletal and chronic pain,Painful condition,2,Diabetes mellitus,1-2,shared_activity,Seeking,38.9,Medium
P000127,75+,Man,4,English,True,Metabolic and endocrine,Diabetes mellitus,4,Anxiety or depression;Coronary heart disease;Chronic kidney disease,11-20,social_connection,Balanced,72.5,Medium
P000128,60-74,Man,2,English,False,Cardiovascular,Stroke and TIA,3,Chronic kidney disease;Painful condition,1-2,emotional_support,Seeking,35.5,Low
P000129,30-44,Man,2,English,False,Mental health,Anxiety or depression,1,,11-20,social_connection,Offering,42.4,Medium
P000130,60-74,Woman,4,English,True,Metabolic and endocrine,Diabetes mellitus,1,,<1,emotional_support,Offering,52.7,Medium
P000131,75+,Woman,2,English,True,Renal,Chronic kidney disease,4,Anxiety or depression;COPD;Painful condition,6-10,social_connection,Seeking,50.2,Medium
P000132,60-74,Woman,4,English,True,Musculoskeletal and chronic pain,Painful condition,3,Anxiety or depression;Diabetes mellitus,11-20,self_management_info,Balanced,54.0,Medium
P000133,60-74,Man,3,English,False,Mental health,Anxiety or depression,3,Chronic kidney disease;COPD,3-5,shared_activity,Balanced,57.2,Low
P000134,30-44,Woman,4,English,False,Cardiovascular,Atrial fibrillation,3,Chronic kidney disease;Diabetes mellitus,6-10,self_management_info,Balanced,45.9,Medium
P000135,45-59,Man,3,English,False,Cancer experience,Cancer,1,,1-2,self_management_info,Seeking,37.4,Medium
P000136,75+,Man,1,English,False,Cardiovascular,Atrial fibrillation,1,,6-10,accountability,Seeking,62.6,Medium
P000137,75+,Man,3,English,True,Mental health,Anxiety or depression,3,Painful condition;Diabetes mellitus,11-20,self_management_info,Seeking,61.8,Low
P000138,75+,Woman,1,English,False,Cardiovascular,Atrial fibrillation,2,Anxiety or depression,1-2,emotional_support,Seeking,47.8,Medium
P000139,75+,Woman,2,English,True,Musculoskeletal and chronic pain,Painful condition,2,Connective tissue disorder,<1,emotional_support,Offering,55.4,Medium
P000140,45-59,Man,1,English,False,Mental health,Anxiety or depression,2,Diabetes mellitus,1-2,emotional_support,Seeking,50.5,Medium
P000141,60-74,Man,4,English,False,Musculoskeletal and chronic pain,Painful condition,1,,<1,self_management_info,Balanced,37.3,Low
P000142,45-59,Woman,1,English,False,Cardiovascular,Atrial fibrillation,1,,20+,emotional_support,Offering,47.3,High
P000143,75+,Man,3,English,False,Musculoskeletal and chronic pain,Connective tissue disorder,2,Anxiety or depression,6-10,self_management_info,Balanced,29.8,Low
P000144,30-44,Man,1,English,False,Musculoskeletal and chronic pain,Painful condition,6,Anxiety or depression;Connective tissue disorder;COPD;Stroke and TIA;Chronic kidney disease,3-5,shared_activity,Seeking,46.8,Medium
P000145,45-59,Man,5,Other,True,Respiratory,COPD,4,Atrial fibrillation;Anxiety or depression;Diabetes mellitus,3-5,accountability,Balanced,60.6,High
P000146,75+,Man,1,English,False,Musculoskeletal and chronic pain,Painful condition,2,Coronary heart disease,1-2,emotional_support,Balanced,47.1,Medium
P000147,45-59,Woman,1,English,False,Cardiovascular,Heart failure,1,,<1,emotional_support,Balanced,41.4,Medium
P000148,45-59,Man,2,English,False,Cardiovascular,Heart failure,3,Painful condition;Chronic kidney disease,<1,social_connection,Balanced,52.5,Medium
P000149,60-74,Man,3,Other,True,Cardiovascular,Stroke and TIA,3,Anxiety or depression;Cancer,<1,self_management_info,Offering,40.4,Medium
P000150,75+,Woman,1,English,False,Cardiovascular,Heart failure,3,Anxiety or depression;Chronic kidney disease,6-10,shared_activity,Seeking,38.7,Medium
P000151,60-74,Woman,1,English,False,Cardiovascular,Atrial fibrillation,6,Anxiety or depression;Heart failure;Diabetes mellitus;Painful condition;COPD,3-5,accountability,Balanced,49.6,Medium
P000152,60-74,Woman,1,English,True,Metabolic and endocrine,Diabetes mellitus,2,Anxiety or depression,<1,accountability,Offering,49.5,Medium
P000153,60-74,Man,5,English,True,Cardiovascular,Atrial fibrillation,3,Anxiety or depression;Coronary heart disease,20+,self_management_info,Seeking,29.2,Low
P000154,45-59,Woman,2,English,False,Metabolic and endocrine,Diabetes mellitus,2,Coronary heart disease,<1,emotional_support,Balanced,54.8,High
P000155,60-74,Man,2,English,False,Musculoskeletal and chronic pain,Connective tissue disorder,1,,20+,self_management_info,Balanced,53.2,High
P000156,75+,Woman,5,English,True,Musculoskeletal and chronic pain,Painful condition,2,Anxiety or depression,6-10,shared_activity,Seeking,50.4,Medium
P000157,18-29,Woman,5,English,False,Musculoskeletal and chronic pain,Connective tissue disorder,1,,1-2,shared_activity,Balanced,38.4,Medium
P000158,45-59,Woman,2,English,False,Mental health,Anxiety or depression,1,,11-20,emotional_support,Offering,47.7,High
P000159,75+,Woman,3,English,True,Mental health,Anxiety or depression,1,,1-2,shared_activity,Seeking,40.8,Medium
P000160,30-44,Man,1,English,False,Cardiovascular,Stroke and TIA,4,Chronic kidney disease;Painful condition;Anxiety or depression,1-2,social_connection,Balanced,49.3,Medium
P000161,30-44,Non-binary or self-describe,5,English,False,Renal,Chronic kidney disease,1,,<1,emotional_support,Offering,31.8,High
P000162,45-59,Woman,4,English,False,Cardiovascular,Coronary heart disease,4,Atrial fibrillation;Anxiety or depression;Painful condition,<1,shared_activity,Balanced,46.3,High
P000163,45-59,Woman,3,English,False,Metabolic and endocrine,Diabetes mellitus,2,Anxiety or depression,1-2,self_management_info,Balanced,36.4,Medium
P000164,60-74,Man,1,English,False,Musculoskeletal and chronic pain,Painful condition,6,Atrial fibrillation;Anxiety or depression;Cancer;Coronary heart disease;Diabetes mellitus,<1,accountability,Balanced,44.6,Medium
P000165,60-74,Man,2,English,False,Cardiovascular,Coronary heart disease,1,,6-10,emotional_support,Offering,49.4,Medium
P000166,45-59,Woman,4,English,True,Musculoskeletal and chronic pain,Painful condition,1,,1-2,self_management_info,Offering,32.1,Medium
P000167,45-59,Woman,4,English,False,Musculoskeletal and chronic pain,Painful condition,2,Chronic kidney disease,11-20,self_management_info,Balanced,30.7,Medium
P000168,60-74,Woman,2,English,False,Cardiovascular,Atrial fibrillation,2,Anxiety or depression,1-2,emotional_support,Balanced,42.4,Medium
P000169,18-29,Woman,3,English,False,Mental health,Anxiety or depression,5,Diabetes mellitus;Painful condition;Connective tissue disorder;Cancer,<1,self_management_info,Balanced,74.8,High
P000170,60-74,Woman,2,English,False,Cardiovascular,Coronary heart disease,4,Painful condition;Diabetes mellitus;Stroke and TIA,<1,shared_activity,Seeking,55.7,Medium
P000171,75+,Woman,1,English,False,Cardiovascular,Coronary heart disease,5,Anxiety or depression;Painful condition;Diabetes mellitus;COPD,6-10,self_management_info,Seeking,57.1,Medium
P000172,45-59,Woman,5,English,True,Musculoskeletal and chronic pain,Connective tissue disorder,1,,1-2,emotional_support,Seeking,44.8,Low
P000173,75+,Woman,5,English,True,Respiratory,COPD,4,Coronary heart disease;Anxiety or depression;Cancer,1-2,emotional_support,Seeking,58.0,Medium
P000174,75+,Man,3,English,True,Metabolic and endocrine,Diabetes mellitus,2,Chronic kidney disease,11-20,shared_activity,Balanced,75.8,Medium
P000175,30-44,Woman,5,English,True,Cardiovascular,Stroke and TIA,1,,1-2,accountability,Seeking,20.0,High
P000176,30-44,Man,5,English,False,Mental health,Anxiety or depression,1,,1-2,social_connection,Offering,44.7,Medium
P000177,60-74,Man,4,Other,True,Mental health,Anxiety or depression,3,Painful condition;Coronary heart disease,3-5,social_connection,Balanced,60.8,Medium
P000178,60-74,Man,4,English,False,Mental health,Anxiety or depression,2,Chronic kidney disease,11-20,emotional_support,Balanced,28.1,Low
P000179,75+,Man,4,English,True,Musculoskeletal and chronic pain,Painful condition,5,Anxiety or depression;Stroke and TIA;COPD;Coronary heart disease,3-5,shared_activity,Balanced,40.8,Low
P000180,45-59,Man,5,English,False,Renal,Chronic kidney disease,3,Anxiety or depression;Heart failure,20+,shared_activity,Balanced,50.4,Medium
P000181,75+,Woman,2,English,False,Musculoskeletal and chronic pain,Painful condition,1,,1-2,emotional_support,Offering,40.4,High
P000182,60-74,Woman,4,English,True,Cardiovascular,Stroke and TIA,5,Anxiety or depression;Painful condition;Diabetes mellitus;Chronic kidney disease,<1,shared_activity,Offering,56.4,High
P000183,60-74,Man,3,English,True,Mental health,Anxiety or depression,1,,11-20,self_management_info,Seeking,49.1,Medium
P000184,60-74,Woman,5,English,False,Cardiovascular,Atrial fibrillation,1,,1-2,self_management_info,Balanced,36.8,Medium
P000185,75+,Woman,2,English,True,Cardiovascular,Coronary heart disease,3,Anxiety or depression;Connective tissue disorder,6-10,social_connection,Seeking,72.6,Low
P000186,60-74,Non-binary or self-describe,2,English,False,Mental health,Anxiety or depression,1,,6-10,social_connection,Offering,49.9,Low
P000187,18-29,Man,1,English,False,Mental health,Anxiety or depression,3,Diabetes mellitus;Painful condition,3-5,accountability,Offering,62.5,Medium
P000188,75+,Woman,2,Other,False,Mental health,Anxiety or depression,4,Painful condition;Coronary heart disease;Stroke and TIA,6-10,emotional_support,Balanced,50.9,Medium
P000189,75+,Woman,3,English,True,Musculoskeletal and chronic pain,Connective tissue disorder,2,Painful condition,20+,shared_activity,Offering,61.8,Low
P000190,60-74,Woman,4,English,False,Mental health,Anxiety or depression,2,Chronic kidney disease,6-10,social_connection,Balanced,55.2,Medium
P000191,75+,Woman,3,English,False,Metabolic and endocrine,Diabetes mellitus,5,Painful condition;Anxiety or depression;Chronic kidney disease;Cancer,3-5,accountability,Balanced,64.4,Medium
P000192,45-59,Man,3,English,False,Metabolic and endocrine,Diabetes mellitus,2,Anxiety or depression,11-20,shared_activity,Seeking,27.8,Medium
P000193,60-74,Woman,1,English,False,Mental health,Anxiety or depression,3,Connective tissue disorder;Painful condition,3-5,accountability,Offering,46.5,Low
P000194,45-59,Man,2,English,False,Mental health,Anxiety or depression,6,Chronic kidney disease;Cancer;Stroke and TIA;Connective tissue disorder;Coronary heart disease,3-5,shared_activity,Balanced,56.1,Medium
P000195,75+,Man,2,English,False,Musculoskeletal and chronic pain,Painful condition,2,Cancer,1-2,emotional_support,Seeking,38.7,High
P000196,60-74,Man,3,English,False,Respiratory,COPD,1,,3-5,emotional_support,Balanced,43.2,High
P000197,45-59,Man,1,English,False,Respiratory,COPD,1,,1-2,self_management_info,Seeking,62.7,Medium
P000198,60-74,Woman,2,English,False,Cardiovascular,Atrial fibrillation,4,Anxiety or depression;Coronary heart disease;Diabetes mellitus,11-20,accountability,Seeking,48.3,High
P000199,75+,Man,5,English,False,Cardiovascular,Heart failure,6,Anxiety or depression;Diabetes mellitus;Chronic kidney disease;Painful condition;Cancer,<1,accountability,Offering,49.8,Low
P000200,45-59,Man,3,English,True,Musculoskeletal and chronic pain,Painful condition,2,Anxiety or depression,1-2,social_connection,Balanced,41.5,Medium
P000201,45-59,Man,3,English,False,Musculoskeletal and chronic pain,Connective tissue disorder,1,,6-10,social_connection,Seeking,39.6,Medium
P000202,75+,Woman,4,English,True,Musculoskeletal and chronic pain,Painful condition,2,Diabetes mellitus,<1,emotional_support,Offering,52.4,Medium
P000203,18-29,Man,1,English,False,Musculoskeletal and chronic pain,Connective tissue disorder,1,,1-2,social_connection,Seeking,30.8,High
P000204,60-74,Woman,2,English,False,Mental health,Anxiety or depression,3,Connective tissue disorder;Painful condition,6-10,social_connection,Seeking,55.1,Medium
P000205,75+,Woman,2,English,True,Metabolic and endocrine,Diabetes mellitus,3,Coronary heart disease;Anxiety or depression,3-5,self_management_info,Balanced,70.3,High
P000206,75+,Man,3,English,False,Mental health,Anxiety or depression,3,Diabetes mellitus;Coronary heart disease,3-5,emotional_support,Balanced,38.4,Medium
P000207,18-29,Man,4,English,True,Mental health,Anxiety or depression,2,Diabetes mellitus,3-5,social_connection,Seeking,33.9,Low
P000208,60-74,Woman,3,English,True,Cardiovascular,Heart failure,1,,<1,emotional_support,Offering,31.4,Medium
P000209,75+,Woman,3,Other,True,Mental health,Anxiety or depression,3,Chronic kidney disease;Stroke and TIA,20+,self_management_info,Balanced,58.8,High
P000210,75+,Man,4,English,False,Cardiovascular,Stroke and TIA,3,Anxiety or depression;Painful condition,<1,accountability,Offering,46.3,Low
P000211,60-74,Woman,4,English,False,Musculoskeletal and chronic pain,Painful condition,2,Anxiety or depression,1-2,social_connection,Offering,24.1,Medium
P000212,45-59,Woman,5,English,False,Cardiovascular,Atrial fibrillation,5,Anxiety or depression;Cancer;Chronic kidney disease;Stroke and TIA,11-20,emotional_support,Offering,39.8,Medium
P000213,30-44,Woman,2,English,False,Cancer experience,Cancer,1,,<1,social_connection,Seeking,52.6,Medium
P000214,45-59,Man,5,English,False,Mental health,Anxiety or depression,6,Connective tissue disorder;Painful condition;Chronic kidney disease;Diabetes mellitus;Stroke and TIA,<1,social_connection,Seeking,59.6,Low
P000215,60-74,Woman,1,English,False,Metabolic and endocrine,Diabetes mellitus,1,,6-10,social_connection,Balanced,39.5,Medium
P000216,75+,Woman,4,English,True,Cardiovascular,Coronary heart disease,1,,11-20,social_connection,Seeking,46.2,Low
P000217,45-59,Man,5,English,False,Renal,Chronic kidney disease,4,Atrial fibrillation;Anxiety or depression;Diabetes mellitus,11-20,self_management_info,Balanced,46.6,Medium
P000218,45-59,Man,1,English,False,Metabolic and endocrine,Diabetes mellitus,2,Cancer,11-20,social_connection,Seeking,49.0,Low
P000219,45-59,Man,4,English,False,Cancer experience,Cancer,1,,3-5,social_connection,Offering,39.1,Low
P000220,30-44,Man,1,English,False,Cardiovascular,Atrial fibrillation,1,,1-2,self_management_info,Balanced,63.3,Medium
P000221,75+,Woman,4,English,True,Mental health,Anxiety or depression,4,Coronary heart disease;Cancer;Connective tissue disorder,11-20,shared_activity,Offering,33.8,Medium
P000222,60-74,Woman,2,English,False,Musculoskeletal and chronic pain,Painful condition,1,,1-2,emotional_support,Balanced,48.3,Medium
P000223,75+,Man,2,English,False,Cardiovascular,Coronary heart disease,2,Anxiety or depression,1-2,emotional_support,Offering,38.6,Low
P000224,75+,Man,1,English,False,Metabolic and endocrine,Diabetes mellitus,6,Anxiety or depression;Coronary heart disease;Painful condition;Stroke and TIA;Atrial fibrillation,1-2,self_management_info,Balanced,50.2,Low
P000225,60-74,Woman,4,English,False,Cardiovascular,Heart failure,6,Atrial fibrillation;Anxiety or depression;Chronic kidney disease;Diabetes mellitus;Coronary heart disease,20+,emotional_support,Offering,36.8,Medium
P000226,60-74,Man,2,English,False,Cardiovascular,Atrial fibrillation,2,Anxiety or depression,<1,emotional_support,Offering,35.4,Medium
P000227,75+,Woman,1,English,False,Cardiovascular,Atrial fibrillation,2,Stroke and TIA,6-10,shared_activity,Balanced,55.4,Medium
P000228,60-74,Woman,1,English,True,Metabolic and endocrine,Diabetes mellitus,6,Anxiety or depression;Heart failure;Stroke and TIA;Chronic kidney disease;Coronary heart disease,1-2,emotional_support,Seeking,53.0,Medium
P000229,60-74,Woman,5,English,True,Musculoskeletal and chronic pain,Painful condition,6,Anxiety or depression;Coronary heart disease;Diabetes mellitus;Connective tissue disorder;Chronic kidney disease,6-10,emotional_support,Balanced,54.2,Medium
P000230,45-59,Woman,5,English,False,Cardiovascular,Stroke and TIA,1,,11-20,social_connection,Seeking,31.9,Medium
P000231,60-74,Woman,2,English,True,Renal,Chronic kidney disease,2,Anxiety or depression,3-5,self_management_info,Offering,46.8,Medium
P000232,45-59,Woman,5,English,False,Mental health,Anxiety or depression,1,,20+,social_connection,Seeking,41.8,Medium
P000233,75+,Woman,3,English,False,Musculoskeletal and chronic pain,Painful condition,2,Heart failure,3-5,self_management_info,Seeking,45.4,Low
P000234,75+,Woman,5,English,False,Musculoskeletal and chronic pain,Painful condition,1,,11-20,social_connection,Balanced,42.3,Medium
P000235,60-74,Woman,5,English,True,Musculoskeletal and chronic pain,Painful condition,3,Anxiety or depression;Stroke and TIA,3-5,self_management_info,Balanced,71.3,Medium
P000236,60-74,Man,2,English,False,Metabolic and endocrine,Diabetes mellitus,6,Anxiety or depression;Cancer;Coronary heart disease;Heart failure;Stroke and TIA,6-10,emotional_support,Offering,62.5,High
P000237,60-74,Woman,4,English,False,Metabolic and endocrine,Diabetes mellitus,2,Coronary heart disease,3-5,accountability,Offering,51.2,Medium
P000238,45-59,Man,5,English,False,Metabolic and endocrine,Diabetes mellitus,2,Anxiety or depression,3-5,social_connection,Offering,43.8,Medium
P000239,45-59,Man,3,English,True,Musculoskeletal and chronic pain,Painful condition,1,,11-20,social_connection,Balanced,44.2,Medium
P000240,30-44,Woman,1,English,False,Mental health,Anxiety or depression,1,,11-20,social_connection,Seeking,57.1,Medium
P000241,60-74,Woman,2,English,False,Mental health,Anxiety or depression,2,Chronic kidney disease,<1,shared_activity,Seeking,42.6,Medium
P000242,18-29,Man,3,Other,False,Musculoskeletal and chronic pain,Connective tissue disorder,1,,3-5,emotional_support,Balanced,36.9,Medium
P000243,60-74,Woman,3,English,False,Cardiovascular,Coronary heart disease,1,,11-20,shared_activity,Seeking,38.9,Low
P000244,60-74,Woman,3,English,False,Musculoskeletal and chronic pain,Painful condition,1,,6-10,emotional_support,Balanced,38.0,Low
P000245,30-44,Woman,5,English,False,Musculoskeletal and chronic pain,Painful condition,3,Stroke and TIA;Anxiety or depression,20+,self_management_info,Balanced,44.8,Medium
P000246,60-74,Woman,5,Romanian,False,Cancer experience,Cancer,3,Anxiety or depression;Stroke and TIA,6-10,self_management_info,Seeking,20.4,Low
P000247,45-59,Woman,5,English,False,Respiratory,COPD,1,,11-20,accountability,Seeking,23.2,High
P000248,60-74,Woman,1,Other,False,Renal,Chronic kidney disease,1,,<1,accountability,Balanced,46.3,High
P000249,45-59,Man,1,English,False,Cancer experience,Cancer,2,Anxiety or depression,3-5,social_connection,Balanced,46.9,Medium
P000250,75+,Man,1,English,True,Mental health,Anxiety or depression,5,Painful condition;Stroke and TIA;Diabetes mellitus;Coronary heart disease,20+,social_connection,Seeking,51.9,High
P000251,75+,Woman,5,English,True,Musculoskeletal and chronic pain,Painful condition,2,Anxiety or depression,6-10,social_connection,Offering,51.8,Medium
P000252,75+,Man,1,Other,False,Mental health,Anxiety or depression,1,,1-2,social_connection,Balanced,66.3,Medium
P000253,30-44,Woman,5,English,False,Musculoskeletal and chronic pain,Connective tissue disorder,2,Anxiety or depression,<1,emotional_support,Balanced,59.9,Low
P000254,75+,Woman,4,English,True,Mental health,Anxiety or depression,1,,20+,emotional_support,Seeking,50.9,Medium
P000255,75+,Woman,3,English,False,Mental health,Anxiety or depression,2,Diabetes mellitus,11-20,social_connection,Offering,42.3,Medium
P000256,60-74,Woman,1,English,False,Musculoskeletal and chronic pain,Connective tissue disorder,1,,3-5,accountability,Seeking,44.6,High
P000257,45-59,Woman,5,English,False,Metabolic and endocrine,Diabetes mellitus,1,,11-20,emotional_support,Balanced,35.6,High
P000258,60-74,Man,5,English,False,Metabolic and endocrine,Diabetes mellitus,1,,11-20,self_management_info,Offering,31.7,Low
P000259,75+,Man,5,English,False,Cardiovascular,Stroke and TIA,2,Anxiety or depression,1-2,shared_activity,Seeking,24.6,Low
P000260,45-59,Woman,2,English,False,Mental health,Anxiety or depression,1,,11-20,self_management_info,Seeking,31.1,Medium
P000261,60-74,Woman,4,English,False,Mental health,Anxiety or depression,1,,20+,social_connection,Balanced,56.1,Low
P000262,75+,Man,4,English,True,Metabolic and endocrine,Diabetes mellitus,1,,11-20,social_connection,Seeking,51.8,Low
P000263,45-59,Woman,3,English,False,Musculoskeletal and chronic pain,Connective tissue disorder,2,Anxiety or depression,1-2,self_management_info,Seeking,52.3,Medium
P000264,30-44,Woman,4,English,False,Renal,Chronic kidney disease,1,,11-20,emotional_support,Balanced,40.8,Low
P000265,45-59,Man,5,English,False,Musculoskeletal and chronic pain,Painful condition,2,Connective tissue disorder,1-2,social_connection,Seeking,65.4,Low
P000266,45-59,Woman,4,English,True,Mental health,Anxiety or depression,6,Diabetes mellitus;Coronary heart disease;Painful condition;Chronic kidney disease;COPD,1-2,emotional_support,Seeking,59.8,Medium
P000267,45-59,Man,3,English,True,Musculoskeletal and chronic pain,Painful condition,2,Anxiety or depression,11-20,shared_activity,Balanced,51.0,High
P000268,75+,Man,2,English,False,Mental health,Anxiety or depression,3,Chronic kidney disease;Diabetes mellitus,11-20,accountability,Offering,66.1,Low
P000269,75+,Man,4,English,False,Cancer experience,Cancer,2,Anxiety or depression,11-20,accountability,Balanced,48.7,Low
P000270,75+,Woman,1,English,True,Metabolic and endocrine,Diabetes mellitus,1,,1-2,emotional_support,Balanced,53.1,Medium
P000271,60-74,Woman,1,English,True,Cardiovascular,Atrial fibrillation,1,,20+,self_management_info,Seeking,59.1,Low
P000272,75+,Woman,2,English,False,Cancer experience,Cancer,1,,11-20,accountability,Balanced,58.0,Medium
P000273,30-44,Man,2,Other,True,Renal,Chronic kidney disease,1,,1-2,social_connection,Offering,50.0,High
P000274,45-59,Man,1,English,True,Musculoskeletal and chronic pain,Painful condition,3,Anxiety or depression;Diabetes mellitus,1-2,emotional_support,Seeking,65.7,Medium
P000275,18-29,Woman,2,English,False,Musculoskeletal and chronic pain,Painful condition,1,,3-5,emotional_support,Balanced,50.8,Low
P000276,45-59,Woman,1,English,False,Musculoskeletal and chronic pain,Painful condition,1,,6-10,emotional_support,Balanced,42.3,Medium
P000277,45-59,Man,2,English,False,Mental health,Anxiety or depression,1,,3-5,self_management_info,Balanced,41.7,Medium
P000278,75+,Woman,2,English,False,Mental health,Anxiety or depression,6,Painful condition;Atrial fibrillation;Diabetes mellitus;Heart failure;Stroke and TIA,3-5,social_connection,Seeking,66.3,High
P000279,60-74,Woman,4,English,True,Respiratory,COPD,1,,20+,self_management_info,Balanced,27.1,Medium
P000280,60-74,Woman,5,English,True,Mental health,Anxiety or depression,1,,<1,shared_activity,Seeking,59.5,Medium
P000281,75+,Man,2,English,False,Musculoskeletal and chronic pain,Connective tissue disorder,6,Painful condition;Anxiety or depression;Diabetes mellitus;Cancer;Heart failure,3-5,emotional_support,Seeking,54.0,Low
P000282,60-74,Man,1,English,False,Mental health,Anxiety or depression,1,,11-20,social_connection,Balanced,46.4,High
P000283,45-59,Woman,2,English,False,Mental health,Anxiety or depression,1,,1-2,shared_activity,Seeking,36.8,High
P000284,60-74,Man,4,English,False,Mental health,Anxiety or depression,3,Coronary heart disease;Painful condition,1-2,self_management_info,Balanced,53.7,Medium
P000285,30-44,Woman,5,English,False,Metabolic and endocrine,Diabetes mellitus,5,Stroke and TIA;Painful condition;Anxiety or depression;Cancer,20+,accountability,Seeking,37.1,Medium
P000286,75+,Woman,1,English,True,Respiratory,COPD,2,Stroke and TIA,3-5,emotional_support,Balanced,42.5,Low
P000287,30-44,Man,2,English,True,Cardiovascular,Stroke and TIA,2,Anxiety or depression,6-10,emotional_support,Balanced,38.9,Medium
P000288,45-59,Woman,3,English,False,Cancer experience,Cancer,1,,3-5,emotional_support,Seeking,39.7,Low
P000289,30-44,Woman,2,English,False,Respiratory,COPD,1,,20+,emotional_support,Balanced,22.1,Low
P000290,30-44,Woman,2,English,False,Cardiovascular,Coronary heart disease,1,,6-10,social_connection,Seeking,52.4,Medium
P000291,60-74,Woman,4,English,False,Musculoskeletal and chronic pain,Painful condition,1,,20+,social_connection,Balanced,44.7,Medium
P000292,60-74,Woman,4,English,True,Musculoskeletal and chronic pain,Connective tissue disorder,2,Anxiety or depression,11-20,self_management_info,Balanced,41.2,Low
P000293,60-74,Woman,4,English,True,Renal,Chronic kidney disease,4,Anxiety or depression;Painful condition;Stroke and TIA,20+,self_management_info,Offering,43.1,High
P000294,30-44,Man,2,English,False,Renal,Chronic kidney disease,1,,1-2,self_management_info,Balanced,52.3,Medium
P000295,18-29,Woman,1,English,False,Mental health,Anxiety or depression,3,Diabetes mellitus;Painful condition,1-2,social_connection,Offering,45.1,Medium
P000296,30-44,Woman,3,English,False,Respiratory,COPD,2,Anxiety or depression,6-10,social_connection,Offering,49.2,Medium
P000297,60-74,Woman,1,English,True,Musculoskeletal and chronic pain,Painful condition,1,,20+,social_connection,Seeking,49.8,High
P000298,60-74,Man,2,English,False,Renal,Chronic kidney disease,3,Anxiety or depression;Painful condition,3-5,shared_activity,Seeking,55.4,Medium
P000299,75+,Man,2,English,False,Mental health,Anxiety or depression,3,Coronary heart disease;Painful condition,20+,accountability,Balanced,43.8,Medium
P000300,18-29,Woman,3,English,True,Mental health,Anxiety or depression,1,,3-5,emotional_support,Balanced,55.1,Medium
P000301,60-74,Woman,3,English,True,Mental health,Anxiety or depression,2,Diabetes mellitus,20+,self_management_info,Balanced,48.3,Low
P000302,45-59,Man,4,Other,False,Metabolic and endocrine,Diabetes mellitus,1,,11-20,social_connection,Balanced,40.8,High
P000303,75+,Man,3,English,False,Musculoskeletal and chronic pain,Painful condition,6,Diabetes mellitus;Anxiety or depression;Atrial fibrillation;Chronic kidney disease;Connective tissue disorder,20+,self_management_info,Balanced,56.2,Low
P000304,45-59,Woman,4,English,True,Musculoskeletal and chronic pain,Painful condition,1,,11-20,emotional_support,Seeking,51.5,Medium
P000305,60-74,Woman,2,English,True,Musculoskeletal and chronic pain,Painful condition,2,Heart failure,20+,social_connection,Seeking,63.1,Low
P000306,30-44,Woman,3,English,False,Metabolic and endocrine,Diabetes mellitus,1,,20+,emotional_support,Balanced,31.9,High
P000307,45-59,Woman,5,English,False,Musculoskeletal and chronic pain,Painful condition,1,,11-20,self_management_info,Balanced,36.8,Medium
P000308,75+,Woman,5,English,True,Mental health,Anxiety or depression,2,Chronic kidney disease,<1,emotional_support,Balanced,51.8,High
P000309,75+,Man,1,English,False,Mental health,Anxiety or depression,3,Connective tissue disorder;Painful condition,20+,self_management_info,Offering,46.9,High
P000310,18-29,Woman,5,English,False,Musculoskeletal and chronic pain,Painful condition,2,Anxiety or depression,11-20,emotional_support,Offering,61.7,Low
P000311,60-74,Woman,5,English,True,Musculoskeletal and chronic pain,Painful condition,1,,3-5,self_management_info,Balanced,35.9,Medium
P000312,60-74,Man,1,English,True,Respiratory,COPD,3,Chronic kidney disease;Anxiety or depression,6-10,accountability,Seeking,58.5,High
P000313,60-74,Man,5,English,False,Mental health,Anxiety or depression,5,Painful condition;Coronary heart disease;Stroke and TIA;Atrial fibrillation,11-20,accountability,Offering,55.0,Low
P000314,30-44,Woman,1,English,True,Musculoskeletal and chronic pain,Painful condition,3,Diabetes mellitus;Anxiety or depression,1-2,accountability,Offering,57.7,High
P000315,60-74,Man,5,English,True,Cardiovascular,Coronary heart disease,1,,20+,social_connection,Offering,26.6,Medium
P000316,60-74,Woman,4,English,False,Cardiovascular,Stroke and TIA,1,,3-5,social_connection,Seeking,43.4,Medium
P000317,30-44,Woman,3,English,False,Metabolic and endocrine,Diabetes mellitus,4,Painful condition;Coronary heart disease;Anxiety or depression,1-2,emotional_support,Balanced,57.5,High
P000318,45-59,Woman,5,English,False,Mental health,Anxiety or depression,1,,6-10,self_management_info,Balanced,38.7,Low
P000319,30-44,Man,4,English,False,Mental health,Anxiety or depression,2,Painful condition,20+,self_management_info,Offering,63.4,Low
P000320,30-44,Man,2,English,False,Cardiovascular,Coronary heart disease,1,,<1,social_connection,Seeking,35.0,Low
P000321,45-59,Man,1,English,False,Cardiovascular,Coronary heart disease,2,Anxiety or depression,20+,accountability,Seeking,37.6,Medium
P000322,75+,Woman,2,English,True,Renal,Chronic kidney disease,5,Diabetes mellitus;Anxiety or depression;Painful condition;Coronary heart disease,20+,shared_activity,Balanced,58.5,Medium
P000323,45-59,Woman,2,English,True,Mental health,Anxiety or depression,1,,3-5,self_management_info,Offering,53.9,Low
P000324,30-44,Man,5,English,False,Cardiovascular,Coronary heart disease,3,Anxiety or depression;Painful condition,1-2,accountability,Offering,41.7,Medium
P000325,75+,Woman,5,English,True,Cardiovascular,Stroke and TIA,1,,1-2,social_connection,Balanced,27.7,High
P000326,30-44,Woman,1,English,False,Musculoskeletal and chronic pain,Painful condition,1,,<1,self_management_info,Balanced,46.5,Medium
P000327,45-59,Woman,2,English,False,Mental health,Anxiety or depression,3,Chronic kidney disease;Heart failure,<1,self_management_info,Balanced,47.9,Medium
P000328,45-59,Woman,3,English,False,Mental health,Anxiety or depression,1,,11-20,social_connection,Seeking,43.7,Medium
P000329,45-59,Man,3,English,False,Musculoskeletal and chronic pain,Connective tissue disorder,4,Diabetes mellitus;Anxiety or depression;Stroke and TIA,<1,shared_activity,Balanced,52.8,Medium
P000330,75+,Woman,1,English,True,Musculoskeletal and chronic pain,Painful condition,2,Diabetes mellitus,11-20,accountability,Balanced,61.4,Low
P000331,75+,Woman,4,English,False,Musculoskeletal and chronic pain,Painful condition,4,Coronary heart disease;Anxiety or depression;Diabetes mellitus,20+,emotional_support,Seeking,50.5,High
P000332,75+,Woman,5,English,False,Musculoskeletal and chronic pain,Connective tissue disorder,1,,20+,social_connection,Balanced,42.3,Medium
P000333,60-74,Man,3,English,False,Cardiovascular,Atrial fibrillation,1,,1-2,shared_activity,Balanced,32.3,Low
P000334,45-59,Man,2,Other,False,Metabolic and endocrine,Diabetes mellitus,1,,20+,emotional_support,Seeking,60.5,High
P000335,45-59,Man,5,English,False,Mental health,Anxiety or depression,2,COPD,6-10,emotional_support,Offering,37.6,Medium
P000336,30-44,Man,2,English,False,Mental health,Anxiety or depression,2,Diabetes mellitus,1-2,social_connection,Seeking,56.1,Medium
P000337,45-59,Woman,5,English,True,Cardiovascular,Coronary heart disease,1,,1-2,shared_activity,Offering,46.7,Low
P000338,60-74,Man,3,English,True,Renal,Chronic kidney disease,5,Diabetes mellitus;Anxiety or depression;Connective tissue disorder;COPD,<1,social_connection,Balanced,45.4,High
P000339,75+,Woman,5,English,True,Musculoskeletal and chronic pain,Painful condition,2,Atrial fibrillation,<1,emotional_support,Seeking,37.5,High
P000340,18-29,Man,2,Other,False,Musculoskeletal and chronic pain,Painful condition,3,Anxiety or depression;Diabetes mellitus,6-10,shared_activity,Seeking,51.0,Medium
P000341,60-74,Man,4,English,False,Respiratory,COPD,2,Atrial fibrillation,1-2,emotional_support,Balanced,50.1,Low
P000342,60-74,Man,3,English,False,Cardiovascular,Stroke and TIA,3,Anxiety or depression;Diabetes mellitus,6-10,emotional_support,Seeking,48.0,High
P000343,60-74,Woman,3,English,False,Renal,Chronic kidney disease,2,Anxiety or depression,11-20,emotional_support,Seeking,53.0,Medium
P000344,45-59,Man,2,English,True,Musculoskeletal and chronic pain,Connective tissue disorder,3,Atrial fibrillation;COPD,6-10,self_management_info,Balanced,50.8,High
P000345,45-59,Man,2,English,False,Renal,Chronic kidney disease,3,Anxiety or depression;Atrial fibrillation,6-10,social_connection,Seeking,45.0,Medium
P000346,45-59,Woman,1,English,True,Metabolic and endocrine,Diabetes mellitus,2,Anxiety or depression,1-2,shared_activity,Offering,63.5,Medium
P000347,75+,Woman,3,English,True,Cardiovascular,Coronary heart disease,3,Anxiety or depression;Chronic kidney disease,1-2,emotional_support,Seeking,69.1,Medium
P000348,75+,Woman,1,English,False,Musculoskeletal and chronic pain,Painful condition,1,,3-5,social_connection,Balanced,49.7,Medium
P000349,60-74,Woman,2,Other,False,Mental health,Anxiety or depression,2,Painful condition,6-10,accountability,Seeking,52.8,Medium
P000350,45-59,Woman,5,English,False,Mental health,Anxiety or depression,1,,1-2,social_connection,Balanced,34.4,Medium
P000351,30-44,Woman,1,English,False,Mental health,Anxiety or depression,1,,1-2,self_management_info,Seeking,50.2,Medium
P000352,60-74,Woman,4,English,False,Cardiovascular,Stroke and TIA,1,,<1,shared_activity,Balanced,37.3,Medium
P000353,45-59,Woman,4,English,False,Musculoskeletal and chronic pain,Painful condition,1,,<1,self_management_info,Seeking,42.5,Medium
P000354,60-74,Woman,3,English,False,Musculoskeletal and chronic pain,Painful condition,2,Anxiety or depression,3-5,emotional_support,Balanced,48.2,Medium
P000355,75+,Man,4,English,False,Metabolic and endocrine,Diabetes mellitus,6,Anxiety or depression;Heart failure;COPD;Chronic kidney disease;Painful condition,3-5,self_management_info,Seeking,36.9,High
P000356,60-74,Man,3,English,True,Mental health,Anxiety or depression,3,Chronic kidney disease;Diabetes mellitus,11-20,accountability,Balanced,48.7,High
P000357,45-59,Woman,1,English,False,Metabolic and endocrine,Diabetes mellitus,2,Anxiety or depression,11-20,self_management_info,Balanced,45.6,Medium
P000358,45-59,Man,4,English,False,Cardiovascular,Atrial fibrillation,1,,20+,emotional_support,Balanced,34.1,High
P000359,75+,Man,1,English,False,Musculoskeletal and chronic pain,Painful condition,2,Diabetes mellitus,20+,emotional_support,Seeking,29.4,High
P000360,45-59,Man,2,English,False,Cardiovascular,Coronary heart disease,2,Anxiety or depression,1-2,emotional_support,Balanced,43.8,Medium
P000361,45-59,Man,1,English,False,Musculoskeletal and chronic pain,Painful condition,2,Chronic kidney disease,20+,emotional_support,Seeking,54.6,Low
P000362,45-59,Man,3,Romanian,True,Musculoskeletal and chronic pain,Painful condition,5,Anxiety or depression;Diabetes mellitus;Atrial fibrillation;COPD,1-2,social_connection,Balanced,55.2,Low
P000363,60-74,Man,1,English,False,Mental health,Anxiety or depression,2,Stroke and TIA,11-20,emotional_support,Seeking,55.6,Medium
P000364,60-74,Woman,3,English,False,Musculoskeletal and chronic pain,Painful condition,1,,6-10,self_management_info,Seeking,36.9,Medium
P000365,18-29,Man,5,English,False,Mental health,Anxiety or depression,1,,11-20,emotional_support,Offering,47.7,High
P000366,30-44,Woman,3,English,False,Cardiovascular,Atrial fibrillation,5,Chronic kidney disease;Anxiety or depression;Coronary heart disease;Painful condition,1-2,social_connection,Balanced,59.0,Medium
P000367,30-44,Woman,2,English,False,Mental health,Anxiety or depression,1,,6-10,self_management_info,Seeking,52.9,Medium
P000368,45-59,Woman,5,Other,False,Cardiovascular,Stroke and TIA,1,,3-5,accountability,Seeking,44.3,Medium
P000369,30-44,Man,3,English,False,Renal,Chronic kidney disease,1,,1-2,self_management_info,Balanced,51.9,Medium
P000370,75+,Man,1,English,False,Mental health,Anxiety or depression,1,,1-2,emotional_support,Balanced,32.6,High
P000371,30-44,Woman,4,English,False,Musculoskeletal and chronic pain,Painful condition,3,Chronic kidney disease;Diabetes mellitus,20+,social_connection,Balanced,45.5,Low
P000372,60-74,Woman,1,English,False,Metabolic and endocrine,Diabetes mellitus,3,Connective tissue disorder;Chronic kidney disease,1-2,emotional_support,Seeking,68.7,Medium
P000373,30-44,Woman,3,English,False,Mental health,Anxiety or depression,1,,1-2,shared_activity,Seeking,37.7,High
P000374,60-74,Man,4,English,True,Cardiovascular,Coronary heart disease,2,Heart failure,1-2,social_connection,Balanced,32.0,Medium
P000375,75+,Woman,2,English,False,Respiratory,COPD,1,,11-20,emotional_support,Seeking,44.5,Medium
P000376,75+,Woman,4,English,True,Mental health,Anxiety or depression,3,Painful condition;Diabetes mellitus,<1,social_connection,Seeking,48.8,High
P000377,60-74,Man,1,English,False,Cardiovascular,Stroke and TIA,1,,11-20,shared_activity,Offering,59.4,Medium
P000378,75+,Man,5,English,True,Cardiovascular,Coronary heart disease,2,Atrial fibrillation,20+,emotional_support,Seeking,32.1,Medium
P000379,75+,Man,2,English,True,Metabolic and endocrine,Diabetes mellitus,2,Heart failure,<1,social_connection,Seeking,69.1,Low
P000380,60-74,Woman,1,English,True,Renal,Chronic kidney disease,1,,3-5,self_management_info,Balanced,61.0,Medium
P000381,30-44,Woman,1,English,False,Metabolic and endocrine,Diabetes mellitus,2,Anxiety or depression,6-10,social_connection,Seeking,54.3,Low
P000382,60-74,Woman,2,English,False,Mental health,Anxiety or depression,1,,3-5,self_management_info,Seeking,38.7,Medium
P000383,30-44,Man,2,English,True,Renal,Chronic kidney disease,5,Anxiety or depression;Painful condition;Connective tissue disorder;Atrial fibrillation,11-20,social_connection,Balanced,54.0,Low
P000384,75+,Woman,5,English,True,Mental health,Anxiety or depression,4,Diabetes mellitus;Painful condition;Atrial fibrillation,20+,social_connection,Balanced,41.9,Medium
P000385,45-59,Woman,5,English,False,Musculoskeletal and chronic pain,Painful condition,1,,3-5,emotional_support,Balanced,41.9,High
P000386,45-59,Woman,2,English,False,Respiratory,COPD,1,,3-5,emotional_support,Offering,58.6,Medium
P000387,30-44,Man,3,English,True,Mental health,Anxiety or depression,2,Chronic kidney disease,3-5,self_management_info,Balanced,40.5,Medium
P000388,30-44,Woman,2,English,False,Metabolic and endocrine,Diabetes mellitus,1,,3-5,emotional_support,Offering,50.5,Medium
P000389,30-44,Man,4,English,False,Musculoskeletal and chronic pain,Painful condition,6,Anxiety or depression;Diabetes mellitus;Chronic kidney disease;COPD;Coronary heart disease,<1,shared_activity,Offering,45.5,High
P000390,75+,Man,1,English,False,Musculoskeletal and chronic pain,Painful condition,3,Anxiety or depression;Connective tissue disorder,1-2,accountability,Seeking,56.9,Medium
P000391,45-59,Woman,2,English,True,Renal,Chronic kidney disease,3,Anxiety or depression;Cancer,3-5,self_management_info,Balanced,66.6,Medium
P000392,60-74,Woman,3,English,False,Musculoskeletal and chronic pain,Painful condition,3,Anxiety or depression;Diabetes mellitus,1-2,accountability,Seeking,37.6,High
P000393,45-59,Man,4,English,True,Cardiovascular,Stroke and TIA,1,,3-5,self_management_info,Balanced,45.6,High
P000394,75+,Man,5,English,False,Mental health,Anxiety or depression,2,Painful condition,3-5,accountability,Seeking,30.2,High
P000395,75+,Woman,5,English,False,Musculoskeletal and chronic pain,Painful condition,1,,20+,self_management_info,Offering,31.5,Medium
P000396,60-74,Woman,1,English,True,Mental health,Anxiety or depression,1,,1-2,social_connection,Seeking,64.0,Low
P000397,30-44,Woman,3,English,True,Musculoskeletal and chronic pain,Painful condition,1,,<1,social_connection,Seeking,41.3,Medium
P000398,75+,Woman,5,English,True,Cancer experience,Cancer,3,Coronary heart disease;Anxiety or depression,3-5,shared_activity,Offering,44.0,High
P000399,45-59,Man,4,English,False,Musculoskeletal and chronic pain,Connective tissue disorder,2,COPD,20+,self_management_info,Seeking,36.3,Medium
P000400,60-74,Woman,3,English,False,Musculoskeletal and chronic pain,Painful condition,2,Anxiety or depression,<1,social_connection,Balanced,56.0,Medium
P000401,75+,Woman,4,English,True,Metabolic and endocrine,Diabetes mellitus,3,Anxiety or depression;Stroke and TIA,20+,self_management_info,Seeking,62.8,High
P000402,45-59,Man,5,English,False,Metabolic and endocrine,Diabetes mellitus,1,,6-10,self_management_info,Seeking,43.1,High
P000403,60-74,Man,3,English,False,Musculoskeletal and chronic pain,Painful condition,1,,11-20,self_management_info,Seeking,51.4,Low
P000404,45-59,Man,2,English,False,Cardiovascular,Stroke and TIA,1,,20+,self_management_info,Seeking,33.6,Low
P000405,45-59,Man,5,English,False,Cardiovascular,Stroke and TIA,1,,<1,social_connection,Offering,37.5,Medium
P000406,75+,Man,2,English,False,Musculoskeletal and chronic pain,Painful condition,2,Anxiety or depression,20+,social_connection,Seeking,59.7,Medium
P000407,60-74,Man,5,English,True,Renal,Chronic kidney disease,3,Anxiety or depression;Diabetes mellitus,6-10,emotional_support,Offering,53.7,High
P000408,60-74,Woman,3,English,False,Metabolic and endocrine,Diabetes mellitus,4,Anxiety or depression;Atrial fibrillation;Connective tissue disorder,6-10,emotional_support,Balanced,47.0,Medium
P000409,60-74,Woman,3,English,False,Cardiovascular,Coronary heart disease,1,,1-2,self_management_info,Seeking,20.0,Medium
P000410,30-44,Man,3,English,True,Mental health,Anxiety or depression,1,,11-20,accountability,Seeking,61.0,Medium
P000411,60-74,Woman,2,English,True,Mental health,Anxiety or depression,1,,6-10,self_management_info,Seeking,42.4,Low
P000412,75+,Woman,4,English,True,Metabolic and endocrine,Diabetes mellitus,2,Anxiety or depression,1-2,shared_activity,Balanced,39.6,High
P000413,75+,Woman,4,English,False,Cardiovascular,Atrial fibrillation,1,,6-10,accountability,Seeking,49.9,High
P000414,45-59,Man,5,English,True,Renal,Chronic kidney disease,4,Anxiety or depression;Diabetes mellitus;Connective tissue disorder,11-20,self_management_info,Seeking,38.3,High
P000415,30-44,Man,3,English,True,Mental health,Anxiety or depression,1,,3-5,shared_activity,Offering,59.2,Low
P000416,75+,Man,2,English,True,Cancer experience,Cancer,5,Diabetes mellitus;Anxiety or depression;Atrial fibrillation;Coronary heart disease,20+,accountability,Offering,69.8,Medium
P000417,75+,Woman,5,English,False,Renal,Chronic kidney disease,1,,<1,shared_activity,Balanced,41.8,Medium
P000418,45-59,Man,1,English,False,Cardiovascular,Coronary heart disease,1,,1-2,shared_activity,Offering,43.1,High
P000419,45-59,Man,4,English,True,Cardiovascular,Stroke and TIA,1,,3-5,emotional_support,Seeking,50.0,Low
P000420,60-74,Man,5,English,False,Respiratory,COPD,1,,11-20,accountability,Offering,42.5,Low
P000421,45-59,Woman,3,English,False,Cardiovascular,Coronary heart disease,1,,20+,shared_activity,Balanced,33.5,High
P000422,60-74,Man,5,English,False,Musculoskeletal and chronic pain,Painful condition,1,,<1,emotional_support,Balanced,39.7,Medium
P000423,75+,Man,5,English,True,Mental health,Anxiety or depression,4,Painful condition;Chronic kidney disease;Coronary heart disease,11-20,social_connection,Seeking,35.0,Medium
P000424,60-74,Man,2,English,False,Musculoskeletal and chronic pain,Connective tissue disorder,4,Anxiety or depression;Stroke and TIA;Painful condition,1-2,social_connection,Balanced,58.6,Medium
P000425,45-59,Man,2,English,True,Mental health,Anxiety or depression,1,,3-5,emotional_support,Seeking,52.8,Medium
P000426,60-74,Woman,1,Other,True,Cancer experience,Cancer,4,Painful condition;Coronary heart disease;Anxiety or depression,<1,accountability,Balanced,68.5,Medium
P000427,45-59,Man,5,English,False,Musculoskeletal and chronic pain,Painful condition,1,,1-2,accountability,Balanced,51.7,Low
P000428,60-74,Woman,3,English,True,Cardiovascular,Atrial fibrillation,3,Anxiety or depression;Diabetes mellitus,1-2,accountability,Offering,45.6,Medium
P000429,45-59,Woman,1,English,True,Mental health,Anxiety or depression,1,,6-10,accountability,Seeking,20.0,High
P000430,75+,Man,5,English,True,Mental health,Anxiety or depression,4,Chronic kidney disease;Painful condition;Stroke and TIA,<1,shared_activity,Seeking,52.7,Medium
P000431,45-59,Man,1,English,False,Metabolic and endocrine,Diabetes mellitus,1,,3-5,emotional_support,Balanced,37.9,Medium
P000432,30-44,Man,4,English,True,Metabolic and endocrine,Diabetes mellitus,1,,1-2,emotional_support,Seeking,38.2,Medium
P000433,45-59,Man,5,English,False,Cardiovascular,Stroke and TIA,1,,11-20,emotional_support,Seeking,27.9,Low
P000434,45-59,Man,5,English,False,Musculoskeletal and chronic pain,Painful condition,3,Anxiety or depression;Stroke and TIA,11-20,self_management_info,Seeking,24.1,Low
P000435,45-59,Man,2,English,False,Musculoskeletal and chronic pain,Painful condition,3,Anxiety or depression;Coronary heart disease,6-10,shared_activity,Offering,49.2,Low
P000436,45-59,Woman,1,English,False,Respiratory,COPD,1,,11-20,self_management_info,Seeking,57.1,Medium
P000437,60-74,Woman,4,English,False,Mental health,Anxiety or depression,1,,3-5,social_connection,Offering,52.1,High
P000438,60-74,Woman,3,English,True,Musculoskeletal and chronic pain,Connective tissue disorder,3,Anxiety or depression;Painful condition,11-20,accountability,Seeking,40.2,Medium
P000439,30-44,Woman,3,English,False,Cancer experience,Cancer,1,,20+,emotional_support,Offering,57.5,High
P000440,30-44,Woman,3,English,False,Cardiovascular,Stroke and TIA,1,,<1,shared_activity,Offering,47.8,High
P000441,45-59,Woman,5,English,True,Cancer experience,Cancer,1,,6-10,self_management_info,Seeking,41.6,Low
P000442,60-74,Woman,1,English,True,Cardiovascular,Stroke and TIA,2,Anxiety or depression,11-20,shared_activity,Balanced,52.6,Medium
P000443,45-59,Woman,3,English,False,Cardiovascular,Stroke and TIA,2,Chronic kidney disease,<1,emotional_support,Seeking,42.1,High
P000444,60-74,Woman,5,English,True,Cardiovascular,Coronary heart disease,3,Diabetes mellitus;Painful condition,3-5,emotional_support,Seeking,40.1,Medium
P000445,30-44,Man,1,English,False,Mental health,Anxiety or depression,2,Painful condition,<1,social_connection,Seeking,61.9,High
P000446,60-74,Man,2,English,False,Mental health,Anxiety or depression,2,Atrial fibrillation,20+,self_management_info,Balanced,46.5,Medium
P000447,75+,Woman,5,English,True,Respiratory,COPD,1,,<1,self_management_info,Seeking,51.0,Low
P000448,30-44,Woman,2,English,False,Renal,Chronic kidney disease,2,Diabetes mellitus,1-2,self_management_info,Seeking,63.1,Low
P000449,60-74,Man,4,English,False,Musculoskeletal and chronic pain,Painful condition,6,Anxiety or depression;Coronary heart disease;Diabetes mellitus;Cancer;Chronic kidney disease,6-10,self_management_info,Balanced,51.5,High
P000450,60-74,Woman,5,English,False,Mental health,Anxiety or depression,2,Diabetes mellitus,20+,accountability,Seeking,44.4,Medium
P000451,18-29,Man,2,English,False,Musculoskeletal and chronic pain,Painful condition,4,Anxiety or depression;Cancer;Diabetes mellitus,<1,social_connection,Seeking,44.7,Medium
P000452,30-44,Woman,5,English,False,Cardiovascular,Atrial fibrillation,1,,<1,social_connection,Seeking,32.8,Medium
P000453,75+,Woman,5,English,True,Cardiovascular,Stroke and TIA,2,Anxiety or depression,11-20,emotional_support,Balanced,33.2,Medium
P000454,60-74,Woman,3,English,False,Mental health,Anxiety or depression,3,Chronic kidney disease;COPD,11-20,emotional_support,Seeking,54.8,Low
P000455,60-74,Man,3,English,False,Musculoskeletal and chronic pain,Painful condition,2,Diabetes mellitus,<1,shared_activity,Offering,44.1,Medium
P000456,75+,Woman,3,English,False,Musculoskeletal and chronic pain,Painful condition,1,,<1,social_connection,Seeking,39.9,High
P000457,30-44,Man,3,English,False,Cardiovascular,Coronary heart disease,4,Atrial fibrillation;Anxiety or depression;Painful condition,<1,emotional_support,Balanced,54.4,Low
P000458,60-74,Woman,2,English,False,Mental health,Anxiety or depression,5,Painful condition;Cancer;Diabetes mellitus;Chronic kidney disease,11-20,shared_activity,Offering,54.1,High
P000459,75+,Man,4,English,True,Cardiovascular,Atrial fibrillation,1,,3-5,social_connection,Seeking,34.2,Medium
P000460,60-74,Man,1,English,True,Renal,Chronic kidney disease,1,,<1,social_connection,Balanced,69.1,Medium
P000461,60-74,Man,2,English,False,Cardiovascular,Stroke and TIA,1,,6-10,emotional_support,Offering,46.9,Medium
P000462,45-59,Woman,1,English,False,Mental health,Anxiety or depression,1,,3-5,self_management_info,Seeking,32.5,Medium
P000463,75+,Man,5,English,True,Musculoskeletal and chronic pain,Painful condition,6,Anxiety or depression;Diabetes mellitus;Stroke and TIA;Atrial fibrillation;Cancer,6-10,self_management_info,Seeking,54.6,Medium
P000464,30-44,Man,5,English,False,Musculoskeletal and chronic pain,Painful condition,1,,20+,emotional_support,Offering,40.1,Medium
P000465,45-59,Woman,2,English,False,Musculoskeletal and chronic pain,Connective tissue disorder,4,Anxiety or depression;Chronic kidney disease;Atrial fibrillation,<1,shared_activity,Seeking,52.1,Low
P000466,45-59,Woman,2,English,False,Musculoskeletal and chronic pain,Painful condition,3,Diabetes mellitus;COPD,<1,social_connection,Seeking,62.1,Medium
P000467,45-59,Man,4,English,True,Mental health,Anxiety or depression,1,,20+,social_connection,Seeking,34.4,Medium
P000468,75+,Man,1,English,False,Cardiovascular,Coronary heart disease,1,,<1,emotional_support,Seeking,46.2,Medium
P000469,45-59,Woman,2,English,False,Mental health,Anxiety or depression,1,,6-10,self_management_info,Offering,22.9,Medium
P000470,75+,Man,5,English,True,Mental health,Anxiety or depression,1,,11-20,accountability,Seeking,58.9,Medium
P000471,45-59,Man,5,English,False,Mental health,Anxiety or depression,1,,11-20,emotional_support,Balanced,35.6,Medium
P000472,60-74,Man,2,English,False,Mental health,Anxiety or depression,1,,6-10,shared_activity,Balanced,45.3,Low
P000473,60-74,Woman,2,English,False,Musculoskeletal and chronic pain,Painful condition,5,Chronic kidney disease;Anxiety or depression;Coronary heart disease;Cancer,1-2,social_connection,Offering,68.9,Low
P000474,18-29,Woman,2,English,False,Mental health,Anxiety or depression,1,,3-5,shared_activity,Balanced,50.7,Low
P000475,18-29,Man,3,English,False,Musculoskeletal and chronic pain,Painful condition,2,Anxiety or depression,3-5,accountability,Balanced,42.6,Low
P000476,75+,Woman,2,English,True,Metabolic and endocrine,Diabetes mellitus,1,,<1,social_connection,Seeking,67.6,Medium
P000477,60-74,Woman,1,English,True,Mental health,Anxiety or depression,3,Painful condition;Chronic kidney disease,1-2,shared_activity,Balanced,54.1,Medium
P000478,18-29,Man,1,English,False,Metabolic and endocrine,Diabetes mellitus,5,Anxiety or depression;Cancer;Painful condition;Connective tissue disorder,<1,shared_activity,Balanced,47.4,Medium
P000479,60-74,Man,4,English,False,Mental health,Anxiety or depression,3,Diabetes mellitus;Painful condition,3-5,accountability,Offering,29.0,High
P000480,60-74,Man,2,English,True,Musculoskeletal and chronic pain,Connective tissue disorder,6,Anxiety or depression;Cancer;Diabetes mellitus;Atrial fibrillation;Coronary heart disease,3-5,emotional_support,Seeking,65.1,Medium
P000481,60-74,Woman,1,English,True,Musculoskeletal and chronic pain,Painful condition,2,COPD,6-10,emotional_support,Offering,51.0,Low
P000482,75+,Woman,1,English,True,Cardiovascular,Coronary heart disease,3,Chronic kidney disease;Anxiety or depression,6-10,emotional_support,Balanced,65.6,Medium
P000483,75+,Man,2,English,True,Musculoskeletal and chronic pain,Painful condition,4,Anxiety or depression;Coronary heart disease;Atrial fibrillation,3-5,social_connection,Seeking,55.5,Low
P000484,75+,Woman,4,Other,False,Mental health,Anxiety or depression,3,Painful condition;Cancer,11-20,self_management_info,Seeking,46.2,High
P000485,75+,Woman,4,English,False,Musculoskeletal and chronic pain,Connective tissue disorder,2,Anxiety or depression,1-2,social_connection,Balanced,43.6,Medium
P000486,60-74,Man,4,English,False,Mental health,Anxiety or depression,1,,11-20,emotional_support,Seeking,42.2,High
P000487,60-74,Woman,1,English,True,Musculoskeletal and chronic pain,Painful condition,1,,3-5,self_management_info,Seeking,50.1,Low
P000488,60-74,Woman,2,Other,True,Cardiovascular,Atrial fibrillation,3,Anxiety or depression;Stroke and TIA,<1,shared_activity,Seeking,55.2,Medium
P000489,75+,Man,4,English,False,Mental health,Anxiety or depression,2,Diabetes mellitus,<1,self_management_info,Seeking,40.8,Low
P000490,75+,Man,4,English,False,Cardiovascular,Heart failure,1,,20+,emotional_support,Balanced,52.5,High
P000491,60-74,Woman,5,English,True,Mental health,Anxiety or depression,2,Painful condition,3-5,social_connection,Seeking,45.1,Medium
P000492,75+,Woman,5,English,False,Cardiovascular,Coronary heart disease,2,Anxiety or depression,20+,social_connection,Seeking,30.4,Medium
P000493,60-74,Man,1,English,False,Cancer experience,Cancer,3,Anxiety or depression;Diabetes mellitus,6-10,self_management_info,Balanced,52.6,Medium
P000494,60-74,Woman,3,English,False,Musculoskeletal and chronic pain,Painful condition,1,,20+,self_management_info,Seeking,34.9,Medium
P000495,60-74,Man,4,English,True,Mental health,Anxiety or depression,2,Painful condition,3-5,self_management_info,Offering,50.5,High
P000496,75+,Woman,5,English,True,Mental health,Anxiety or depression,2,Stroke and TIA,6-10,emotional_support,Seeking,41.8,High
P000497,75+,Woman,4,English,False,Musculoskeletal and chronic pain,Connective tissue disorder,2,Anxiety or depression,11-20,social_connection,Balanced,35.3,Medium
P000498,45-59,Woman,2,English,False,Musculoskeletal and chronic pain,Painful condition,1,,20+,accountability,Seeking,43.1,Medium
P000499,45-59,Woman,1,Other,False,Mental health,Anxiety or depression,4,Heart failure;Diabetes mellitus;Atrial fibrillation,1-2,emotional_support,Seeking,58.9,Low
P000500,30-44,Woman,3,English,False,Mental health,Anxiety or depression,3,Painful condition;Diabetes mellitus,3-5,emotional_support,Balanced,43.6,Low
P000501,60-74,Woman,3,English,False,Renal,Chronic kidney disease,4,Painful condition;Anxiety or depression;Diabetes mellitus,6-10,social_connection,Seeking,35.5,Low
P000502,30-44,Woman,5,English,False,Respiratory,COPD,1,,6-10,social_connection,Seeking,44.8,Medium
P000503,60-74,Man,5,Other,False,Mental health,Anxiety or depression,1,,6-10,accountability,Balanced,43.3,High
P000504,60-74,Woman,4,English,False,Respiratory,COPD,3,Diabetes mellitus;Anxiety or depression,20+,self_management_info,Offering,60.5,Low
P000505,60-74,Man,3,English,False,Mental health,Anxiety or depression,1,,<1,self_management_info,Balanced,47.2,Medium
P000506,60-74,Woman,4,English,False,Renal,Chronic kidney disease,1,,6-10,shared_activity,Seeking,28.5,Medium
P000507,60-74,Woman,4,English,False,Respiratory,COPD,1,,1-2,social_connection,Seeking,32.8,Low
P000508,60-74,Woman,3,English,False,Renal,Chronic kidney disease,2,Anxiety or depression,<1,accountability,Seeking,55.4,High
P000509,75+,Man,3,English,False,Mental health,Anxiety or depression,3,Coronary heart disease;Stroke and TIA,<1,emotional_support,Offering,36.9,Medium
P000510,75+,Man,3,English,False,Renal,Chronic kidney disease,1,,6-10,social_connection,Offering,30.6,Medium
P000511,30-44,Woman,2,English,True,Cardiovascular,Coronary heart disease,1,,11-20,emotional_support,Offering,47.2,Medium
P000512,18-29,Man,3,Other,False,Metabolic and endocrine,Diabetes mellitus,1,,3-5,social_connection,Seeking,37.8,Medium
P000513,18-29,Woman,5,English,False,Metabolic and endocrine,Diabetes mellitus,3,Anxiety or depression;Painful condition,11-20,social_connection,Seeking,49.5,Low
P000514,75+,Man,1,English,False,Metabolic and endocrine,Diabetes mellitus,6,Anxiety or depression;Atrial fibrillation;Coronary heart disease;Painful condition;Stroke and TIA,1-2,emotional_support,Seeking,59.1,Low
P000515,75+,Man,2,Other,True,Metabolic and endocrine,Diabetes mellitus,4,Anxiety or depression;Atrial fibrillation;Heart failure,20+,emotional_support,Offering,49.6,High
P000516,75+,Woman,5,English,False,Metabolic and endocrine,Diabetes mellitus,2,Anxiety or depression,6-10,accountability,Balanced,37.2,Medium
P000517,60-74,Woman,4,English,True,Mental health,Anxiety or depression,2,Coronary heart disease,1-2,emotional_support,Balanced,56.6,Medium
P000518,30-44,Man,3,English,False,Renal,Chronic kidney disease,1,,3-5,social_connection,Seeking,45.6,Medium
P000519,18-29,Man,3,English,False,Mental health,Anxiety or depression,1,,3-5,shared_activity,Seeking,39.9,Medium
P000520,30-44,Woman,1,English,False,Cardiovascular,Atrial fibrillation,4,Anxiety or depression;Coronary heart disease;Chronic kidney disease,11-20,self_management_info,Balanced,42.8,Medium
P000521,60-74,Man,2,Other,False,Musculoskeletal and chronic pain,Painful condition,1,,20+,shared_activity,Seeking,32.3,Low
P000522,60-74,Man,3,Panjabi,False,Cardiovascular,Atrial fibrillation,1,,6-10,emotional_support,Balanced,52.8,Medium
P000523,60-74,Woman,4,English,True,Renal,Chronic kidney disease,1,,1-2,emotional_support,Balanced,29.9,Medium
P000524,30-44,Woman,5,English,False,Mental health,Anxiety or depression,1,,1-2,social_connection,Balanced,29.9,High
P000525,30-44,Man,2,English,False,Cardiovascular,Coronary heart disease,2,Cancer,6-10,self_management_info,Balanced,45.2,Low
P000526,60-74,Woman,5,English,False,Cardiovascular,Coronary heart disease,1,,11-20,accountability,Seeking,20.0,Low
P000527,45-59,Man,4,English,False,Metabolic and endocrine,Diabetes mellitus,2,Stroke and TIA,20+,self_management_info,Seeking,24.4,Low
P000528,60-74,Man,5,English,False,Mental health,Anxiety or depression,1,,1-2,accountability,Offering,20.0,Medium
P000529,75+,Woman,2,English,False,Musculoskeletal and chronic pain,Connective tissue disorder,3,Anxiety or depression;Coronary heart disease,3-5,shared_activity,Balanced,48.1,Low
P000530,75+,Man,2,English,True,Renal,Chronic kidney disease,3,Anxiety or depression;Painful condition,20+,emotional_support,Seeking,55.0,Medium
P000531,45-59,Man,1,English,False,Cardiovascular,Coronary heart disease,1,,<1,emotional_support,Offering,52.8,High
P000532,30-44,Man,5,English,False,Cardiovascular,Atrial fibrillation,1,,6-10,shared_activity,Balanced,44.1,Low
P000533,60-74,Woman,1,English,False,Mental health,Anxiety or depression,3,Coronary heart disease;Connective tissue disorder,<1,self_management_info,Seeking,48.5,Medium
P000534,60-74,Woman,3,English,False,Cardiovascular,Coronary heart disease,2,Stroke and TIA,3-5,shared_activity,Balanced,54.2,Medium
P000535,60-74,Woman,1,English,True,Respiratory,COPD,1,,6-10,self_management_info,Offering,40.5,Medium
P000536,30-44,Man,1,English,False,Mental health,Anxiety or depression,2,Diabetes mellitus,3-5,self_management_info,Seeking,44.6,Low
P000537,75+,Man,3,English,True,Cardiovascular,Stroke and TIA,1,,1-2,social_connection,Balanced,50.0,High
P000538,75+,Woman,1,English,False,Renal,Chronic kidney disease,1,,1-2,accountability,Balanced,41.3,High
P000539,30-44,Woman,1,Other,False,Mental health,Anxiety or depression,2,Chronic kidney disease,<1,emotional_support,Balanced,49.9,Medium
P000540,18-29,Woman,5,English,False,Musculoskeletal and chronic pain,Painful condition,1,,11-20,self_management_info,Seeking,39.2,High
P000541,60-74,Woman,2,English,False,Renal,Chronic kidney disease,2,Anxiety or depression,6-10,emotional_support,Balanced,35.8,Medium
P000542,60-74,Man,2,English,False,Cardiovascular,Heart failure,2,Diabetes mellitus,1-2,social_connection,Balanced,33.9,Low
P000543,30-44,Man,5,Panjabi,False,Musculoskeletal and chronic pain,Painful condition,1,,<1,emotional_support,Balanced,30.8,Low
P000544,45-59,Man,2,English,False,Musculoskeletal and chronic pain,Painful condition,2,Anxiety or depression,3-5,self_management_info,Balanced,51.7,Low
P000545,45-59,Man,5,Other,False,Musculoskeletal and chronic pain,Painful condition,1,,<1,social_connection,Balanced,28.5,Medium
P000546,75+,Man,2,English,True,Mental health,Anxiety or depression,1,,1-2,accountability,Seeking,48.6,Medium
P000547,60-74,Woman,1,English,False,Mental health,Anxiety or depression,1,,20+,social_connection,Balanced,41.4,Medium
P000548,45-59,Woman,3,English,False,Musculoskeletal and chronic pain,Painful condition,1,,<1,shared_activity,Balanced,42.2,Medium
P000549,60-74,Woman,1,English,False,Mental health,Anxiety or depression,3,Painful condition;Cancer,20+,social_connection,Balanced,58.7,Medium
P000550,30-44,Man,3,English,False,Respiratory,COPD,1,,<1,emotional_support,Seeking,37.2,Medium
P000551,45-59,Woman,4,English,False,Cardiovascular,Stroke and TIA,2,Atrial fibrillation,3-5,emotional_support,Seeking,41.5,High
P000552,75+,Woman,2,Other,True,Mental health,Anxiety or depression,6,Diabetes mellitus;Painful condition;Coronary heart disease;Cancer;Chronic kidney disease,1-2,emotional_support,Balanced,69.1,High
P000553,45-59,Man,2,English,False,Mental health,Anxiety or depression,2,Diabetes mellitus,20+,emotional_support,Balanced,57.9,High
P000554,60-74,Man,4,English,True,Renal,Chronic kidney disease,1,,<1,emotional_support,Seeking,21.6,Medium
P000555,30-44,Man,1,English,False,Musculoskeletal and chronic pain,Painful condition,6,Anxiety or depression;COPD;Chronic kidney disease;Atrial fibrillation;Connective tissue disorder,3-5,social_connection,Offering,57.2,High
P000556,60-74,Man,1,English,True,Musculoskeletal and chronic pain,Painful condition,6,Anxiety or depression;Atrial fibrillation;COPD;Connective tissue disorder;Chronic kidney disease,1-2,accountability,Seeking,58.0,Low
P000557,30-44,Man,5,English,True,Mental health,Anxiety or depression,1,,11-20,shared_activity,Balanced,44.1,Low
P000558,60-74,Man,3,English,True,Metabolic and endocrine,Diabetes mellitus,1,,11-20,social_connection,Seeking,46.5,Low
P000559,45-59,Man,3,English,False,Cardiovascular,Coronary heart disease,1,,1-2,accountability,Balanced,45.8,High
P000560,60-74,Woman,1,English,False,Musculoskeletal and chronic pain,Painful condition,3,Anxiety or depression;Diabetes mellitus,20+,emotional_support,Offering,61.6,Medium
P000561,60-74,Woman,5,Other,False,Cancer experience,Cancer,1,,11-20,self_management_info,Offering,32.9,Low
P000562,60-74,Man,4,English,True,Metabolic and endocrine,Diabetes mellitus,2,Atrial fibrillation,6-10,self_management_info,Offering,36.4,Low
P000563,30-44,Man,2,English,False,Mental health,Anxiety or depression,1,,1-2,self_management_info,Seeking,48.8,Medium
P000564,75+,Woman,2,English,True,Musculoskeletal and chronic pain,Painful condition,5,Anxiety or depression;Stroke and TIA;Diabetes mellitus;Chronic kidney disease,3-5,emotional_support,Seeking,56.5,Medium
P000565,60-74,Woman,2,English,True,Mental health,Anxiety or depression,1,,11-20,self_management_info,Seeking,51.8,Medium
P000566,60-74,Man,4,English,False,Metabolic and endocrine,Diabetes mellitus,3,Painful condition;Anxiety or depression,20+,accountability,Balanced,57.7,High
P000567,18-29,Woman,5,English,False,Mental health,Anxiety or depression,1,,1-2,social_connection,Seeking,37.8,Medium
P000568,75+,Man,3,English,True,Musculoskeletal and chronic pain,Painful condition,1,,3-5,emotional_support,Offering,59.5,Low
P000569,75+,Woman,1,English,True,Musculoskeletal and chronic pain,Painful condition,6,Anxiety or depression;Heart failure;Diabetes mellitus;COPD;Connective tissue disorder,1-2,shared_activity,Seeking,77.3,Medium
P000570,75+,Woman,4,English,False,Respiratory,COPD,1,,20+,emotional_support,Seeking,31.7,Medium
P000571,45-59,Man,3,English,False,Cancer experience,Cancer,1,,3-5,social_connection,Balanced,41.6,Medium
P000572,75+,Woman,5,English,False,Musculoskeletal and chronic pain,Painful condition,6,Diabetes mellitus;Anxiety or depression;Chronic kidney disease;Stroke and TIA;Cancer,1-2,emotional_support,Balanced,46.4,Low
P000573,60-74,Woman,4,English,False,Mental health,Anxiety or depression,5,COPD;Atrial fibrillation;Connective tissue disorder;Stroke and TIA,1-2,accountability,Balanced,43.9,Medium
P000574,30-44,Woman,1,English,True,Musculoskeletal and chronic pain,Painful condition,3,Coronary heart disease;Anxiety or depression,<1,social_connection,Seeking,63.0,Medium
P000575,75+,Man,4,English,True,Cardiovascular,Coronary heart disease,4,Anxiety or depression;Painful condition;Diabetes mellitus,20+,emotional_support,Seeking,49.4,Medium
P000576,60-74,Woman,4,English,False,Renal,Chronic kidney disease,1,,6-10,shared_activity,Seeking,51.2,Medium
P000577,60-74,Woman,5,Other,True,Renal,Chronic kidney disease,5,Connective tissue disorder;Painful condition;Stroke and TIA;Anxiety or depression,6-10,self_management_info,Offering,69.1,Medium
P000578,45-59,Woman,4,English,False,Cardiovascular,Coronary heart disease,3,Diabetes mellitus;Anxiety or depression,1-2,emotional_support,Seeking,33.3,Low
P000579,30-44,Woman,3,English,False,Metabolic and endocrine,Diabetes mellitus,1,,20+,self_management_info,Seeking,36.6,High
P000580,60-74,Man,1,English,False,Cardiovascular,Heart failure,2,Chronic kidney disease,<1,emotional_support,Balanced,47.1,Medium
P000581,75+,Woman,1,English,True,Cardiovascular,Stroke and TIA,3,Anxiety or depression;Coronary heart disease,11-20,shared_activity,Offering,55.8,High
P000582,60-74,Woman,1,Romanian,False,Cardiovascular,Atrial fibrillation,1,,20+,shared_activity,Balanced,53.2,High
P000583,75+,Woman,5,English,True,Mental health,Anxiety or depression,2,Atrial fibrillation,20+,social_connection,Offering,50.3,Medium
P000584,75+,Man,3,English,False,Musculoskeletal and chronic pain,Painful condition,6,Anxiety or depression;Coronary heart disease;Connective tissue disorder;Diabetes mellitus;COPD,1-2,self_management_info,Offering,75.2,Medium
P000585,60-74,Woman,3,English,False,Respiratory,COPD,3,Anxiety or depression;Coronary heart disease,20+,self_management_info,Balanced,57.0,Low
P000586,45-59,Woman,3,English,False,Cancer experience,Cancer,4,Anxiety or depression;Painful condition;Chronic kidney disease,11-20,shared_activity,Balanced,45.9,Medium
P000587,60-74,Man,5,English,True,Renal,Chronic kidney disease,4,COPD;Diabetes mellitus;Anxiety or depression,<1,shared_activity,Balanced,43.4,Medium
P000588,60-74,Man,1,English,True,Cancer experience,Cancer,1,,1-2,social_connection,Seeking,53.0,Medium
P000589,75+,Man,3,English,False,Cardiovascular,Coronary heart disease,2,Anxiety or depression,20+,emotional_support,Offering,39.3,Low
P000590,60-74,Man,4,English,False,Musculoskeletal and chronic pain,Painful condition,1,,<1,emotional_support,Offering,35.2,Medium
P000591,45-59,Woman,1,Other,False,Mental health,Anxiety or depression,6,Diabetes mellitus;Painful condition;Chronic kidney disease;Coronary heart disease;Cancer,3-5,self_management_info,Balanced,52.2,Medium
P000592,60-74,Man,1,English,True,Cardiovascular,Coronary heart disease,3,Painful condition;Anxiety or depression,1-2,emotional_support,Seeking,43.7,Medium
P000593,60-74,Woman,5,English,False,Mental health,Anxiety or depression,3,Painful condition;Chronic kidney disease,6-10,shared_activity,Offering,57.3,Low
P000594,45-59,Woman,3,English,False,Musculoskeletal and chronic pain,Painful condition,4,Chronic kidney disease;Anxiety or depression;Cancer,11-20,social_connection,Balanced,51.6,Low
P000595,60-74,Man,3,English,False,Mental health,Anxiety or depression,4,Coronary heart disease;Diabetes mellitus;Chronic kidney disease,3-5,self_management_info,Balanced,44.4,High
P000596,75+,Woman,4,English,False,Mental health,Anxiety or depression,2,Stroke and TIA,<1,shared_activity,Seeking,40.6,Medium
P000597,45-59,Woman,5,English,False,Mental health,Anxiety or depression,1,,20+,social_connection,Balanced,30.3,Low
P000598,75+,Man,1,English,True,Metabolic and endocrine,Diabetes mellitus,1,,20+,self_management_info,Seeking,56.0,Medium
P000599,75+,Man,3,English,True,Mental health,Anxiety or depression,1,,20+,emotional_support,Offering,55.6,Medium
P000600,45-59,Woman,1,Other,False,Cardiovascular,Atrial fibrillation,1,,<1,emotional_support,Seeking,43.8,Low
P000601,30-44,Man,5,English,False,Metabolic and endocrine,Diabetes mellitus,4,Anxiety or depression;Coronary heart disease;Connective tissue disorder,20+,social_connection,Offering,59.3,High
P000602,60-74,Woman,5,English,False,Metabolic and endocrine,Diabetes mellitus,1,,3-5,self_management_info,Balanced,28.1,High
P000603,60-74,Man,3,English,False,Mental health,Anxiety or depression,2,Chronic kidney disease,3-5,emotional_support,Balanced,51.4,High
P000604,18-29,Man,4,English,False,Musculoskeletal and chronic pain,Painful condition,2,Anxiety or depression,1-2,self_management_info,Balanced,49.6,Low
P000605,60-74,Woman,3,Other,False,Metabolic and endocrine,Diabetes mellitus,2,Atrial fibrillation,6-10,shared_activity,Offering,52.1,Medium
P000606,18-29,Man,5,Other,False,Musculoskeletal and chronic pain,Painful condition,4,Anxiety or depression;Connective tissue disorder;Diabetes mellitus,3-5,emotional_support,Balanced,52.3,High
P000607,45-59,Man,1,English,False,Respiratory,COPD,1,,11-20,social_connection,Balanced,51.4,Low
P000608,30-44,Man,3,English,False,Musculoskeletal and chronic pain,Painful condition,1,,11-20,emotional_support,Offering,40.0,Low
P000609,75+,Woman,5,English,False,Cardiovascular,Stroke and TIA,1,,11-20,self_management_info,Seeking,31.1,Medium
P000610,45-59,Woman,2,English,False,Mental health,Anxiety or depression,1,,3-5,social_connection,Balanced,48.7,Low
P000611,45-59,Woman,4,Other,False,Musculoskeletal and chronic pain,Painful condition,3,Anxiety or depression;Connective tissue disorder,<1,social_connection,Balanced,32.1,High
P000612,75+,Woman,4,English,False,Musculoskeletal and chronic pain,Painful condition,1,,1-2,accountability,Offering,52.7,Medium
P000613,60-74,Man,1,English,True,Renal,Chronic kidney disease,1,,20+,self_management_info,Seeking,40.5,Medium
P000614,60-74,Man,1,English,False,Mental health,Anxiety or depression,6,Coronary heart disease;Chronic kidney disease;Painful condition;Connective tissue disorder;Diabetes mellitus,11-20,shared_activity,Seeking,47.7,High
P000615,45-59,Woman,2,English,True,Cardiovascular,Stroke and TIA,4,Anxiety or depression;Chronic kidney disease;Diabetes mellitus,<1,shared_activity,Seeking,71.1,Low
P000616,75+,Man,4,Romanian,False,Musculoskeletal and chronic pain,Painful condition,5,Anxiety or depression;Atrial fibrillation;Diabetes mellitus;Chronic kidney disease,3-5,emotional_support,Seeking,56.1,Low
P000617,60-74,Woman,3,English,True,Mental health,Anxiety or depression,5,Painful condition;Chronic kidney disease;Coronary heart disease;Connective tissue disorder,11-20,emotional_support,Offering,56.1,Medium
P000618,60-74,Man,1,Polish,False,Musculoskeletal and chronic pain,Painful condition,2,Diabetes mellitus,6-10,social_connection,Seeking,35.5,Medium
P000619,75+,Man,1,English,False,Mental health,Anxiety or depression,6,Painful condition;Chronic kidney disease;Stroke and TIA;Coronary heart disease;COPD,3-5,shared_activity,Balanced,40.9,Low
P000620,75+,Man,5,English,False,Renal,Chronic kidney disease,2,Anxiety or depression,1-2,emotional_support,Offering,39.7,Low
P000621,45-59,Woman,4,English,False,Musculoskeletal and chronic pain,Painful condition,3,Anxiety or depression;COPD,6-10,social_connection,Balanced,47.4,Medium
P000622,30-44,Man,5,English,False,Musculoskeletal and chronic pain,Connective tissue disorder,2,Anxiety or depression,3-5,self_management_info,Offering,35.4,Medium
P000623,75+,Man,4,Other,False,Mental health,Anxiety or depression,6,Coronary heart disease;Atrial fibrillation;Painful condition;Stroke and TIA;Diabetes mellitus,6-10,emotional_support,Offering,51.5,Medium
P000624,60-74,Woman,5,English,True,Mental health,Anxiety or depression,1,,<1,accountability,Balanced,32.4,Medium
P000625,45-59,Man,4,English,False,Musculoskeletal and chronic pain,Painful condition,1,,3-5,emotional_support,Balanced,46.3,Medium
P000626,30-44,Man,4,English,False,Mental health,Anxiety or depression,1,,11-20,emotional_support,Balanced,37.0,High
P000627,45-59,Man,4,English,True,Mental health,Anxiety or depression,6,Chronic kidney disease;Painful condition;Coronary heart disease;Stroke and TIA;Diabetes mellitus,1-2,self_management_info,Balanced,61.6,Low
P000628,75+,Woman,1,English,True,Mental health,Anxiety or depression,2,Painful condition,1-2,shared_activity,Offering,42.2,Low
P000629,45-59,Woman,2,English,False,Metabolic and endocrine,Diabetes mellitus,2,Cancer,20+,emotional_support,Balanced,48.5,Medium
P000630,60-74,Man,1,English,False,Musculoskeletal and chronic pain,Painful condition,2,Anxiety or depression,11-20,accountability,Balanced,33.2,Low
P000631,75+,Man,1,English,True,Metabolic and endocrine,Diabetes mellitus,1,,<1,accountability,Balanced,51.8,Medium
P000632,18-29,Man,3,English,False,Mental health,Anxiety or depression,2,Painful condition,1-2,self_management_info,Balanced,44.9,Medium
P000633,18-29,Woman,3,English,False,Musculoskeletal and chronic pain,Painful condition,4,Diabetes mellitus;Anxiety or depression;Connective tissue disorder,3-5,emotional_support,Offering,29.6,Medium
P000634,75+,Woman,3,Other,True,Metabolic and endocrine,Diabetes mellitus,2,Anxiety or depression,3-5,social_connection,Balanced,57.0,Medium
P000635,45-59,Man,5,English,True,Cardiovascular,Atrial fibrillation,1,,11-20,social_connection,Balanced,35.3,Medium
P000636,75+,Man,3,English,False,Cardiovascular,Stroke and TIA,1,,1-2,self_management_info,Seeking,51.4,Medium
P000637,60-74,Woman,4,English,False,Musculoskeletal and chronic pain,Painful condition,3,Cancer;Anxiety or depression,<1,emotional_support,Offering,45.3,Medium
P000638,60-74,Woman,3,English,False,Cardiovascular,Atrial fibrillation,3,Chronic kidney disease;Anxiety or depression,11-20,emotional_support,Balanced,37.1,Medium
P000639,75+,Man,3,English,True,Mental health,Anxiety or depression,1,,6-10,self_management_info,Balanced,46.0,Low
P000640,45-59,Woman,4,English,False,Cardiovascular,Coronary heart disease,1,,11-20,shared_activity,Offering,29.0,High
P000641,60-74,Man,1,Other,False,Musculoskeletal and chronic pain,Painful condition,1,,11-20,shared_activity,Seeking,45.7,Medium
P000642,60-74,Man,3,English,False,Cardiovascular,Coronary heart disease,6,Anxiety or depression;Diabetes mellitus;Connective tissue disorder;Chronic kidney disease;Atrial fibrillation,11-20,emotional_support,Seeking,61.1,Low
P000643,75+,Man,5,English,False,Cancer experience,Cancer,1,,3-5,emotional_support,Seeking,33.4,Medium
P000644,45-59,Man,1,English,False,Musculoskeletal and chronic pain,Connective tissue disorder,2,Anxiety or depression,<1,self_management_info,Seeking,51.4,Medium
P000645,60-74,Man,5,English,True,Cardiovascular,Coronary heart disease,1,,1-2,shared_activity,Balanced,31.0,Low
P000646,60-74,Man,5,English,False,Mental health,Anxiety or depression,2,Painful condition,<1,accountability,Balanced,63.3,High
P000647,45-59,Woman,4,English,False,Cardiovascular,Atrial fibrillation,2,Chronic kidney disease,11-20,self_management_info,Offering,39.2,Low
P000648,75+,Woman,4,English,False,Mental health,Anxiety or depression,2,Atrial fibrillation,6-10,emotional_support,Offering,36.8,Medium
P000649,60-74,Woman,2,English,False,Cancer experience,Cancer,4,Anxiety or depression;Atrial fibrillation;Heart failure,20+,accountability,Offering,55.2,Low
P000650,60-74,Man,4,English,True,Musculoskeletal and chronic pain,Painful condition,1,,11-20,emotional_support,Balanced,51.5,Medium
P000651,45-59,Woman,1,English,False,Musculoskeletal and chronic pain,Painful condition,2,Anxiety or depression,<1,social_connection,Seeking,69.2,Medium
P000652,60-74,Woman,1,English,False,Mental health,Anxiety or depression,1,,20+,self_management_info,Offering,61.1,Low
P000653,30-44,Woman,1,Polish,False,Mental health,Anxiety or depression,1,,6-10,social_connection,Offering,29.7,Medium
P000654,45-59,Man,1,English,False,Respiratory,COPD,2,Anxiety or depression,20+,accountability,Balanced,46.0,High
P000655,75+,Woman,1,English,True,Cardiovascular,Stroke and TIA,4,Anxiety or depression;Coronary heart disease;Painful condition,11-20,shared_activity,Seeking,77.1,High
P000656,60-74,Woman,4,English,False,Renal,Chronic kidney disease,1,,3-5,accountability,Balanced,27.5,High
P000657,18-29,Woman,4,English,False,Musculoskeletal and chronic pain,Connective tissue disorder,1,,3-5,self_management_info,Offering,22.2,Medium
P000658,18-29,Woman,2,English,False,Mental health,Anxiety or depression,2,Painful condition,11-20,self_management_info,Seeking,41.2,Medium
P000659,75+,Man,1,Panjabi,False,Cardiovascular,Coronary heart disease,1,,20+,shared_activity,Offering,41.7,Medium
P000660,45-59,Man,2,English,False,Metabolic and endocrine,Diabetes mellitus,2,Anxiety or depression,11-20,accountability,Seeking,55.9,High
P000661,18-29,Woman,2,English,False,Metabolic and endocrine,Diabetes mellitus,2,Anxiety or depression,1-2,accountability,Balanced,42.0,Medium
P000662,60-74,Woman,5,English,False,Mental health,Anxiety or depression,2,Cancer,1-2,social_connection,Balanced,47.6,Medium
P000663,60-74,Woman,2,English,False,Respiratory,COPD,6,Anxiety or depression;Painful condition;Chronic kidney disease;Cancer;Connective tissue disorder,3-5,shared_activity,Offering,62.7,Medium
P000664,45-59,Man,1,English,False,Cardiovascular,Coronary heart disease,1,,11-20,social_connection,Balanced,44.1,Medium
P000665,60-74,Man,1,English,False,Metabolic and endocrine,Diabetes mellitus,4,Anxiety or depression;Stroke and TIA;Atrial fibrillation,3-5,social_connection,Offering,45.8,Medium
P000666,60-74,Woman,2,English,False,Musculoskeletal and chronic pain,Painful condition,1,,6-10,social_connection,Seeking,23.8,Medium
P000667,45-59,Woman,2,English,True,Cancer experience,Cancer,6,Anxiety or depression;Stroke and TIA;Coronary heart disease;Diabetes mellitus;Chronic kidney disease,11-20,shared_activity,Balanced,63.6,Medium
P000668,60-74,Woman,1,English,True,Mental health,Anxiety or depression,2,Atrial fibrillation,1-2,social_connection,Seeking,62.9,High
P000669,45-59,Woman,2,English,False,Musculoskeletal and chronic pain,Painful condition,2,Chronic kidney disease,3-5,emotional_support,Seeking,35.5,Low
P000670,75+,Man,1,English,False,Musculoskeletal and chronic pain,Painful condition,2,Coronary heart disease,11-20,shared_activity,Balanced,50.2,High
P000671,30-44,Man,4,English,False,Respiratory,COPD,2,Anxiety or depression,11-20,shared_activity,Seeking,43.0,Medium
P000672,45-59,Man,3,English,False,Metabolic and endocrine,Diabetes mellitus,1,,3-5,accountability,Balanced,30.5,High
P000673,60-74,Man,3,English,False,Cardiovascular,Stroke and TIA,1,,11-20,shared_activity,Seeking,46.7,Medium
P000674,75+,Man,2,English,False,Musculoskeletal and chronic pain,Painful condition,1,,6-10,emotional_support,Offering,53.7,Low
P000675,75+,Man,5,Other,False,Cardiovascular,Heart failure,3,Painful condition;Anxiety or depression,3-5,emotional_support,Balanced,36.2,High
P000676,30-44,Woman,3,English,False,Cardiovascular,Stroke and TIA,1,,11-20,self_management_info,Seeking,43.8,Medium
P000677,60-74,Man,2,Panjabi,False,Mental health,Anxiety or depression,2,Atrial fibrillation,6-10,emotional_support,Offering,38.7,High
P000678,75+,Woman,1,English,True,Mental health,Anxiety or depression,3,Painful condition;Coronary heart disease,<1,social_connection,Balanced,57.3,Low
P000679,60-74,Man,4,English,False,Metabolic and endocrine,Diabetes mellitus,3,Coronary heart disease;Painful condition,1-2,social_connection,Balanced,51.4,Medium
P000680,60-74,Woman,1,English,False,Musculoskeletal and chronic pain,Painful condition,1,,1-2,shared_activity,Balanced,53.0,Medium
P000681,45-59,Woman,4,English,False,Metabolic and endocrine,Diabetes mellitus,1,,11-20,accountability,Balanced,41.1,High
P000682,30-44,Man,1,English,False,Cardiovascular,Atrial fibrillation,1,,3-5,emotional_support,Balanced,58.3,Medium
P000683,75+,Woman,5,English,False,Metabolic and endocrine,Diabetes mellitus,1,,<1,social_connection,Offering,48.1,Medium
P000684,60-74,Man,2,English,False,Musculoskeletal and chronic pain,Painful condition,1,,6-10,social_connection,Balanced,24.8,Medium
P000685,60-74,Woman,3,English,False,Metabolic and endocrine,Diabetes mellitus,2,Chronic kidney disease,20+,social_connection,Balanced,41.4,Medium
P000686,75+,Woman,3,English,True,Cardiovascular,Stroke and TIA,4,Anxiety or depression;Painful condition;Diabetes mellitus,1-2,social_connection,Balanced,50.5,High
P000687,45-59,Man,1,English,False,Renal,Chronic kidney disease,1,,11-20,self_management_info,Balanced,51.3,Medium
P000688,60-74,Woman,2,Other,True,Musculoskeletal and chronic pain,Painful condition,1,,6-10,emotional_support,Seeking,31.7,Low
P000689,75+,Man,2,English,True,Metabolic and endocrine,Diabetes mellitus,6,Anxiety or depression;Coronary heart disease;Stroke and TIA;Cancer;Painful condition,11-20,self_management_info,Balanced,47.6,High
P000690,75+,Man,4,English,False,Renal,Chronic kidney disease,6,Anxiety or depression;Painful condition;Diabetes mellitus;Coronary heart disease;Stroke and TIA,20+,emotional_support,Balanced,52.1,Medium
P000691,45-59,Man,4,English,False,Cardiovascular,Coronary heart disease,4,Anxiety or depression;Chronic kidney disease;Diabetes mellitus,20+,shared_activity,Seeking,46.8,Medium
P000692,75+,Man,5,English,True,Cardiovascular,Coronary heart disease,3,Painful condition;Anxiety or depression,6-10,social_connection,Offering,55.4,Medium
P000693,45-59,Man,1,English,False,Renal,Chronic kidney disease,6,Anxiety or depression;Painful condition;COPD;Heart failure;Connective tissue disorder,<1,social_connection,Seeking,62.5,Low
P000694,45-59,Man,1,English,False,Musculoskeletal and chronic pain,Painful condition,2,Anxiety or depression,6-10,emotional_support,Offering,51.0,Low
P000695,30-44,Man,3,English,False,Cardiovascular,Atrial fibrillation,3,Anxiety or depression;Diabetes mellitus,<1,accountability,Seeking,60.4,Low
P000696,75+,Man,1,English,False,Cardiovascular,Heart failure,4,Connective tissue disorder;Anxiety or depression;COPD,1-2,self_management_info,Balanced,55.6,Medium
P000697,45-59,Man,2,English,False,Mental health,Anxiety or depression,1,,6-10,shared_activity,Seeking,35.9,High
P000698,60-74,Woman,2,English,True,Musculoskeletal and chronic pain,Painful condition,3,Diabetes mellitus;Anxiety or depression,20+,accountability,Balanced,70.7,Medium
P000699,45-59,Man,1,English,False,Metabolic and endocrine,Diabetes mellitus,1,,1-2,social_connection,Seeking,57.6,Medium
P000700,60-74,Woman,5,English,False,Mental health,Anxiety or depression,5,Diabetes mellitus;Painful condition;Stroke and TIA;COPD,20+,accountability,Seeking,36.2,Medium
P000701,75+,Woman,4,English,False,Musculoskeletal and chronic pain,Painful condition,2,COPD,20+,emotional_support,Balanced,47.8,High
P000702,75+,Woman,2,Romanian,False,Mental health,Anxiety or depression,2,Painful condition,3-5,self_management_info,Balanced,63.3,Low
P000703,45-59,Woman,5,English,False,Cardiovascular,Heart failure,1,,<1,self_management_info,Seeking,44.5,Medium
P000704,60-74,Woman,5,English,True,Cardiovascular,Stroke and TIA,2,Cancer,1-2,self_management_info,Seeking,42.3,High
P000705,75+,Man,3,English,True,Musculoskeletal and chronic pain,Painful condition,1,,<1,social_connection,Seeking,54.9,Low
P000706,18-29,Man,5,English,False,Musculoskeletal and chronic pain,Painful condition,1,,1-2,emotional_support,Balanced,36.2,High
P000707,45-59,Man,5,English,True,Cardiovascular,Coronary heart disease,1,,1-2,social_connection,Balanced,45.0,Medium
P000708,60-74,Man,4,English,False,Musculoskeletal and chronic pain,Connective tissue disorder,1,,<1,shared_activity,Offering,42.3,Medium
P000709,60-74,Woman,5,English,False,Renal,Chronic kidney disease,2,Coronary heart disease,11-20,self_management_info,Balanced,40.5,Medium
P000710,60-74,Man,3,English,False,Mental health,Anxiety or depression,1,,11-20,emotional_support,Seeking,37.8,Medium
P000711,75+,Woman,1,English,False,Musculoskeletal and chronic pain,Painful condition,3,COPD;Anxiety or depression,1-2,shared_activity,Seeking,58.4,Low
P000712,18-29,Woman,2,English,False,Metabolic and endocrine,Diabetes mellitus,2,Anxiety or depression,6-10,accountability,Seeking,54.5,High
P000713,30-44,Woman,4,English,False,Musculoskeletal and chronic pain,Painful condition,1,,<1,shared_activity,Seeking,39.7,Low
P000714,45-59,Man,4,Polish,False,Cardiovascular,Coronary heart disease,2,Chronic kidney disease,3-5,self_management_info,Balanced,49.8,High
P000715,60-74,Man,5,English,True,Musculoskeletal and chronic pain,Connective tissue disorder,3,Chronic kidney disease;Anxiety or depression,1-2,emotional_support,Balanced,52.1,Low
P000716,75+,Woman,2,English,True,Cardiovascular,Atrial fibrillation,2,Diabetes mellitus,<1,social_connection,Balanced,53.0,Medium
P000717,30-44,Woman,2,English,False,Cardiovascular,Coronary heart disease,3,Painful condition;Diabetes mellitus,20+,emotional_support,Offering,38.2,Medium
P000718,45-59,Man,4,English,False,Musculoskeletal and chronic pain,Painful condition,2,Anxiety or depression,1-2,shared_activity,Balanced,51.0,High
P000719,75+,Man,5,English,True,Mental health,Anxiety or depression,1,,11-20,social_connection,Balanced,50.5,Medium
P000720,45-59,Woman,3,English,False,Mental health,Anxiety or depression,1,,11-20,self_management_info,Offering,40.3,Low
P000721,75+,Woman,4,English,True,Cardiovascular,Heart failure,2,Chronic kidney disease,1-2,social_connection,Balanced,72.6,Low
P000722,75+,Man,4,English,False,Mental health,Anxiety or depression,4,Stroke and TIA;Chronic kidney disease;Diabetes mellitus,1-2,self_management_info,Balanced,44.1,Medium
P000723,45-59,Man,1,English,False,Metabolic and endocrine,Diabetes mellitus,5,Anxiety or depression;Coronary heart disease;Cancer;Connective tissue disorder,3-5,social_connection,Balanced,55.4,Medium
P000724,60-74,Woman,2,English,True,Cardiovascular,Coronary heart disease,1,,<1,self_management_info,Balanced,45.6,Low
P000725,60-74,Woman,3,Other,False,Cardiovascular,Stroke and TIA,1,,11-20,accountability,Seeking,46.5,Low
P000726,18-29,Man,2,English,False,Musculoskeletal and chronic pain,Painful condition,1,,1-2,self_management_info,Seeking,20.0,Medium
P000727,30-44,Woman,3,English,False,Mental health,Anxiety or depression,2,Painful condition,11-20,emotional_support,Seeking,42.3,Medium
P000728,45-59,Man,2,English,False,Cardiovascular,Atrial fibrillation,2,Chronic kidney disease,<1,social_connection,Balanced,57.0,Medium
P000729,30-44,Woman,1,English,False,Renal,Chronic kidney disease,2,Diabetes mellitus,20+,social_connection,Balanced,36.1,High
P000730,30-44,Non-binary or self-describe,3,English,False,Mental health,Anxiety or depression,1,,<1,social_connection,Balanced,27.0,Medium
P000731,60-74,Man,5,English,False,Cardiovascular,Coronary heart disease,1,,<1,social_connection,Balanced,29.5,High
P000732,18-29,Woman,4,Other,False,Musculoskeletal and chronic pain,Painful condition,1,,<1,social_connection,Offering,35.7,Medium
P000733,45-59,Woman,4,English,False,Cardiovascular,Atrial fibrillation,4,Anxiety or depression;COPD;Connective tissue disorder,11-20,social_connection,Seeking,51.0,Low
P000734,60-74,Man,3,English,True,Cardiovascular,Heart failure,4,Diabetes mellitus;Anxiety or depression;Painful condition,6-10,emotional_support,Offering,35.7,Low
P000735,75+,Man,4,Urdu,False,Metabolic and endocrine,Diabetes mellitus,2,Chronic kidney disease,20+,self_management_info,Seeking,57.6,Medium
P000736,75+,Woman,1,Other,False,Cardiovascular,Coronary heart disease,2,COPD,<1,emotional_support,Seeking,50.3,Medium
P000737,75+,Woman,3,English,False,Musculoskeletal and chronic pain,Connective tissue disorder,3,Anxiety or depression;Painful condition,11-20,self_management_info,Seeking,59.3,Low
P000738,45-59,Woman,4,Romanian,True,Musculoskeletal and chronic pain,Painful condition,3,Anxiety or depression;Coronary heart disease,3-5,self_management_info,Seeking,56.7,Medium
P000739,45-59,Man,3,English,False,Cardiovascular,Heart failure,3,Chronic kidney disease;Anxiety or depression,20+,emotional_support,Balanced,45.0,Medium
P000740,45-59,Woman,4,English,False,Musculoskeletal and chronic pain,Connective tissue disorder,4,Anxiety or depression;Stroke and TIA;Coronary heart disease,<1,social_connection,Seeking,64.8,Low
P000741,75+,Woman,4,English,False,Cardiovascular,Heart failure,6,Anxiety or depression;Diabetes mellitus;COPD;Painful condition;Connective tissue disorder,1-2,emotional_support,Seeking,45.8,Low
P000742,18-29,Man,1,English,False,Musculoskeletal and chronic pain,Painful condition,2,Anxiety or depression,6-10,social_connection,Balanced,31.1,Medium
P000743,60-74,Woman,4,English,False,Respiratory,COPD,4,Anxiety or depression;Connective tissue disorder;Stroke and TIA,3-5,self_management_info,Seeking,62.2,Low
P000744,45-59,Woman,3,English,False,Musculoskeletal and chronic pain,Painful condition,6,Chronic kidney disease;Anxiety or depression;Connective tissue disorder;Atrial fibrillation;Cancer,20+,shared_activity,Seeking,47.4,Low
P000745,60-74,Woman,4,English,False,Musculoskeletal and chronic pain,Connective tissue disorder,4,Anxiety or depression;Heart failure;Painful condition,3-5,emotional_support,Offering,31.2,Medium
P000746,60-74,Man,4,English,False,Mental health,Anxiety or depression,1,,<1,self_management_info,Balanced,27.5,High
P000747,30-44,Man,1,English,False,Cancer experience,Cancer,1,,1-2,social_connection,Balanced,39.4,Medium
P000748,60-74,Woman,3,English,True,Mental health,Anxiety or depression,3,Cancer;Painful condition,20+,self_management_info,Balanced,50.8,High
P000749,75+,Man,1,English,False,Metabolic and endocrine,Diabetes mellitus,2,Stroke and TIA,3-5,shared_activity,Seeking,57.3,High
P000750,18-29,Woman,4,English,False,Musculoskeletal and chronic pain,Painful condition,1,,6-10,shared_activity,Seeking,41.6,High
P000751,75+,Man,5,English,True,Metabolic and endocrine,Diabetes mellitus,1,,3-5,social_connection,Balanced,39.1,Medium
P000752,60-74,Man,1,English,False,Musculoskeletal and chronic pain,Painful condition,2,Heart failure,1-2,accountability,Balanced,63.3,Medium
P000753,45-59,Woman,4,English,False,Musculoskeletal and chronic pain,Painful condition,1,,6-10,emotional_support,Balanced,49.4,Low
P000754,60-74,Woman,5,English,False,Mental health,Anxiety or depression,1,,<1,emotional_support,Balanced,45.6,High
P000755,60-74,Man,5,English,True,Musculoskeletal and chronic pain,Painful condition,6,Anxiety or depression;Stroke and TIA;Chronic kidney disease;COPD;Heart failure,6-10,emotional_support,Seeking,52.0,Medium
P000756,75+,Woman,4,English,False,Mental health,Anxiety or depression,2,Atrial fibrillation,6-10,social_connection,Seeking,51.4,High
P000757,60-74,Woman,1,English,False,Cancer experience,Cancer,2,COPD,20+,shared_activity,Balanced,49.0,Medium
P000758,75+,Man,5,English,False,Metabolic and endocrine,Diabetes mellitus,2,Anxiety or depression,20+,accountability,Seeking,38.8,Medium
P000759,60-74,Woman,3,English,False,Musculoskeletal and chronic pain,Painful condition,1,,<1,accountability,Seeking,41.5,High
P000760,45-59,Woman,4,English,False,Musculoskeletal and chronic pain,Connective tissue disorder,1,,3-5,emotional_support,Balanced,31.9,Medium
P000761,75+,Man,2,English,False,Musculoskeletal and chronic pain,Painful condition,2,Atrial fibrillation,<1,shared_activity,Balanced,33.3,Medium
P000762,75+,Woman,5,English,True,Musculoskeletal and chronic pain,Painful condition,1,,11-20,self_management_info,Seeking,30.0,Low
P000763,75+,Man,5,English,True,Mental health,Anxiety or depression,4,Connective tissue disorder;Stroke and TIA;Diabetes mellitus,20+,emotional_support,Seeking,65.2,Medium
P000764,75+,Man,4,English,False,Mental health,Anxiety or depression,1,,20+,social_connection,Seeking,52.8,Medium
P000765,30-44,Woman,4,English,False,Musculoskeletal and chronic pain,Painful condition,4,Anxiety or depression;Chronic kidney disease;Connective tissue disorder,3-5,emotional_support,Balanced,60.1,Low
P000766,60-74,Woman,1,English,False,Cardiovascular,Coronary heart disease,6,Anxiety or depression;Painful condition;Diabetes mellitus;Chronic kidney disease;COPD,6-10,accountability,Seeking,56.0,Medium
P000767,45-59,Man,3,English,False,Mental health,Anxiety or depression,1,,3-5,self_management_info,Offering,39.4,Medium
P000768,60-74,Woman,4,English,False,Mental health,Anxiety or depression,3,Painful condition;Cancer,<1,social_connection,Seeking,62.7,High
P000769,60-74,Man,1,English,True,Renal,Chronic kidney disease,2,Anxiety or depression,11-20,shared_activity,Balanced,71.7,Medium
P000770,45-59,Man,4,English,False,Cardiovascular,Stroke and TIA,5,Anxiety or depression;Cancer;Chronic kidney disease;COPD,3-5,shared_activity,Balanced,36.4,Medium
P000771,45-59,Woman,5,English,False,Cancer experience,Cancer,2,Anxiety or depression,6-10,emotional_support,Offering,46.1,High
P000772,45-59,Man,3,English,False,Metabolic and endocrine,Diabetes mellitus,1,,3-5,accountability,Seeking,37.9,Low
P000773,60-74,Man,5,English,False,Musculoskeletal and chronic pain,Painful condition,4,Anxiety or depression;Diabetes mellitus;Connective tissue disorder,20+,accountability,Seeking,51.5,Medium
P000774,18-29,Woman,4,English,False,Musculoskeletal and chronic pain,Painful condition,1,,11-20,social_connection,Balanced,50.2,High
P000775,60-74,Woman,1,English,False,Musculoskeletal and chronic pain,Painful condition,1,,6-10,accountability,Offering,34.1,Medium
P000776,75+,Woman,1,English,False,Mental health,Anxiety or depression,3,Chronic kidney disease;Painful condition,3-5,emotional_support,Balanced,54.5,Low
P000777,75+,Man,1,English,False,Mental health,Anxiety or depression,1,,3-5,emotional_support,Balanced,46.0,Medium
P000778,75+,Woman,2,English,True,Cancer experience,Cancer,2,Chronic kidney disease,11-20,social_connection,Balanced,51.8,High
P000779,18-29,Man,3,Other,False,Mental health,Anxiety or depression,1,,1-2,accountability,Seeking,40.1,High
P000780,18-29,Man,5,English,False,Mental health,Anxiety or depression,1,,<1,self_management_info,Seeking,45.2,Medium
P000781,60-74,Woman,4,English,False,Renal,Chronic kidney disease,1,,1-2,social_connection,Seeking,40.7,High
P000782,45-59,Woman,3,English,False,Mental health,Anxiety or depression,2,Painful condition,<1,self_management_info,Offering,55.7,Medium
P000783,60-74,Woman,3,English,True,Musculoskeletal and chronic pain,Connective tissue disorder,6,Anxiety or depression;Heart failure;Painful condition;Chronic kidney disease;Diabetes mellitus,20+,emotional_support,Balanced,67.8,Low
P000784,75+,Man,1,English,False,Mental health,Anxiety or depression,3,Diabetes mellitus;Stroke and TIA,20+,self_management_info,Balanced,62.1,Medium
P000785,30-44,Woman,1,English,False,Renal,Chronic kidney disease,2,Atrial fibrillation,1-2,self_management_info,Seeking,34.7,Medium
P000786,60-74,Man,5,English,True,Metabolic and endocrine,Diabetes mellitus,4,Heart failure;Anxiety or depression;Coronary heart disease,11-20,accountability,Balanced,56.4,Low
P000787,45-59,Man,3,English,True,Mental health,Anxiety or depression,1,,3-5,self_management_info,Balanced,50.2,Medium
P000788,45-59,Man,1,English,False,Metabolic and endocrine,Diabetes mellitus,4,Anxiety or depression;Coronary heart disease;Painful condition,20+,self_management_info,Seeking,53.2,High
P000789,75+,Man,4,English,False,Cardiovascular,Heart failure,4,Painful condition;Anxiety or depression;Chronic kidney disease,1-2,social_connection,Offering,40.1,Medium
P000790,45-59,Woman,4,English,False,Metabolic and endocrine,Diabetes mellitus,1,,11-20,emotional_support,Seeking,33.7,Low
P000791,45-59,Woman,5,English,True,Cardiovascular,Coronary heart disease,1,,11-20,shared_activity,Balanced,49.0,Medium
P000792,60-74,Man,1,English,False,Cardiovascular,Coronary heart disease,1,,6-10,social_connection,Balanced,40.1,Medium
P000793,45-59,Man,5,Romanian,False,Musculoskeletal and chronic pain,Painful condition,2,Anxiety or depression,6-10,self_management_info,Seeking,60.4,High
P000794,45-59,Man,1,Panjabi,False,Renal,Chronic kidney disease,6,Painful condition;Anxiety or depression;Cancer;Atrial fibrillation;COPD,20+,shared_activity,Offering,49.3,Medium
P000795,75+,Woman,4,English,False,Mental health,Anxiety or depression,1,,<1,social_connection,Offering,43.4,Medium
P000796,60-74,Man,4,English,False,Metabolic and endocrine,Diabetes mellitus,3,Anxiety or depression;Stroke and TIA,1-2,emotional_support,Seeking,33.7,Medium
P000797,30-44,Non-binary or self-describe,5,English,False,Musculoskeletal and chronic pain,Painful condition,1,,6-10,emotional_support,Offering,26.0,High
P000798,75+,Man,1,English,True,Cancer experience,Cancer,1,,11-20,emotional_support,Offering,34.3,Medium
P000799,75+,Man,5,English,False,Mental health,Anxiety or depression,6,Painful condition;Diabetes mellitus;Heart failure;Cancer;Chronic kidney disease,1-2,accountability,Seeking,57.4,High
P000800,75+,Woman,3,Other,False,Renal,Chronic kidney disease,1,,6-10,self_management_info,Balanced,25.7,High
P000801,45-59,Man,2,English,False,Renal,Chronic kidney disease,1,,3-5,self_management_info,Seeking,63.1,Low
P000802,75+,Woman,3,English,True,Cardiovascular,Coronary heart disease,6,Anxiety or depression;Diabetes mellitus;Chronic kidney disease;COPD;Painful condition,20+,emotional_support,Offering,49.9,Medium
P000803,45-59,Woman,2,English,False,Musculoskeletal and chronic pain,Painful condition,1,,11-20,emotional_support,Balanced,57.9,Medium
P000804,60-74,Man,3,English,False,Respiratory,COPD,4,Heart failure;Anxiety or depression;Stroke and TIA,11-20,emotional_support,Balanced,41.3,High
P000805,60-74,Man,5,English,True,Mental health,Anxiety or depression,1,,3-5,self_management_info,Seeking,31.0,Medium
P000806,60-74,Man,1,English,False,Renal,Chronic kidney disease,4,Anxiety or depression;Atrial fibrillation;Cancer,1-2,self_management_info,Seeking,49.3,Low
P000807,45-59,Woman,3,English,False,Renal,Chronic kidney disease,1,,20+,shared_activity,Balanced,57.6,Low
P000808,45-59,Man,1,English,False,Cardiovascular,Stroke and TIA,2,Anxiety or depression,<1,emotional_support,Seeking,60.4,High
P000809,18-29,Man,1,English,False,Musculoskeletal and chronic pain,Painful condition,2,Anxiety or depression,11-20,accountability,Balanced,47.8,Low
P000810,60-74,Man,4,English,False,Mental health,Anxiety or depression,1,,6-10,self_management_info,Balanced,47.3,High
P000811,45-59,Woman,1,English,False,Renal,Chronic kidney disease,2,Anxiety or depression,1-2,self_management_info,Balanced,41.7,Low
P000812,60-74,Man,1,English,True,Musculoskeletal and chronic pain,Painful condition,2,Atrial fibrillation,11-20,emotional_support,Seeking,55.9,Low
P000813,60-74,Man,4,English,False,Metabolic and endocrine,Diabetes mellitus,1,,<1,emotional_support,Seeking,40.5,High
P000814,60-74,Man,3,English,True,Metabolic and endocrine,Diabetes mellitus,2,Anxiety or depression,11-20,social_connection,Balanced,26.9,Low
P000815,30-44,Man,2,English,False,Musculoskeletal and chronic pain,Painful condition,1,,11-20,emotional_support,Balanced,44.4,Low
P000816,60-74,Man,1,English,False,Mental health,Anxiety or depression,3,Connective tissue disorder;Atrial fibrillation,1-2,self_management_info,Seeking,68.4,Low
P000817,60-74,Woman,3,English,False,Cardiovascular,Coronary heart disease,2,Diabetes mellitus,6-10,social_connection,Seeking,47.6,Low
P000818,45-59,Man,1,English,False,Mental health,Anxiety or depression,2,Diabetes mellitus,<1,social_connection,Balanced,68.8,Low
P000819,45-59,Man,2,Panjabi,False,Respiratory,COPD,5,Anxiety or depression;Painful condition;Chronic kidney disease;Diabetes mellitus,6-10,shared_activity,Offering,56.9,High
P000820,60-74,Woman,5,English,True,Mental health,Anxiety or depression,3,Stroke and TIA;Coronary heart disease,1-2,self_management_info,Seeking,34.5,Medium
P000821,45-59,Woman,5,English,False,Musculoskeletal and chronic pain,Painful condition,2,Coronary heart disease,11-20,shared_activity,Balanced,36.6,High
P000822,45-59,Woman,3,English,False,Metabolic and endocrine,Diabetes mellitus,1,,6-10,emotional_support,Seeking,29.7,Low
P000823,60-74,Man,1,English,False,Cardiovascular,Coronary heart disease,1,,3-5,emotional_support,Seeking,41.6,Medium
P000824,60-74,Man,2,English,False,Metabolic and endocrine,Diabetes mellitus,5,Anxiety or depression;Painful condition;Atrial fibrillation;Chronic kidney disease,1-2,self_management_info,Seeking,45.9,High
P000825,30-44,Man,2,English,False,Metabolic and endocrine,Diabetes mellitus,3,Anxiety or depression;Stroke and TIA,1-2,emotional_support,Balanced,54.2,Low
P000826,45-59,Woman,4,English,False,Musculoskeletal and chronic pain,Connective tissue disorder,1,,11-20,emotional_support,Offering,36.3,High
P000827,30-44,Woman,4,English,False,Mental health,Anxiety or depression,1,,6-10,emotional_support,Seeking,50.7,Low
P000828,60-74,Man,2,English,False,Renal,Chronic kidney disease,1,,11-20,emotional_support,Balanced,35.3,Low
P000829,60-74,Man,4,English,True,Cardiovascular,Stroke and TIA,1,,<1,accountability,Offering,54.2,Medium
P000830,45-59,Woman,2,English,False,Cardiovascular,Coronary heart disease,2,Anxiety or depression,<1,accountability,Seeking,41.4,Medium
P000831,75+,Man,4,English,True,Cardiovascular,Coronary heart disease,1,,1-2,emotional_support,Offering,40.0,Low
P000832,60-74,Man,4,English,False,Musculoskeletal and chronic pain,Painful condition,2,Anxiety or depression,3-5,self_management_info,Seeking,52.2,Low
P000833,18-29,Woman,2,English,False,Musculoskeletal and chronic pain,Painful condition,1,,6-10,emotional_support,Balanced,41.3,Medium
P000834,75+,Man,3,English,True,Cardiovascular,Atrial fibrillation,2,Anxiety or depression,3-5,emotional_support,Offering,46.9,Medium
P000835,60-74,Woman,2,English,False,Metabolic and endocrine,Diabetes mellitus,1,,3-5,emotional_support,Offering,39.9,Medium
P000836,75+,Man,1,English,True,Mental health,Anxiety or depression,1,,1-2,social_connection,Balanced,35.2,Low
P000837,18-29,Man,1,English,True,Musculoskeletal and chronic pain,Painful condition,1,,6-10,social_connection,Seeking,36.0,Low
P000838,30-44,Woman,3,English,False,Musculoskeletal and chronic pain,Connective tissue disorder,1,,<1,self_management_info,Offering,49.9,Medium
P000839,60-74,Woman,3,English,False,Mental health,Anxiety or depression,5,Coronary heart disease;Painful condition;Diabetes mellitus;Stroke and TIA,20+,accountability,Balanced,45.8,High
P000840,60-74,Woman,3,English,False,Mental health,Anxiety or depression,1,,6-10,accountability,Offering,46.6,Medium
P000841,75+,Woman,1,English,True,Mental health,Anxiety or depression,3,Painful condition;Diabetes mellitus,3-5,shared_activity,Offering,80.0,High
P000842,30-44,Woman,4,English,False,Mental health,Anxiety or depression,1,,1-2,self_management_info,Balanced,23.9,Medium
P000843,75+,Woman,3,English,False,Musculoskeletal and chronic pain,Painful condition,2,Anxiety or depression,<1,emotional_support,Seeking,48.2,Medium
P000844,75+,Man,3,English,True,Musculoskeletal and chronic pain,Painful condition,2,Anxiety or depression,3-5,social_connection,Offering,38.3,Medium
P000845,75+,Woman,1,English,False,Cardiovascular,Stroke and TIA,2,Anxiety or depression,6-10,accountability,Balanced,40.2,High
P000846,60-74,Woman,1,English,False,Respiratory,COPD,3,Anxiety or depression;Painful condition,3-5,social_connection,Balanced,63.7,Medium
P000847,60-74,Woman,3,English,True,Musculoskeletal and chronic pain,Painful condition,1,,3-5,self_management_info,Seeking,43.1,Medium
P000848,60-74,Man,2,English,False,Musculoskeletal and chronic pain,Painful condition,3,Coronary heart disease;COPD,1-2,shared_activity,Balanced,53.0,Medium
P000849,60-74,Man,3,Other,False,Cardiovascular,Atrial fibrillation,1,,1-2,social_connection,Balanced,57.3,Low
P000850,45-59,Woman,1,English,False,Musculoskeletal and chronic pain,Painful condition,5,Anxiety or depression;Coronary heart disease;Diabetes mellitus;Stroke and TIA,3-5,social_connection,Balanced,70.8,Low
P000851,45-59,Man,2,English,False,Mental health,Anxiety or depression,1,,20+,emotional_support,Balanced,56.6,Medium
P000852,18-29,Woman,4,English,False,Mental health,Anxiety or depression,5,Cancer;Diabetes mellitus;Connective tissue disorder;Painful condition,11-20,self_management_info,Balanced,45.4,Medium
P000853,75+,Woman,3,English,False,Metabolic and endocrine,Diabetes mellitus,2,Anxiety or depression,20+,emotional_support,Balanced,36.6,Medium
P000854,60-74,Man,2,English,False,Cardiovascular,Coronary heart disease,3,Diabetes mellitus;Chronic kidney disease,<1,social_connection,Balanced,65.4,Low
P000855,45-59,Woman,2,English,False,Cardiovascular,Coronary heart disease,2,Anxiety or depression,3-5,shared_activity,Seeking,60.1,Medium
P000856,60-74,Man,2,English,False,Cardiovascular,Atrial fibrillation,1,,11-20,social_connection,Balanced,36.6,Low
P000857,60-74,Woman,1,English,True,Mental health,Anxiety or depression,4,Painful condition;COPD;Diabetes mellitus,1-2,accountability,Offering,70.6,Medium
P000858,75+,Woman,5,English,True,Musculoskeletal and chronic pain,Painful condition,3,Anxiety or depression;COPD,11-20,self_management_info,Balanced,44.5,Low
P000859,30-44,Woman,4,English,False,Mental health,Anxiety or depression,5,Chronic kidney disease;Painful condition;Coronary heart disease;Connective tissue disorder,6-10,social_connection,Balanced,47.2,Medium
P000860,60-74,Woman,2,English,True,Metabolic and endocrine,Diabetes mellitus,5,Anxiety or depression;COPD;Chronic kidney disease;Cancer,20+,accountability,Seeking,65.7,Medium
P000861,75+,Woman,1,English,True,Cardiovascular,Coronary heart disease,4,Anxiety or depression;Stroke and TIA;Painful condition,6-10,accountability,Balanced,47.6,High
P000862,45-59,Man,5,English,True,Cardiovascular,Stroke and TIA,1,,6-10,accountability,Seeking,28.4,Low
P000863,45-59,Woman,1,Other,True,Metabolic and endocrine,Diabetes mellitus,3,Anxiety or depression;Painful condition,11-20,self_management_info,Balanced,69.6,High
P000864,75+,Woman,2,English,False,Mental health,Anxiety or depression,6,Painful condition;Stroke and TIA;Diabetes mellitus;Connective tissue disorder;Chronic kidney disease,20+,accountability,Balanced,57.4,Low
P000865,75+,Man,5,English,False,Mental health,Anxiety or depression,4,COPD;Atrial fibrillation;Stroke and TIA,6-10,emotional_support,Balanced,43.2,Medium
P000866,75+,Woman,2,Other,False,Cardiovascular,Stroke and TIA,4,Anxiety or depression;Diabetes mellitus;Connective tissue disorder,1-2,emotional_support,Seeking,46.4,Medium
P000867,60-74,Woman,1,English,True,Metabolic and endocrine,Diabetes mellitus,1,,<1,emotional_support,Seeking,53.0,Medium
P000868,75+,Woman,2,English,True,Cardiovascular,Heart failure,2,Diabetes mellitus,20+,social_connection,Offering,38.4,Medium
P000869,45-59,Woman,2,English,True,Musculoskeletal and chronic pain,Painful condition,5,Anxiety or depression;Atrial fibrillation;Cancer;Coronary heart disease,1-2,emotional_support,Offering,46.9,High
P000870,75+,Woman,4,English,True,Renal,Chronic kidney disease,6,Anxiety or depression;Coronary heart disease;Painful condition;Connective tissue disorder;Diabetes mellitus,3-5,social_connection,Seeking,59.9,Medium
P000871,30-44,Woman,5,English,False,Musculoskeletal and chronic pain,Painful condition,1,,6-10,emotional_support,Offering,32.5,High
P000872,30-44,Man,3,English,False,Mental health,Anxiety or depression,1,,<1,emotional_support,Balanced,33.5,High
P000873,45-59,Man,4,English,False,Musculoskeletal and chronic pain,Painful condition,4,Anxiety or depression;Heart failure;Cancer,<1,social_connection,Balanced,30.5,Low
P000874,18-29,Man,5,English,False,Musculoskeletal and chronic pain,Connective tissue disorder,2,Painful condition,1-2,social_connection,Offering,40.6,High
P000875,30-44,Woman,5,English,False,Mental health,Anxiety or depression,2,Painful condition,3-5,self_management_info,Seeking,28.9,High
P000876,30-44,Woman,5,English,False,Musculoskeletal and chronic pain,Painful condition,1,,<1,self_management_info,Seeking,42.7,Medium
P000877,60-74,Woman,3,English,False,Cardiovascular,Coronary heart disease,4,Anxiety or depression;Diabetes mellitus;Chronic kidney disease,20+,accountability,Seeking,38.4,Medium
P000878,75+,Woman,1,English,False,Mental health,Anxiety or depression,1,,3-5,accountability,Offering,48.2,High
P000879,60-74,Man,1,English,False,Musculoskeletal and chronic pain,Painful condition,2,Diabetes mellitus,6-10,emotional_support,Offering,45.7,High
P000880,60-74,Woman,2,English,True,Cardiovascular,Coronary heart disease,1,,6-10,emotional_support,Balanced,72.0,Low
P000881,60-74,Man,5,English,False,Metabolic and endocrine,Diabetes mellitus,5,Anxiety or depression;Connective tissue disorder;Chronic kidney disease;Stroke and TIA,3-5,self_management_info,Offering,49.0,High
P000882,60-74,Woman,1,English,True,Cardiovascular,Stroke and TIA,3,Diabetes mellitus;Anxiety or depression,1-2,emotional_support,Seeking,53.9,Medium
P000883,75+,Man,1,English,False,Mental health,Anxiety or depression,1,,6-10,self_management_info,Seeking,44.2,Medium
P000884,75+,Woman,1,English,False,Respiratory,COPD,3,Cancer;Anxiety or depression,11-20,social_connection,Balanced,57.2,Medium
P000885,45-59,Woman,4,English,False,Mental health,Anxiety or depression,1,,20+,emotional_support,Seeking,44.1,High
P000886,60-74,Woman,5,English,False,Musculoskeletal and chronic pain,Painful condition,3,Anxiety or depression;Diabetes mellitus,11-20,social_connection,Balanced,43.2,Low
P000887,75+,Woman,5,English,False,Cardiovascular,Coronary heart disease,1,,1-2,accountability,Balanced,20.2,Medium
P000888,45-59,Man,5,English,False,Musculoskeletal and chronic pain,Connective tissue disorder,2,Diabetes mellitus,1-2,emotional_support,Balanced,36.3,Medium
P000889,60-74,Man,1,English,True,Renal,Chronic kidney disease,1,,1-2,social_connection,Seeking,54.8,Medium
P000890,75+,Woman,2,English,True,Musculoskeletal and chronic pain,Painful condition,3,Cancer;Coronary heart disease,1-2,emotional_support,Seeking,55.0,Medium
P000891,60-74,Man,4,English,False,Musculoskeletal and chronic pain,Painful condition,1,,3-5,shared_activity,Balanced,27.8,Low
P000892,60-74,Woman,1,English,False,Mental health,Anxiety or depression,1,,3-5,emotional_support,Seeking,41.4,Medium
P000893,60-74,Woman,5,English,False,Musculoskeletal and chronic pain,Painful condition,3,Anxiety or depression;Stroke and TIA,3-5,emotional_support,Balanced,59.5,Medium
P000894,60-74,Man,3,English,False,Cardiovascular,Stroke and TIA,2,Chronic kidney disease,1-2,shared_activity,Balanced,55.7,Medium
P000895,45-59,Woman,1,Other,False,Cancer experience,Cancer,1,,<1,social_connection,Seeking,61.1,Medium
P000896,75+,Man,4,English,True,Cardiovascular,Atrial fibrillation,1,,<1,emotional_support,Seeking,33.3,Low
P000897,75+,Man,2,English,False,Metabolic and endocrine,Diabetes mellitus,4,Anxiety or depression;COPD;Painful condition,11-20,accountability,Seeking,52.3,Medium
P000898,30-44,Woman,1,English,False,Musculoskeletal and chronic pain,Painful condition,3,Anxiety or depression;Diabetes mellitus,20+,accountability,Balanced,54.9,Low
P000899,60-74,Man,2,English,False,Musculoskeletal and chronic pain,Painful condition,1,,20+,shared_activity,Seeking,42.3,Medium
P000900,45-59,Woman,5,English,False,Renal,Chronic kidney disease,3,Cancer;Anxiety or depression,1-2,shared_activity,Seeking,53.5,High
P000901,60-74,Woman,3,English,False,Musculoskeletal and chronic pain,Painful condition,5,Anxiety or depression;COPD;Diabetes mellitus;Chronic kidney disease,3-5,self_management_info,Offering,41.0,Medium
P000902,60-74,Man,1,English,False,Respiratory,COPD,5,Anxiety or depression;Diabetes mellitus;Atrial fibrillation;Coronary heart disease,1-2,emotional_support,Balanced,62.9,Low
P000903,18-29,Man,2,English,False,Cancer experience,Cancer,1,,3-5,shared_activity,Balanced,52.5,Low
P000904,60-74,Man,5,English,False,Metabolic and endocrine,Diabetes mellitus,2,Anxiety or depression,11-20,social_connection,Offering,38.8,Medium
P000905,45-59,Woman,1,English,True,Mental health,Anxiety or depression,5,Coronary heart disease;Painful condition;Chronic kidney disease;COPD,<1,emotional_support,Seeking,61.8,Medium
P000906,60-74,Woman,1,English,True,Renal,Chronic kidney disease,3,Anxiety or depression;Heart failure,11-20,emotional_support,Balanced,52.0,Low
P000907,60-74,Woman,2,English,False,Metabolic and endocrine,Diabetes mellitus,1,,6-10,shared_activity,Balanced,35.8,Medium
P000908,30-44,Man,2,English,False,Mental health,Anxiety or depression,2,Painful condition,3-5,social_connection,Balanced,50.4,High
P000909,30-44,Woman,3,English,False,Musculoskeletal and chronic pain,Painful condition,2,Chronic kidney disease,3-5,emotional_support,Balanced,57.6,Medium
P000910,60-74,Man,4,English,True,Mental health,Anxiety or depression,1,,3-5,shared_activity,Seeking,39.4,Medium
P000911,45-59,Man,5,English,False,Mental health,Anxiety or depression,2,Painful condition,11-20,social_connection,Offering,56.6,High
P000912,60-74,Man,4,English,False,Renal,Chronic kidney disease,4,Painful condition;COPD;Anxiety or depression,11-20,social_connection,Offering,59.5,Medium
P000913,60-74,Woman,5,English,False,Mental health,Anxiety or depression,4,COPD;Diabetes mellitus;Cancer,11-20,accountability,Balanced,53.1,Medium
P000914,60-74,Man,4,English,False,Renal,Chronic kidney disease,4,Anxiety or depression;Diabetes mellitus;Coronary heart disease,11-20,social_connection,Balanced,44.8,Medium
P000915,45-59,Woman,2,English,False,Cardiovascular,Atrial fibrillation,2,Anxiety or depression,<1,accountability,Seeking,48.5,Medium
P000916,60-74,Woman,1,Other,True,Metabolic and endocrine,Diabetes mellitus,1,,6-10,accountability,Seeking,62.5,Medium
P000917,60-74,Woman,4,English,True,Cardiovascular,Stroke and TIA,1,,6-10,self_management_info,Seeking,50.0,Low
P000918,45-59,Man,4,English,True,Mental health,Anxiety or depression,2,Painful condition,1-2,emotional_support,Balanced,55.3,Medium
P000919,75+,Woman,5,English,False,Musculoskeletal and chronic pain,Painful condition,1,,11-20,social_connection,Balanced,31.0,Medium
P000920,60-74,Woman,2,English,True,Musculoskeletal and chronic pain,Painful condition,2,Diabetes mellitus,6-10,social_connection,Seeking,54.7,Medium
P000921,60-74,Woman,5,English,False,Cancer experience,Cancer,2,Stroke and TIA,<1,shared_activity,Balanced,42.9,Medium
P000922,75+,Woman,2,English,False,Metabolic and endocrine,Diabetes mellitus,1,,20+,self_management_info,Balanced,46.8,High
P000923,45-59,Man,2,English,True,Respiratory,COPD,1,,3-5,self_management_info,Offering,41.5,Low
P000924,30-44,Man,1,English,False,Musculoskeletal and chronic pain,Painful condition,2,Anxiety or depression,3-5,accountability,Balanced,57.2,Low
P000925,45-59,Man,4,English,False,Cardiovascular,Coronary heart disease,4,Anxiety or depression;Diabetes mellitus;Heart failure,3-5,accountability,Seeking,36.8,Medium
P000926,60-74,Man,3,English,False,Metabolic and endocrine,Diabetes mellitus,1,,6-10,emotional_support,Balanced,51.0,Low
P000927,60-74,Man,2,English,False,Musculoskeletal and chronic pain,Painful condition,6,Diabetes mellitus;Anxiety or depression;Cancer;Stroke and TIA;Connective tissue disorder,6-10,emotional_support,Seeking,41.0,Low
P000928,75+,Man,4,English,True,Musculoskeletal and chronic pain,Painful condition,2,Anxiety or depression,20+,shared_activity,Seeking,49.4,Medium
P000929,45-59,Woman,2,English,True,Renal,Chronic kidney disease,2,Anxiety or depression,6-10,shared_activity,Balanced,44.8,Medium
P000930,45-59,Woman,3,English,False,Musculoskeletal and chronic pain,Painful condition,3,Chronic kidney disease;Diabetes mellitus,1-2,shared_activity,Balanced,40.4,Low
P000931,75+,Man,3,English,False,Mental health,Anxiety or depression,2,Chronic kidney disease,1-2,social_connection,Seeking,47.1,Low
P000932,30-44,Woman,5,English,False,Cardiovascular,Atrial fibrillation,1,,6-10,self_management_info,Seeking,42.6,Medium
P000933,75+,Man,4,English,True,Mental health,Anxiety or depression,5,Painful condition;Connective tissue disorder;Diabetes mellitus;Heart failure,6-10,social_connection,Seeking,53.8,Medium
P000934,45-59,Woman,1,English,False,Musculoskeletal and chronic pain,Painful condition,5,Anxiety or depression;Coronary heart disease;Diabetes mellitus;Cancer,<1,shared_activity,Balanced,50.0,High
P000935,60-74,Man,4,Romanian,True,Cardiovascular,Heart failure,6,Anxiety or depression;Diabetes mellitus;Painful condition;Chronic kidney disease;Cancer,1-2,self_management_info,Seeking,38.9,High
P000936,60-74,Woman,2,English,False,Mental health,Anxiety or depression,2,Atrial fibrillation,20+,self_management_info,Seeking,44.1,Low
P000937,75+,Woman,4,English,True,Musculoskeletal and chronic pain,Connective tissue disorder,1,,<1,social_connection,Balanced,61.4,High
P000938,60-74,Man,2,English,False,Musculoskeletal and chronic pain,Painful condition,2,Anxiety or depression,<1,emotional_support,Balanced,45.0,Medium
P000939,75+,Woman,2,English,False,Musculoskeletal and chronic pain,Painful condition,2,Chronic kidney disease,<1,social_connection,Seeking,54.4,Medium
P000940,45-59,Woman,1,English,False,Mental health,Anxiety or depression,5,Diabetes mellitus;Painful condition;Connective tissue disorder;COPD,3-5,social_connection,Balanced,57.6,Medium
P000941,45-59,Woman,5,English,False,Cardiovascular,Atrial fibrillation,2,Anxiety or depression,3-5,self_management_info,Seeking,31.9,High
P000942,60-74,Woman,3,English,False,Respiratory,COPD,2,Coronary heart disease,3-5,emotional_support,Seeking,38.7,Low
P000943,75+,Man,1,English,False,Mental health,Anxiety or depression,1,,<1,accountability,Offering,31.3,High
P000944,60-74,Man,2,English,False,Metabolic and endocrine,Diabetes mellitus,2,Atrial fibrillation,<1,social_connection,Balanced,37.7,Medium
P000945,75+,Man,1,Other,True,Musculoskeletal and chronic pain,Painful condition,4,Stroke and TIA;Anxiety or depression;Coronary heart disease,6-10,emotional_support,Seeking,72.1,High
P000946,75+,Man,5,English,True,Mental health,Anxiety or depression,3,Painful condition;Diabetes mellitus,<1,shared_activity,Offering,34.9,Medium
P000947,60-74,Man,5,English,False,Musculoskeletal and chronic pain,Painful condition,2,Anxiety or depression,<1,emotional_support,Balanced,25.0,Medium
P000948,60-74,Man,3,English,True,Cardiovascular,Coronary heart disease,2,Atrial fibrillation,<1,accountability,Balanced,44.8,High
P000949,60-74,Woman,2,English,False,Renal,Chronic kidney disease,1,,1-2,social_connection,Balanced,30.7,Medium
P000950,60-74,Man,1,English,True,Cardiovascular,Stroke and TIA,1,,1-2,self_management_info,Offering,52.5,Medium
P000951,45-59,Man,2,English,True,Cardiovascular,Stroke and TIA,1,,6-10,emotional_support,Balanced,52.1,High
P000952,60-74,Man,3,English,False,Cardiovascular,Coronary heart disease,1,,<1,emotional_support,Offering,35.6,Low
P000953,60-74,Woman,5,English,False,Cardiovascular,Atrial fibrillation,6,Anxiety or depression;COPD;Diabetes mellitus;Painful condition;Stroke and TIA,20+,self_management_info,Offering,63.3,Low
P000954,60-74,Woman,4,English,True,Metabolic and endocrine,Diabetes mellitus,1,,20+,emotional_support,Seeking,46.0,Medium
P000955,75+,Man,1,English,True,Cardiovascular,Coronary heart disease,1,,6-10,emotional_support,Balanced,51.1,Medium
P000956,75+,Man,4,English,True,Musculoskeletal and chronic pain,Painful condition,2,Diabetes mellitus,20+,social_connection,Balanced,55.5,Medium
P000957,60-74,Man,5,English,False,Mental health,Anxiety or depression,3,Stroke and TIA;Painful condition,3-5,social_connection,Balanced,20.0,Medium
P000958,45-59,Woman,2,English,True,Cancer experience,Cancer,2,Diabetes mellitus,1-2,shared_activity,Offering,53.6,Low
P000959,30-44,Man,4,English,False,Cardiovascular,Coronary heart disease,4,Anxiety or depression;Diabetes mellitus;Chronic kidney disease,3-5,emotional_support,Seeking,58.8,Medium
P000960,60-74,Man,4,English,False,Renal,Chronic kidney disease,3,Anxiety or depression;Cancer,6-10,shared_activity,Seeking,33.2,Medium
P000961,18-29,Non-binary or self-describe,3,English,False,Musculoskeletal and chronic pain,Connective tissue disorder,1,,11-20,social_connection,Offering,44.0,High
P000962,60-74,Woman,2,English,False,Musculoskeletal and chronic pain,Painful condition,3,Anxiety or depression;Cancer,20+,social_connection,Seeking,43.4,High
P000963,30-44,Woman,1,English,False,Cardiovascular,Atrial fibrillation,4,Anxiety or depression;Connective tissue disorder;Coronary heart disease,1-2,emotional_support,Balanced,59.2,High
P000964,60-74,Man,3,English,False,Mental health,Anxiety or depression,3,Diabetes mellitus;COPD,3-5,emotional_support,Offering,37.2,Medium
P000965,30-44,Woman,2,English,True,Musculoskeletal and chronic pain,Painful condition,5,Anxiety or depression;Chronic kidney disease;Connective tissue disorder;COPD,6-10,emotional_support,Seeking,75.4,Medium
P000966,30-44,Woman,1,Other,False,Metabolic and endocrine,Diabetes mellitus,2,Anxiety or depression,6-10,emotional_support,Balanced,40.8,Low
P000967,75+,Man,2,English,False,Musculoskeletal and chronic pain,Connective tissue disorder,1,,1-2,self_management_info,Seeking,47.3,Low
P000968,60-74,Woman,5,English,False,Musculoskeletal and chronic pain,Connective tissue disorder,1,,11-20,emotional_support,Seeking,35.3,High
P000969,45-59,Man,5,English,False,Respiratory,COPD,1,,11-20,emotional_support,Balanced,43.3,Low
P000970,30-44,Woman,5,English,False,Metabolic and endocrine,Diabetes mellitus,2,Painful condition,3-5,emotional_support,Balanced,46.0,Medium
P000971,75+,Man,5,English,True,Mental health,Anxiety or depression,1,,1-2,shared_activity,Offering,56.9,Medium
P000972,60-74,Man,1,English,False,Musculoskeletal and chronic pain,Painful condition,2,Stroke and TIA,3-5,accountability,Balanced,38.9,Medium
P000973,30-44,Man,3,English,False,Mental health,Anxiety or depression,1,,6-10,emotional_support,Balanced,47.0,Low
P000974,60-74,Woman,2,English,False,Cardiovascular,Coronary heart disease,4,Anxiety or depression;Diabetes mellitus;COPD,6-10,accountability,Seeking,60.0,Low
P000975,60-74,Woman,1,English,False,Respiratory,COPD,1,,<1,self_management_info,Seeking,39.1,Medium
P000976,45-59,Woman,1,Other,False,Musculoskeletal and chronic pain,Painful condition,1,,3-5,social_connection,Balanced,50.6,Medium
P000977,30-44,Man,3,English,False,Metabolic and endocrine,Diabetes mellitus,1,,<1,social_connection,Seeking,38.6,High
P000978,75+,Woman,4,English,False,Respiratory,COPD,5,Diabetes mellitus;Anxiety or depression;Chronic kidney disease;Painful condition,1-2,self_management_info,Seeking,70.1,Medium
P000979,60-74,Man,2,English,True,Mental health,Anxiety or depression,6,COPD;Painful condition;Chronic kidney disease;Atrial fibrillation;Coronary heart disease,20+,emotional_support,Seeking,56.7,Low
P000980,75+,Woman,1,English,True,Cardiovascular,Coronary heart disease,1,,20+,shared_activity,Seeking,37.9,Medium
P000981,75+,Man,2,English,True,Mental health,Anxiety or depression,1,,11-20,accountability,Balanced,49.2,Low
P000982,75+,Woman,1,Other,False,Mental health,Anxiety or depression,5,Cancer;Chronic kidney disease;Diabetes mellitus;Stroke and TIA,6-10,social_connection,Balanced,43.1,High
P000983,75+,Man,1,English,True,Cardiovascular,Stroke and TIA,3,Painful condition;Anxiety or depression,1-2,accountability,Seeking,68.7,Medium
P000984,30-44,Woman,2,English,False,Mental health,Anxiety or depression,6,Diabetes mellitus;Chronic kidney disease;Painful condition;Connective tissue disorder;Coronary heart disease,<1,shared_activity,Seeking,37.5,Medium
P000985,60-74,Man,2,Other,True,Metabolic and endocrine,Diabetes mellitus,4,Painful condition;Anxiety or depression;Atrial fibrillation,20+,shared_activity,Seeking,46.3,High
P000986,18-29,Woman,2,English,False,Mental health,Anxiety or depression,1,,<1,emotional_support,Balanced,43.3,Medium
P000987,30-44,Woman,5,English,False,Respiratory,COPD,2,Diabetes mellitus,20+,social_connection,Balanced,22.4,Low
P000988,60-74,Man,1,English,False,Musculoskeletal and chronic pain,Painful condition,6,Anxiety or depression;Diabetes mellitus;Cancer;Atrial fibrillation;COPD,<1,emotional_support,Seeking,80.0,Low
P000989,45-59,Woman,3,English,False,Cardiovascular,Coronary heart disease,2,Anxiety or depression,<1,emotional_support,Seeking,49.9,Medium
P000990,45-59,Woman,1,English,False,Cardiovascular,Stroke and TIA,3,Anxiety or depression;Atrial fibrillation,3-5,shared_activity,Seeking,61.4,Low
P000991,75+,Woman,1,English,True,Mental health,Anxiety or depression,2,Coronary heart disease,6-10,emotional_support,Balanced,39.4,Medium
P000992,75+,Woman,4,English,False,Mental health,Anxiety or depression,3,Painful condition;Connective tissue disorder,11-20,social_connection,Seeking,44.0,High
P000993,60-74,Man,4,English,False,Musculoskeletal and chronic pain,Connective tissue disorder,5,Anxiety or depression;COPD;Chronic kidney disease;Coronary heart disease,1-2,shared_activity,Offering,59.0,Medium
P000994,60-74,Woman,2,English,False,Musculoskeletal and chronic pain,Painful condition,1,,6-10,self_management_info,Seeking,53.7,Medium
P000995,45-59,Man,3,English,False,Musculoskeletal and chronic pain,Connective tissue disorder,3,Diabetes mellitus;Anxiety or depression,3-5,shared_activity,Balanced,36.8,Low
P000996,60-74,Man,3,English,False,Metabolic and endocrine,Diabetes mellitus,5,Anxiety or depression;Coronary heart disease;COPD;Stroke and TIA,6-10,self_management_info,Balanced,43.7,Low
P000997,60-74,Woman,2,English,False,Cardiovascular,Heart failure,6,Anxiety or depression;Chronic kidney disease;Diabetes mellitus;Painful condition;Connective tissue disorder,20+,shared_activity,Seeking,61.8,High
P000998,60-74,Woman,4,English,True,Mental health,Anxiety or depression,2,Chronic kidney disease,11-20,accountability,Offering,48.9,Medium
P000999,60-74,Woman,4,English,False,Musculoskeletal and chronic pain,Painful condition,1,,<1,accountability,Seeking,56.0,High
P001000,60-74,Woman,4,English,True,Metabolic and endocrine,Diabetes mellitus,6,Anxiety or depression;Atrial fibrillation;Coronary heart disease;Painful condition;Chronic kidney disease,<1,shared_activity,Seeking,61.4,Medium
P001001,75+,Man,2,English,True,Metabolic and endocrine,Diabetes mellitus,4,Anxiety or depression;Stroke and TIA;COPD,6-10,shared_activity,Offering,60.1,Medium
P001002,75+,Man,3,English,True,Mental health,Anxiety or depression,1,,3-5,self_management_info,Balanced,33.7,Medium
P001003,60-74,Woman,5,English,False,Mental health,Anxiety or depression,3,Diabetes mellitus;Painful condition,<1,shared_activity,Seeking,43.5,High
P001004,30-44,Man,3,Other,False,Mental health,Anxiety or depression,1,,20+,social_connection,Balanced,46.4,Medium
P001005,60-74,Man,2,English,False,Musculoskeletal and chronic pain,Painful condition,3,Anxiety or depression;Atrial fibrillation,11-20,shared_activity,Balanced,33.4,Medium
P001006,45-59,Woman,3,English,True,Mental health,Anxiety or depression,1,,20+,accountability,Offering,56.5,High
P001007,60-74,Woman,4,English,False,Cardiovascular,Atrial fibrillation,6,Painful condition;Anxiety or depression;Chronic kidney disease;Diabetes mellitus;Stroke and TIA,11-20,accountability,Seeking,47.6,Low
P001008,45-59,Man,1,Other,False,Mental health,Anxiety or depression,1,,1-2,accountability,Balanced,46.8,High
P001009,30-44,Non-binary or self-describe,2,English,False,Cardiovascular,Coronary heart disease,1,,6-10,self_management_info,Seeking,48.5,Low
P001010,60-74,Woman,2,English,False,Metabolic and endocrine,Diabetes mellitus,1,,<1,accountability,Offering,37.4,High
P001011,60-74,Man,3,English,False,Musculoskeletal and chronic pain,Painful condition,1,,3-5,self_management_info,Seeking,51.8,Medium
P001012,60-74,Woman,2,English,False,Musculoskeletal and chronic pain,Painful condition,3,Anxiety or depression;Diabetes mellitus,11-20,emotional_support,Balanced,62.8,Medium
P001013,75+,Woman,4,English,True,Musculoskeletal and chronic pain,Painful condition,5,Anxiety or depression;Cancer;Chronic kidney disease;Diabetes mellitus,<1,self_management_info,Offering,50.7,High
P001014,45-59,Woman,5,English,True,Cardiovascular,Atrial fibrillation,2,Painful condition,3-5,self_management_info,Balanced,47.3,High
P001015,60-74,Man,3,English,False,Mental health,Anxiety or depression,3,Diabetes mellitus;Atrial fibrillation,3-5,self_management_info,Balanced,37.8,Medium
P001016,45-59,Woman,5,English,True,Cardiovascular,Atrial fibrillation,3,Anxiety or depression;Chronic kidney disease,6-10,emotional_support,Seeking,51.6,High
P001017,75+,Man,4,English,True,Cancer experience,Cancer,1,,20+,self_management_info,Balanced,47.7,Low
P001018,60-74,Man,2,English,True,Musculoskeletal and chronic pain,Connective tissue disorder,2,Coronary heart disease,11-20,self_management_info,Balanced,49.7,Medium
P001019,60-74,Man,3,Other,False,Metabolic and endocrine,Diabetes mellitus,6,Anxiety or depression;Connective tissue disorder;Atrial fibrillation;Painful condition;Cancer,1-2,accountability,Balanced,51.8,Low
P001020,75+,Man,5,English,False,Metabolic and endocrine,Diabetes mellitus,4,Anxiety or depression;Painful condition;Coronary heart disease,3-5,accountability,Balanced,64.7,High
P001021,75+,Woman,5,English,False,Cardiovascular,Heart failure,1,,3-5,social_connection,Balanced,35.9,Medium
P001022,75+,Woman,5,English,True,Musculoskeletal and chronic pain,Painful condition,3,Anxiety or depression;Stroke and TIA,3-5,accountability,Balanced,57.1,Medium
P001023,30-44,Woman,4,English,False,Cardiovascular,Coronary heart disease,1,,11-20,accountability,Offering,41.0,High
P001024,45-59,Woman,1,English,False,Musculoskeletal and chronic pain,Connective tissue disorder,1,,11-20,shared_activity,Seeking,35.5,High
P001025,18-29,Woman,5,English,False,Mental health,Anxiety or depression,2,Painful condition,11-20,social_connection,Balanced,46.8,Low
P001026,45-59,Man,2,English,False,Musculoskeletal and chronic pain,Painful condition,2,Anxiety or depression,20+,emotional_support,Balanced,53.3,Low
P001027,60-74,Man,5,English,False,Cardiovascular,Coronary heart disease,2,Painful condition,1-2,self_management_info,Balanced,42.2,Medium
P001028,18-29,Woman,1,English,False,Cancer experience,Cancer,5,Diabetes mellitus;Anxiety or depression;Painful condition;Connective tissue disorder,<1,social_connection,Balanced,71.1,High
P001029,60-74,Man,4,Polish,False,Cancer experience,Cancer,1,,3-5,accountability,Balanced,38.7,Low
P001030,60-74,Woman,1,English,False,Mental health,Anxiety or depression,2,Coronary heart disease,3-5,self_management_info,Offering,35.1,Medium
P001031,75+,Woman,1,English,True,Mental health,Anxiety or depression,2,Cancer,6-10,social_connection,Seeking,50.9,High
P001032,45-59,Man,5,English,True,Mental health,Anxiety or depression,5,Cancer;Coronary heart disease;Painful condition;COPD,6-10,social_connection,Balanced,56.8,High
P001033,60-74,Man,3,English,True,Cardiovascular,Atrial fibrillation,1,,1-2,social_connection,Seeking,37.6,Low
P001034,30-44,Woman,3,English,False,Metabolic and endocrine,Diabetes mellitus,1,,3-5,self_management_info,Seeking,43.0,Medium
P001035,75+,Man,5,English,True,Mental health,Anxiety or depression,1,,<1,shared_activity,Balanced,53.0,Low
P001036,30-44,Woman,4,English,False,Metabolic and endocrine,Diabetes mellitus,1,,11-20,shared_activity,Offering,43.0,High
P001037,60-74,Woman,1,Romanian,True,Metabolic and endocrine,Diabetes mellitus,3,Anxiety or depression;Painful condition,3-5,social_connection,Balanced,43.5,Medium
P001038,18-29,Man,4,English,False,Mental health,Anxiety or depression,4,Painful condition;Connective tissue disorder;Diabetes mellitus,6-10,emotional_support,Seeking,47.6,Medium
P001039,45-59,Man,3,English,False,Metabolic and endocrine,Diabetes mellitus,1,,6-10,self_management_info,Balanced,42.2,Medium
P001040,30-44,Man,5,English,False,Mental health,Anxiety or depression,1,,1-2,shared_activity,Balanced,28.6,Medium
P001041,45-59,Woman,1,English,True,Respiratory,COPD,4,Anxiety or depression;Painful condition;Coronary heart disease,11-20,emotional_support,Balanced,75.0,Medium
P001042,45-59,Man,1,English,False,Musculoskeletal and chronic pain,Painful condition,4,Anxiety or depression;Chronic kidney disease;Coronary heart disease,6-10,accountability,Seeking,51.2,Medium
P001043,60-74,Woman,1,English,False,Musculoskeletal and chronic pain,Painful condition,2,Anxiety or depression,<1,emotional_support,Seeking,55.2,High
P001044,18-29,Woman,3,English,False,Musculoskeletal and chronic pain,Painful condition,1,,<1,self_management_info,Balanced,57.3,Medium
P001045,45-59,Woman,1,English,False,Metabolic and endocrine,Diabetes mellitus,1,,<1,accountability,Balanced,48.3,High
P001046,45-59,Man,2,English,False,Cardiovascular,Heart failure,1,,20+,social_connection,Offering,42.3,Medium
P001047,75+,Woman,5,English,False,Cancer experience,Cancer,1,,6-10,social_connection,Balanced,34.6,Medium
P001048,30-44,Man,5,English,False,Cancer experience,Cancer,1,,6-10,shared_activity,Offering,43.2,Low
P001049,45-59,Woman,2,English,False,Mental health,Anxiety or depression,1,,3-5,shared_activity,Offering,41.2,High
P001050,75+,Man,4,English,False,Cardiovascular,Coronary heart disease,2,Stroke and TIA,1-2,emotional_support,Balanced,27.8,High
P001051,60-74,Woman,5,English,True,Renal,Chronic kidney disease,3,Cancer;Anxiety or depression,11-20,social_connection,Balanced,51.5,Low
P001052,75+,Man,3,English,True,Musculoskeletal and chronic pain,Painful condition,2,Heart failure,<1,self_management_info,Balanced,58.4,Medium
P001053,60-74,Man,2,English,False,Mental health,Anxiety or depression,3,Chronic kidney disease;Cancer,11-20,shared_activity,Seeking,39.2,Medium
P001054,45-59,Man,3,English,False,Renal,Chronic kidney disease,1,,20+,accountability,Seeking,58.2,Medium
P001055,75+,Woman,4,English,True,Cardiovascular,Coronary heart disease,5,Anxiety or depression;COPD;Painful condition;Cancer,11-20,shared_activity,Seeking,58.8,High
P001056,60-74,Woman,4,English,False,Cardiovascular,Atrial fibrillation,1,,6-10,accountability,Balanced,39.4,Medium
P001057,60-74,Man,2,English,False,Metabolic and endocrine,Diabetes mellitus,6,Anxiety or depression;Painful condition;Atrial fibrillation;Stroke and TIA;COPD,<1,emotional_support,Offering,73.2,Medium
P001058,45-59,Man,2,English,False,Cardiovascular,Coronary heart disease,3,Painful condition;Diabetes mellitus,1-2,self_management_info,Seeking,44.5,Medium
P001059,75+,Woman,3,English,False,Musculoskeletal and chronic pain,Connective tissue disorder,3,Anxiety or depression;Chronic kidney disease,11-20,self_management_info,Offering,40.8,Low
P001060,75+,Man,3,English,False,Musculoskeletal and chronic pain,Painful condition,4,Anxiety or depression;Diabetes mellitus;Cancer,6-10,social_connection,Seeking,44.5,Low
P001061,45-59,Woman,5,English,False,Renal,Chronic kidney disease,3,COPD;Anxiety or depression,<1,social_connection,Balanced,48.5,Low
P001062,75+,Woman,2,English,True,Mental health,Anxiety or depression,1,,<1,shared_activity,Balanced,32.0,Medium
P001063,30-44,Man,4,English,False,Mental health,Anxiety or depression,1,,3-5,accountability,Balanced,36.6,Medium
P001064,60-74,Man,5,English,False,Renal,Chronic kidney disease,1,,1-2,self_management_info,Seeking,25.9,High
P001065,75+,Woman,5,English,True,Mental health,Anxiety or depression,2,Painful condition,1-2,emotional_support,Offering,51.1,Low
P001066,45-59,Woman,4,English,False,Cardiovascular,Coronary heart disease,5,Anxiety or depression;Connective tissue disorder;Heart failure;Painful condition,6-10,social_connection,Offering,52.9,Low
P001067,75+,Man,2,English,False,Musculoskeletal and chronic pain,Painful condition,1,,20+,accountability,Balanced,28.0,Medium
P001068,30-44,Man,5,English,False,Mental health,Anxiety or depression,2,Painful condition,6-10,emotional_support,Balanced,33.8,Low
P001069,45-59,Man,4,English,True,Renal,Chronic kidney disease,4,Anxiety or depression;Heart failure;Painful condition,3-5,shared_activity,Balanced,73.0,High
P001070,30-44,Woman,1,English,False,Metabolic and endocrine,Diabetes mellitus,1,,20+,self_management_info,Balanced,41.1,Medium
P001071,18-29,Woman,5,English,False,Metabolic and endocrine,Diabetes mellitus,1,,<1,emotional_support,Balanced,41.2,Low
P001072,60-74,Man,5,English,False,Mental health,Anxiety or depression,1,,1-2,emotional_support,Balanced,28.2,Low
P001073,45-59,Woman,4,English,True,Mental health,Anxiety or depression,2,Diabetes mellitus,6-10,shared_activity,Offering,39.2,Medium
P001074,60-74,Man,4,English,False,Cardiovascular,Coronary heart disease,4,Diabetes mellitus;Anxiety or depression;Painful condition,11-20,shared_activity,Balanced,59.7,High
P001075,45-59,Man,3,English,False,Cardiovascular,Coronary heart disease,2,Anxiety or depression,11-20,self_management_info,Seeking,52.4,Medium
P001076,60-74,Man,2,English,False,Mental health,Anxiety or depression,2,Diabetes mellitus,<1,emotional_support,Balanced,39.6,Low
P001077,60-74,Woman,1,English,False,Musculoskeletal and chronic pain,Painful condition,2,Anxiety or depression,11-20,self_management_info,Balanced,36.9,Medium
P001078,75+,Woman,4,English,False,Metabolic and endocrine,Diabetes mellitus,4,Anxiety or depression;Painful condition;Coronary heart disease,11-20,self_management_info,Seeking,67.0,Medium
P001079,60-74,Man,5,English,False,Respiratory,COPD,4,Anxiety or depression;Painful condition;Stroke and TIA,1-2,emotional_support,Seeking,48.0,High
P001080,60-74,Man,1,English,False,Musculoskeletal and chronic pain,Painful condition,1,,3-5,accountability,Seeking,36.5,Medium
P001081,60-74,Man,2,English,True,Renal,Chronic kidney disease,1,,6-10,shared_activity,Offering,31.5,High
P001082,60-74,Man,4,English,True,Musculoskeletal and chronic pain,Connective tissue disorder,4,Anxiety or depression;Diabetes mellitus;Chronic kidney disease,3-5,emotional_support,Seeking,71.2,High
P001083,45-59,Woman,5,Other,False,Metabolic and endocrine,Diabetes mellitus,2,Painful condition,11-20,self_management_info,Offering,58.9,Medium
P001084,18-29,Woman,5,English,False,Musculoskeletal and chronic pain,Painful condition,1,,6-10,emotional_support,Balanced,50.1,Medium
P001085,75+,Woman,5,English,True,Cardiovascular,Coronary heart disease,1,,20+,emotional_support,Seeking,33.8,High
P001086,75+,Woman,1,English,False,Musculoskeletal and chronic pain,Painful condition,2,Cancer,20+,accountability,Balanced,68.3,Medium
P001087,75+,Man,3,English,False,Cancer experience,Cancer,2,Anxiety or depression,1-2,social_connection,Balanced,51.3,High
P001088,18-29,Woman,4,English,False,Musculoskeletal and chronic pain,Painful condition,1,,6-10,social_connection,Balanced,29.0,Medium
P001089,45-59,Man,1,English,False,Cardiovascular,Stroke and TIA,5,Anxiety or depression;Painful condition;Diabetes mellitus;Chronic kidney disease,6-10,shared_activity,Balanced,49.0,Medium
P001090,45-59,Man,2,English,True,Mental health,Anxiety or depression,3,Atrial fibrillation;COPD,20+,emotional_support,Seeking,57.6,High
P001091,18-29,Man,2,English,False,Mental health,Anxiety or depression,1,,1-2,social_connection,Seeking,29.7,High
P001092,60-74,Man,4,English,False,Cardiovascular,Coronary heart disease,1,,11-20,social_connection,Balanced,29.3,Medium
P001093,45-59,Man,1,English,False,Cardiovascular,Coronary heart disease,1,,3-5,self_management_info,Seeking,40.3,High
P001094,45-59,Man,3,Other,False,Musculoskeletal and chronic pain,Painful condition,3,Anxiety or depression;COPD,<1,emotional_support,Seeking,23.4,Medium
P001095,60-74,Woman,1,English,False,Mental health,Anxiety or depression,4,Painful condition;Diabetes mellitus;Chronic kidney disease,<1,shared_activity,Seeking,48.1,Low
P001096,45-59,Woman,1,English,False,Mental health,Anxiety or depression,1,,<1,accountability,Seeking,61.6,Low
P001097,45-59,Woman,5,English,False,Renal,Chronic kidney disease,1,,<1,emotional_support,Balanced,53.9,Low
P001098,60-74,Man,2,English,False,Metabolic and endocrine,Diabetes mellitus,1,,11-20,accountability,Seeking,41.9,Medium
P001099,45-59,Woman,2,English,False,Cardiovascular,Atrial fibrillation,3,Anxiety or depression;Painful condition,6-10,self_management_info,Seeking,50.0,Medium
P001100,75+,Man,4,English,False,Musculoskeletal and chronic pain,Painful condition,6,Anxiety or depression;Coronary heart disease;Cancer;Chronic kidney disease;COPD,1-2,social_connection,Seeking,48.7,High
P001101,75+,Woman,5,English,True,Cardiovascular,Atrial fibrillation,1,,1-2,emotional_support,Seeking,69.5,High
P001102,45-59,Woman,3,English,True,Metabolic and endocrine,Diabetes mellitus,2,Anxiety or depression,<1,social_connection,Balanced,41.2,High
P001103,75+,Man,1,Other,False,Musculoskeletal and chronic pain,Painful condition,6,Anxiety or depression;Diabetes mellitus;Connective tissue disorder;Coronary heart disease;COPD,20+,emotional_support,Seeking,42.1,Low
P001104,75+,Woman,4,English,True,Mental health,Anxiety or depression,4,Connective tissue disorder;Painful condition;Diabetes mellitus,6-10,shared_activity,Seeking,43.2,Medium
P001105,60-74,Man,2,English,False,Mental health,Anxiety or depression,4,Diabetes mellitus;Coronary heart disease;Chronic kidney disease,1-2,self_management_info,Seeking,50.5,Medium
P001106,75+,Man,3,English,True,Cardiovascular,Atrial fibrillation,3,Chronic kidney disease;Anxiety or depression,1-2,shared_activity,Balanced,50.7,Low
P001107,75+,Woman,1,English,False,Mental health,Anxiety or depression,2,Chronic kidney disease,11-20,emotional_support,Balanced,60.7,Low
P001108,60-74,Woman,5,English,False,Musculoskeletal and chronic pain,Painful condition,1,,20+,accountability,Balanced,42.2,Medium
P001109,75+,Woman,5,Other,True,Respiratory,COPD,1,,20+,emotional_support,Seeking,48.1,High
P001110,45-59,Man,1,English,False,Mental health,Anxiety or depression,2,Heart failure,3-5,emotional_support,Offering,63.9,Medium
P001111,75+,Man,5,English,False,Mental health,Anxiety or depression,2,Stroke and TIA,11-20,social_connection,Offering,32.7,Low
P001112,45-59,Woman,1,English,False,Metabolic and endocrine,Diabetes mellitus,1,,<1,self_management_info,Offering,47.3,Medium
P001113,60-74,Woman,5,English,True,Renal,Chronic kidney disease,2,Anxiety or depression,<1,accountability,Balanced,56.8,Medium
P001114,75+,Woman,1,English,False,Musculoskeletal and chronic pain,Painful condition,1,,1-2,shared_activity,Balanced,42.7,Medium
P001115,45-59,Woman,2,English,False,Musculoskeletal and chronic pain,Painful condition,2,Connective tissue disorder,<1,emotional_support,Offering,38.1,High
P001116,45-59,Woman,3,English,False,Cardiovascular,Coronary heart disease,5,Painful condition;Diabetes mellitus;Anxiety or depression;Atrial fibrillation,3-5,social_connection,Offering,47.6,Medium
P001117,45-59,Man,4,English,False,Mental health,Anxiety or depression,2,Heart failure,<1,accountability,Seeking,55.0,Medium
P001118,75+,Man,4,English,True,Musculoskeletal and chronic pain,Painful condition,4,Anxiety or depression;Diabetes mellitus;COPD,20+,self_management_info,Offering,57.6,Low
P001119,75+,Man,1,English,True,Cancer experience,Cancer,3,Anxiety or depression;Diabetes mellitus,1-2,social_connection,Balanced,58.1,Low
P001120,30-44,Man,4,English,False,Mental health,Anxiety or depression,1,,11-20,social_connection,Seeking,46.1,High
P001121,30-44,Man,3,English,True,Cardiovascular,Coronary heart disease,1,,6-10,shared_activity,Seeking,42.9,Medium
P001122,60-74,Man,4,English,False,Musculoskeletal and chronic pain,Painful condition,1,,11-20,self_management_info,Balanced,34.2,Medium
P001123,60-74,Man,2,English,True,Cardiovascular,Coronary heart disease,1,,20+,social_connection,Offering,66.7,Medium
P001124,60-74,Man,4,English,True,Metabolic and endocrine,Diabetes mellitus,1,,11-20,social_connection,Seeking,38.8,High
P001125,60-74,Woman,2,English,True,Cardiovascular,Heart failure,1,,11-20,social_connection,Seeking,51.2,Medium
P001126,75+,Man,4,English,False,Cardiovascular,Coronary heart disease,2,Anxiety or depression,11-20,social_connection,Seeking,34.3,Low
P001127,18-29,Man,1,English,False,Mental health,Anxiety or depression,1,,3-5,emotional_support,Balanced,50.1,Medium
P001128,60-74,Man,5,English,True,Mental health,Anxiety or depression,5,Diabetes mellitus;Painful condition;Coronary heart disease;COPD,6-10,accountability,Seeking,56.5,Medium
P001129,30-44,Man,5,English,False,Metabolic and endocrine,Diabetes mellitus,1,,3-5,self_management_info,Seeking,21.8,Medium
P001130,18-29,Man,1,English,False,Metabolic and endocrine,Diabetes mellitus,1,,6-10,accountability,Offering,53.5,Medium
P001131,60-74,Woman,1,English,False,Cancer experience,Cancer,1,,6-10,shared_activity,Balanced,43.6,Low
P001132,60-74,Man,2,English,False,Mental health,Anxiety or depression,3,Stroke and TIA;Connective tissue disorder,<1,accountability,Balanced,56.2,Medium
P001133,18-29,Man,2,English,False,Mental health,Anxiety or depression,1,,1-2,shared_activity,Seeking,37.3,Low
P001134,75+,Man,4,Other,True,Renal,Chronic kidney disease,2,Painful condition,1-2,accountability,Balanced,60.0,Low
P001135,75+,Woman,4,English,False,Musculoskeletal and chronic pain,Painful condition,3,Anxiety or depression;Coronary heart disease,11-20,social_connection,Balanced,41.2,High
P001136,75+,Man,2,English,True,Cancer experience,Cancer,6,Anxiety or depression;Painful condition;Diabetes mellitus;Chronic kidney disease;Coronary heart disease,3-5,social_connection,Balanced,74.7,High
P001137,30-44,Woman,5,English,False,Respiratory,COPD,1,,<1,accountability,Balanced,45.5,Medium
P001138,45-59,Woman,3,English,False,Mental health,Anxiety or depression,6,Painful condition;Diabetes mellitus;Coronary heart disease;Chronic kidney disease;Atrial fibrillation,11-20,shared_activity,Seeking,64.5,Medium
P001139,60-74,Man,1,English,False,Cardiovascular,Coronary heart disease,2,Anxiety or depression,3-5,emotional_support,Balanced,35.3,Low
P001140,60-74,Man,1,English,False,Musculoskeletal and chronic pain,Painful condition,2,Coronary heart disease,11-20,emotional_support,Offering,38.8,Medium
P001141,60-74,Man,4,English,False,Cardiovascular,Coronary heart disease,1,,<1,emotional_support,Balanced,26.9,Medium
P001142,75+,Woman,3,English,True,Musculoskeletal and chronic pain,Painful condition,4,Anxiety or depression;Atrial fibrillation;COPD,3-5,shared_activity,Balanced,44.4,Low
P001143,45-59,Man,4,English,True,Cardiovascular,Stroke and TIA,1,,20+,shared_activity,Balanced,40.2,Medium
P001144,60-74,Woman,3,English,False,Renal,Chronic kidney disease,6,Anxiety or depression;Painful condition;Connective tissue disorder;COPD;Coronary heart disease,11-20,shared_activity,Seeking,58.3,High
P001145,75+,Man,5,English,False,Renal,Chronic kidney disease,2,COPD,20+,emotional_support,Balanced,37.0,High
P001146,75+,Man,5,English,True,Musculoskeletal and chronic pain,Painful condition,2,Anxiety or depression,6-10,shared_activity,Seeking,73.3,High
P001147,45-59,Man,4,English,False,Musculoskeletal and chronic pain,Painful condition,1,,1-2,emotional_support,Seeking,38.6,Medium
P001148,45-59,Man,1,English,True,Cardiovascular,Atrial fibrillation,1,,3-5,self_management_info,Offering,55.3,Medium
P001149,60-74,Man,5,English,False,Renal,Chronic kidney disease,2,Coronary heart disease,11-20,emotional_support,Balanced,23.0,Medium
P001150,75+,Man,3,English,False,Renal,Chronic kidney disease,2,Anxiety or depression,<1,shared_activity,Balanced,47.3,Medium
P001151,45-59,Man,2,English,False,Cardiovascular,Coronary heart disease,2,Anxiety or depression,1-2,accountability,Balanced,40.7,Low
P001152,45-59,Woman,1,English,False,Musculoskeletal and chronic pain,Painful condition,2,Anxiety or depression,6-10,shared_activity,Seeking,46.2,High
P001153,45-59,Woman,5,English,False,Musculoskeletal and chronic pain,Painful condition,1,,3-5,social_connection,Balanced,38.3,Medium
P001154,30-44,Man,3,English,False,Cardiovascular,Atrial fibrillation,2,Painful condition,6-10,emotional_support,Balanced,37.6,Low
P001155,30-44,Man,1,English,False,Respiratory,COPD,1,,11-20,self_management_info,Balanced,40.2,Medium
P001156,30-44,Woman,5,English,False,Musculoskeletal and chronic pain,Painful condition,1,,3-5,self_management_info,Balanced,40.4,Low
P001157,45-59,Woman,5,English,False,Cardiovascular,Atrial fibrillation,1,,11-20,shared_activity,Balanced,24.2,High
P001158,75+,Non-binary or self-describe,4,English,False,Cardiovascular,Stroke and TIA,1,,1-2,self_management_info,Offering,48.3,Low
P001159,60-74,Woman,4,Other,False,Musculoskeletal and chronic pain,Painful condition,2,Anxiety or depression,3-5,self_management_info,Offering,51.5,High
P001160,60-74,Man,3,English,False,Musculoskeletal and chronic pain,Painful condition,1,,11-20,self_management_info,Balanced,29.9,Low
P001161,45-59,Woman,4,Other,False,Metabolic and endocrine,Diabetes mellitus,1,,<1,emotional_support,Balanced,59.4,Medium
P001162,60-74,Woman,1,English,True,Musculoskeletal and chronic pain,Painful condition,2,Anxiety or depression,20+,accountability,Balanced,56.4,Medium
P001163,60-74,Woman,1,English,False,Renal,Chronic kidney disease,2,Anxiety or depression,3-5,emotional_support,Balanced,32.1,High
P001164,60-74,Woman,1,English,True,Musculoskeletal and chronic pain,Connective tissue disorder,4,Painful condition;Anxiety or depression;Chronic kidney disease,20+,emotional_support,Balanced,44.0,Low
P001165,75+,Man,2,English,False,Musculoskeletal and chronic pain,Painful condition,2,Anxiety or depression,20+,self_management_info,Seeking,41.7,Medium
P001166,75+,Woman,4,English,False,Metabolic and endocrine,Diabetes mellitus,1,,1-2,shared_activity,Balanced,33.4,Medium
P001167,75+,Man,1,English,True,Cardiovascular,Stroke and TIA,2,Diabetes mellitus,<1,self_management_info,Balanced,46.5,Medium
P001168,45-59,Man,2,Other,False,Cardiovascular,Stroke and TIA,3,Diabetes mellitus;Atrial fibrillation,6-10,accountability,Seeking,53.4,High
P001169,30-44,Woman,5,English,False,Musculoskeletal and chronic pain,Painful condition,1,,11-20,self_management_info,Offering,23.2,High
P001170,60-74,Woman,5,English,False,Renal,Chronic kidney disease,1,,1-2,self_management_info,Seeking,40.9,High
P001171,60-74,Man,1,English,True,Metabolic and endocrine,Diabetes mellitus,2,Anxiety or depression,1-2,accountability,Balanced,46.5,Medium
P001172,45-59,Man,3,English,False,Musculoskeletal and chronic pain,Painful condition,2,Anxiety or depression,6-10,self_management_info,Balanced,49.1,Medium
P001173,60-74,Woman,1,English,False,Renal,Chronic kidney disease,6,Anxiety or depression;Painful condition;Atrial fibrillation;Cancer;Coronary heart disease,20+,social_connection,Seeking,66.1,High
P001174,75+,Man,1,English,True,Mental health,Anxiety or depression,2,Connective tissue disorder,1-2,accountability,Balanced,60.2,Low
P001175,30-44,Man,1,English,False,Cardiovascular,Coronary heart disease,1,,20+,shared_activity,Seeking,44.9,High
P001176,60-74,Woman,5,English,False,Cardiovascular,Coronary heart disease,1,,6-10,self_management_info,Seeking,27.5,Low
P001177,60-74,Woman,5,Other,False,Musculoskeletal and chronic pain,Painful condition,3,Anxiety or depression;Diabetes mellitus,<1,social_connection,Seeking,45.3,Medium
P001178,60-74,Woman,4,English,False,Cardiovascular,Atrial fibrillation,2,Anxiety or depression,3-5,self_management_info,Offering,40.1,High
P001179,60-74,Man,3,Other,False,Renal,Chronic kidney disease,1,,20+,emotional_support,Offering,58.0,Medium
P001180,45-59,Woman,4,English,False,Cardiovascular,Stroke and TIA,1,,3-5,social_connection,Balanced,53.0,Low
P001181,45-59,Man,5,Panjabi,False,Respiratory,COPD,1,,<1,shared_activity,Balanced,36.0,Low
P001182,60-74,Woman,1,English,True,Cancer experience,Cancer,5,Anxiety or depression;Coronary heart disease;Chronic kidney disease;Painful condition,3-5,accountability,Seeking,60.4,Medium
P001183,45-59,Woman,1,English,False,Mental health,Anxiety or depression,2,Painful condition,3-5,self_management_info,Seeking,48.5,Medium
P001184,60-74,Man,1,English,False,Cancer experience,Cancer,2,Anxiety or depression,20+,emotional_support,Balanced,61.4,Medium
P001185,45-59,Man,5,English,False,Mental health,Anxiety or depression,1,,20+,emotional_support,Seeking,20.0,Medium
P001186,60-74,Man,4,English,False,Metabolic and endocrine,Diabetes mellitus,3,Anxiety or depression;Painful condition,3-5,emotional_support,Balanced,54.6,Medium
P001187,60-74,Man,5,English,False,Cancer experience,Cancer,2,Anxiety or depression,6-10,social_connection,Balanced,44.2,Low
P001188,30-44,Woman,1,English,False,Renal,Chronic kidney disease,1,,1-2,accountability,Balanced,54.3,High
P001189,45-59,Woman,1,English,False,Cardiovascular,Atrial fibrillation,1,,6-10,self_management_info,Seeking,44.6,Low
P001190,75+,Man,3,English,True,Musculoskeletal and chronic pain,Painful condition,1,,20+,shared_activity,Seeking,53.1,Medium
P001191,30-44,Woman,2,English,False,Cancer experience,Cancer,1,,3-5,self_management_info,Seeking,26.4,High
P001192,75+,Woman,5,English,False,Respiratory,COPD,1,,11-20,accountability,Balanced,33.1,Low
P001193,75+,Man,4,Other,False,Cardiovascular,Coronary heart disease,3,Anxiety or depression;Atrial fibrillation,1-2,accountability,Balanced,45.6,High
P001194,75+,Woman,5,English,True,Metabolic and endocrine,Diabetes mellitus,1,,1-2,social_connection,Seeking,42.4,Medium
P001195,45-59,Man,1,English,False,Mental health,Anxiety or depression,1,,3-5,social_connection,Offering,59.5,Low
P001196,30-44,Woman,2,English,True,Mental health,Anxiety or depression,2,Stroke and TIA,11-20,shared_activity,Seeking,59.0,Low
P001197,75+,Woman,3,English,False,Renal,Chronic kidney disease,2,Painful condition,3-5,self_management_info,Balanced,56.6,Low
P001198,45-59,Man,2,Other,False,Mental health,Anxiety or depression,2,Atrial fibrillation,<1,accountability,Seeking,45.1,Low
P001199,75+,Man,4,English,False,Cardiovascular,Coronary heart disease,1,,6-10,accountability,Balanced,45.1,Low
P001200,45-59,Woman,5,English,True,Musculoskeletal and chronic pain,Connective tissue disorder,1,,<1,accountability,Offering,35.5,Low
P001201,75+,Man,1,English,False,Metabolic and endocrine,Diabetes mellitus,2,Anxiety or depression,3-5,self_management_info,Seeking,61.7,High
P001202,45-59,Woman,4,English,False,Metabolic and endocrine,Diabetes mellitus,6,Coronary heart disease;Anxiety or depression;Atrial fibrillation;Painful condition;Chronic kidney disease,6-10,shared_activity,Balanced,56.8,High
P001203,60-74,Man,1,English,True,Metabolic and endocrine,Diabetes mellitus,1,,6-10,emotional_support,Seeking,49.4,Low
P001204,18-29,Woman,5,English,False,Metabolic and endocrine,Diabetes mellitus,1,,3-5,self_management_info,Seeking,32.9,Medium
P001205,60-74,Woman,3,English,False,Cancer experience,Cancer,1,,1-2,accountability,Offering,57.2,Medium
P001206,75+,Woman,3,English,True,Metabolic and endocrine,Diabetes mellitus,6,Anxiety or depression;Atrial fibrillation;Painful condition;Cancer;Chronic kidney disease,<1,self_management_info,Balanced,44.1,High
P001207,45-59,Man,2,English,False,Respiratory,COPD,1,,6-10,self_management_info,Balanced,46.8,High
P001208,60-74,Man,4,English,False,Mental health,Anxiety or depression,5,Stroke and TIA;Connective tissue disorder;Chronic kidney disease;Diabetes mellitus,<1,emotional_support,Balanced,45.7,Medium
P001209,45-59,Woman,1,English,False,Mental health,Anxiety or depression,3,Painful condition;Coronary heart disease,<1,social_connection,Seeking,72.3,Medium
P001210,45-59,Man,4,English,False,Cardiovascular,Atrial fibrillation,6,Painful condition;Anxiety or depression;Diabetes mellitus;Connective tissue disorder;COPD,20+,accountability,Offering,45.0,High
P001211,60-74,Man,2,English,False,Cardiovascular,Heart failure,3,Chronic kidney disease;Anxiety or depression,6-10,emotional_support,Balanced,41.1,Medium
P001212,60-74,Woman,3,English,False,Renal,Chronic kidney disease,1,,11-20,self_management_info,Seeking,65.0,High
P001213,30-44,Man,2,English,False,Renal,Chronic kidney disease,1,,20+,emotional_support,Balanced,41.0,High
P001214,60-74,Woman,4,English,False,Mental health,Anxiety or depression,2,Painful condition,3-5,emotional_support,Balanced,44.5,Low
P001215,60-74,Woman,1,English,False,Mental health,Anxiety or depression,3,Diabetes mellitus;COPD,3-5,self_management_info,Seeking,53.3,Medium
P001216,75+,Man,3,English,True,Renal,Chronic kidney disease,1,,20+,social_connection,Offering,48.0,Medium
P001217,30-44,Man,1,English,False,Musculoskeletal and chronic pain,Painful condition,1,,20+,emotional_support,Balanced,49.8,Medium
P001218,75+,Man,3,English,True,Musculoskeletal and chronic pain,Connective tissue disorder,1,,3-5,social_connection,Balanced,59.4,Medium
P001219,45-59,Woman,2,English,False,Cardiovascular,Atrial fibrillation,1,,1-2,emotional_support,Seeking,49.1,Medium
P001220,60-74,Woman,1,English,False,Cardiovascular,Coronary heart disease,4,Painful condition;Anxiety or depression;Stroke and TIA,<1,shared_activity,Balanced,42.8,Medium
P001221,30-44,Man,4,Other,False,Cancer experience,Cancer,1,,11-20,emotional_support,Balanced,48.7,Low
P001222,60-74,Woman,5,English,False,Musculoskeletal and chronic pain,Painful condition,2,Connective tissue disorder,<1,accountability,Seeking,51.6,Medium
P001223,45-59,Woman,1,English,False,Renal,Chronic kidney disease,1,,3-5,emotional_support,Seeking,32.6,Medium
P001224,45-59,Woman,2,English,False,Mental health,Anxiety or depression,1,,3-5,self_management_info,Balanced,36.4,High
P001225,45-59,Woman,3,English,True,Musculoskeletal and chronic pain,Painful condition,4,Anxiety or depression;Cancer;Chronic kidney disease,1-2,emotional_support,Seeking,68.7,High
P001226,45-59,Man,1,English,False,Musculoskeletal and chronic pain,Connective tissue disorder,1,,<1,shared_activity,Balanced,32.3,Low
P001227,75+,Man,4,Polish,True,Musculoskeletal and chronic pain,Connective tissue disorder,2,Painful condition,20+,accountability,Balanced,52.4,Low
P001228,60-74,Man,1,Polish,False,Mental health,Anxiety or depression,5,Painful condition;Diabetes mellitus;Coronary heart disease;Connective tissue disorder,11-20,shared_activity,Offering,77.2,Low
P001229,30-44,Woman,1,English,False,Musculoskeletal and chronic pain,Painful condition,1,,1-2,emotional_support,Seeking,63.9,Medium
P001230,30-44,Woman,3,English,False,Musculoskeletal and chronic pain,Painful condition,4,Anxiety or depression;Coronary heart disease;Chronic kidney disease,11-20,emotional_support,Balanced,49.3,Medium
P001231,45-59,Man,3,English,False,Mental health,Anxiety or depression,1,,6-10,self_management_info,Seeking,51.0,Low
P001232,60-74,Man,3,English,False,Respiratory,COPD,1,,6-10,emotional_support,Seeking,57.4,High
P001233,75+,Woman,1,English,False,Mental health,Anxiety or depression,2,Painful condition,3-5,accountability,Offering,52.1,Low
P001234,60-74,Woman,5,English,True,Cancer experience,Cancer,1,,<1,shared_activity,Seeking,45.1,Low
P001235,45-59,Man,4,English,False,Renal,Chronic kidney disease,5,Anxiety or depression;Connective tissue disorder;COPD;Painful condition,6-10,shared_activity,Seeking,66.1,Medium
P001236,18-29,Woman,4,English,True,Musculoskeletal and chronic pain,Painful condition,2,Diabetes mellitus,6-10,accountability,Seeking,20.0,High
P001237,60-74,Man,5,English,False,Mental health,Anxiety or depression,2,Painful condition,<1,shared_activity,Balanced,20.0,Low
P001238,60-74,Woman,2,English,False,Musculoskeletal and chronic pain,Connective tissue disorder,3,Cancer;Stroke and TIA,6-10,shared_activity,Seeking,60.9,Medium
P001239,60-74,Man,3,English,False,Mental health,Anxiety or depression,5,Coronary heart disease;Cancer;Connective tissue disorder;Diabetes mellitus,1-2,social_connection,Offering,58.8,Medium
P001240,45-59,Man,3,English,False,Cardiovascular,Heart failure,6,Anxiety or depression;Painful condition;Stroke and TIA;Chronic kidney disease;Coronary heart disease,6-10,emotional_support,Balanced,65.6,High
P001241,45-59,Woman,2,English,False,Respiratory,COPD,3,Cancer;Anxiety or depression,6-10,shared_activity,Offering,45.4,Medium
P001242,60-74,Woman,1,English,False,Musculoskeletal and chronic pain,Painful condition,2,Atrial fibrillation,11-20,accountability,Seeking,33.3,Medium
P001243,45-59,Man,1,English,False,Metabolic and endocrine,Diabetes mellitus,4,Painful condition;Heart failure;Anxiety or depression,6-10,self_management_info,Offering,55.3,Low
P001244,60-74,Woman,5,English,True,Mental health,Anxiety or depression,1,,1-2,self_management_info,Offering,29.0,High
P001245,60-74,Woman,2,English,False,Cardiovascular,Coronary heart disease,1,,20+,accountability,Balanced,45.9,High
P001246,75+,Woman,3,English,False,Musculoskeletal and chronic pain,Painful condition,3,Anxiety or depression;Stroke and TIA,11-20,self_management_info,Balanced,38.2,Medium
P001247,75+,Woman,3,English,False,Mental health,Anxiety or depression,1,,<1,accountability,Balanced,41.1,Medium
P001248,45-59,Man,3,English,False,Cardiovascular,Stroke and TIA,2,Anxiety or depression,11-20,social_connection,Offering,28.4,High
P001249,60-74,Woman,1,English,False,Musculoskeletal and chronic pain,Painful condition,4,Anxiety or depression;Diabetes mellitus;Chronic kidney disease,6-10,emotional_support,Seeking,52.5,High
P001250,60-74,Woman,5,English,False,Respiratory,COPD,1,,3-5,emotional_support,Seeking,47.7,High
P001251,18-29,Man,4,English,False,Mental health,Anxiety or depression,1,,3-5,social_connection,Seeking,30.1,High
P001252,18-29,Man,1,English,False,Mental health,Anxiety or depression,2,Painful condition,3-5,shared_activity,Offering,58.9,Medium
P001253,75+,Man,3,English,True,Mental health,Anxiety or depression,6,Chronic kidney disease;Painful condition;Atrial fibrillation;Diabetes mellitus;Cancer,<1,accountability,Offering,56.4,Low
P001254,60-74,Man,5,English,True,Metabolic and endocrine,Diabetes mellitus,2,Painful condition,<1,accountability,Offering,46.6,Medium
P001255,30-44,Man,3,English,False,Cardiovascular,Coronary heart disease,1,,1-2,social_connection,Balanced,42.1,Low
P001256,45-59,Man,2,English,False,Mental health,Anxiety or depression,1,,6-10,social_connection,Offering,37.2,High
P001257,45-59,Woman,3,English,True,Cardiovascular,Coronary heart disease,1,,6-10,self_management_info,Balanced,35.1,Medium
P001258,60-74,Woman,4,Romanian,False,Mental health,Anxiety or depression,1,,20+,social_connection,Offering,37.1,High
P001259,18-29,Man,4,English,False,Mental health,Anxiety or depression,1,,1-2,social_connection,Seeking,42.4,Medium
P001260,18-29,Man,5,English,False,Mental health,Anxiety or depression,1,,1-2,self_management_info,Balanced,21.5,Low
P001261,75+,Man,5,English,False,Musculoskeletal and chronic pain,Painful condition,2,Anxiety or depression,<1,accountability,Seeking,47.9,Medium
P001262,60-74,Woman,4,English,False,Mental health,Anxiety or depression,2,Diabetes mellitus,1-2,emotional_support,Seeking,49.7,Medium
P001263,75+,Woman,1,English,True,Cardiovascular,Coronary heart disease,1,,1-2,social_connection,Balanced,45.4,High
P001264,45-59,Woman,2,English,False,Cardiovascular,Coronary heart disease,6,Anxiety or depression;Connective tissue disorder;Atrial fibrillation;Chronic kidney disease;Diabetes mellitus,20+,emotional_support,Balanced,55.6,Medium
P001265,45-59,Man,3,English,False,Musculoskeletal and chronic pain,Painful condition,3,Anxiety or depression;Connective tissue disorder,6-10,social_connection,Balanced,63.4,Medium
P001266,30-44,Man,4,English,False,Musculoskeletal and chronic pain,Painful condition,3,Anxiety or depression;Chronic kidney disease,<1,social_connection,Seeking,40.7,High
P001267,30-44,Woman,5,English,False,Respiratory,COPD,3,Anxiety or depression;Atrial fibrillation,11-20,emotional_support,Offering,55.4,Low
P001268,45-59,Man,4,English,True,Mental health,Anxiety or depression,5,Painful condition;COPD;Chronic kidney disease;Atrial fibrillation,20+,shared_activity,Balanced,66.0,Medium
P001269,75+,Woman,2,English,True,Musculoskeletal and chronic pain,Painful condition,1,,1-2,social_connection,Balanced,53.7,High
P001270,45-59,Woman,2,English,False,Mental health,Anxiety or depression,1,,<1,self_management_info,Seeking,42.9,Medium
P001271,30-44,Woman,4,English,False,Cardiovascular,Stroke and TIA,3,Painful condition;Connective tissue disorder,6-10,social_connection,Seeking,59.6,Low
P001272,30-44,Man,5,English,False,Mental health,Anxiety or depression,1,,6-10,accountability,Seeking,32.9,Medium
P001273,45-59,Man,3,English,False,Musculoskeletal and chronic pain,Connective tissue disorder,6,Diabetes mellitus;Anxiety or depression;Coronary heart disease;Painful condition;Chronic kidney disease,3-5,emotional_support,Offering,45.4,Low
P001274,60-74,Woman,2,English,True,Cardiovascular,Stroke and TIA,5,Anxiety or depression;Heart failure;Diabetes mellitus;Painful condition,3-5,social_connection,Offering,63.8,Low
P001275,45-59,Woman,1,English,False,Cancer experience,Cancer,1,,11-20,self_management_info,Offering,42.2,High
P001276,60-74,Man,3,English,False,Cardiovascular,Atrial fibrillation,1,,<1,shared_activity,Offering,45.5,Medium
P001277,60-74,Man,1,English,True,Mental health,Anxiety or depression,2,Connective tissue disorder,<1,accountability,Seeking,65.9,High
P001278,60-74,Man,3,English,True,Cardiovascular,Stroke and TIA,2,Painful condition,1-2,emotional_support,Seeking,47.8,Medium
P001279,60-74,Man,2,English,False,Metabolic and endocrine,Diabetes mellitus,4,Painful condition;Anxiety or depression;Atrial fibrillation,20+,self_management_info,Balanced,41.2,High
P001280,60-74,Woman,3,English,True,Cancer experience,Cancer,2,Anxiety or depression,3-5,shared_activity,Seeking,64.0,High
P001281,60-74,Man,2,Other,True,Mental health,Anxiety or depression,5,Painful condition;Atrial fibrillation;Chronic kidney disease;Cancer,3-5,shared_activity,Balanced,50.8,Medium
P001282,60-74,Man,5,English,False,Metabolic and endocrine,Diabetes mellitus,4,Anxiety or depression;Cancer;Atrial fibrillation,3-5,emotional_support,Balanced,51.5,Low
P001283,75+,Woman,2,English,False,Musculoskeletal and chronic pain,Painful condition,2,Diabetes mellitus,20+,self_management_info,Balanced,54.3,High
P001284,60-74,Woman,2,English,False,Musculoskeletal and chronic pain,Painful condition,2,Anxiety or depression,20+,emotional_support,Seeking,47.4,Medium
P001285,75+,Woman,3,English,True,Metabolic and endocrine,Diabetes mellitus,3,Anxiety or depression;Painful condition,3-5,social_connection,Seeking,54.1,High
P001286,60-74,Woman,1,English,True,Metabolic and endocrine,Diabetes mellitus,1,,20+,social_connection,Seeking,48.7,Medium
P001287,75+,Woman,1,English,True,Musculoskeletal and chronic pain,Painful condition,2,Anxiety or depression,20+,self_management_info,Seeking,61.7,High
P001288,75+,Woman,3,English,False,Metabolic and endocrine,Diabetes mellitus,5,Anxiety or depression;Painful condition;Stroke and TIA;Chronic kidney disease,6-10,social_connection,Seeking,38.4,Medium
P001289,60-74,Woman,4,English,False,Metabolic and endocrine,Diabetes mellitus,6,Anxiety or depression;COPD;Coronary heart disease;Painful condition;Connective tissue disorder,<1,self_management_info,Balanced,63.6,Medium
P001290,45-59,Man,3,English,False,Cardiovascular,Coronary heart disease,1,,<1,social_connection,Balanced,56.5,Medium
P001291,45-59,Man,3,English,False,Cardiovascular,Coronary heart disease,1,,11-20,shared_activity,Offering,44.0,Low
P001292,75+,Man,4,English,False,Renal,Chronic kidney disease,1,,20+,self_management_info,Balanced,32.5,Low
P001293,30-44,Man,2,English,False,Respiratory,COPD,1,,6-10,emotional_support,Seeking,40.3,Medium
P001294,60-74,Man,1,English,False,Metabolic and endocrine,Diabetes mellitus,1,,1-2,shared_activity,Offering,43.5,Low
P001295,60-74,Woman,2,English,False,Cardiovascular,Coronary heart disease,4,Anxiety or depression;Chronic kidney disease;Connective tissue disorder,11-20,emotional_support,Offering,55.9,Medium
P001296,60-74,Woman,1,English,True,Renal,Chronic kidney disease,1,,3-5,shared_activity,Balanced,58.4,Medium
P001297,60-74,Man,3,English,False,Metabolic and endocrine,Diabetes mellitus,6,Anxiety or depression;Atrial fibrillation;Painful condition;Coronary heart disease;Stroke and TIA,11-20,accountability,Seeking,35.2,Medium
P001298,75+,Man,4,English,True,Metabolic and endocrine,Diabetes mellitus,1,,11-20,shared_activity,Balanced,46.7,Medium
P001299,75+,Woman,4,English,True,Renal,Chronic kidney disease,1,,6-10,self_management_info,Seeking,36.9,High
P001300,45-59,Man,5,English,False,Musculoskeletal and chronic pain,Connective tissue disorder,1,,<1,shared_activity,Balanced,38.8,High
P001301,60-74,Woman,5,English,True,Musculoskeletal and chronic pain,Connective tissue disorder,1,,<1,emotional_support,Balanced,45.0,Medium
P001302,30-44,Man,5,English,False,Cancer experience,Cancer,4,Anxiety or depression;Painful condition;Chronic kidney disease,3-5,emotional_support,Seeking,68.3,High
P001303,60-74,Woman,3,English,False,Mental health,Anxiety or depression,1,,6-10,social_connection,Offering,53.6,High
P001304,60-74,Man,1,English,True,Metabolic and endocrine,Diabetes mellitus,4,Chronic kidney disease;Anxiety or depression;Painful condition,3-5,emotional_support,Balanced,38.9,Medium
P001305,60-74,Woman,5,Romanian,False,Cardiovascular,Stroke and TIA,6,Diabetes mellitus;Anxiety or depression;Connective tissue disorder;COPD;Cancer,<1,emotional_support,Seeking,59.9,Low
P001306,75+,Man,1,English,False,Musculoskeletal and chronic pain,Painful condition,4,COPD;Anxiety or depression;Connective tissue disorder,1-2,accountability,Offering,55.5,Medium
P001307,60-74,Man,4,English,False,Renal,Chronic kidney disease,6,Anxiety or depression;Painful condition;Heart failure;Connective tissue disorder;Atrial fibrillation,3-5,accountability,Balanced,50.3,Medium
P001308,45-59,Woman,4,English,False,Musculoskeletal and chronic pain,Painful condition,2,Atrial fibrillation,3-5,emotional_support,Balanced,53.8,Low
P001309,60-74,Man,2,English,False,Respiratory,COPD,1,,1-2,emotional_support,Seeking,63.0,Low
P001310,60-74,Man,5,English,True,Metabolic and endocrine,Diabetes mellitus,3,Anxiety or depression;Chronic kidney disease,6-10,social_connection,Seeking,58.3,Low
P001311,75+,Woman,2,English,False,Musculoskeletal and chronic pain,Painful condition,2,Anxiety or depression,20+,emotional_support,Balanced,40.7,Medium
P001312,75+,Man,2,English,True,Mental health,Anxiety or depression,2,Diabetes mellitus,11-20,accountability,Offering,47.1,Medium
P001313,60-74,Man,5,English,False,Musculoskeletal and chronic pain,Painful condition,6,Anxiety or depression;Chronic kidney disease;Atrial fibrillation;Coronary heart disease;Diabetes mellitus,20+,accountability,Balanced,49.7,Medium
P001314,75+,Man,3,English,False,Renal,Chronic kidney disease,5,Diabetes mellitus;Anxiety or depression;COPD;Coronary heart disease,<1,accountability,Seeking,58.5,High
P001315,45-59,Woman,1,English,False,Renal,Chronic kidney disease,1,,<1,emotional_support,Seeking,43.7,High
P001316,45-59,Man,1,English,False,Musculoskeletal and chronic pain,Painful condition,2,Anxiety or depression,<1,shared_activity,Balanced,52.0,High
P001317,45-59,Woman,5,English,True,Musculoskeletal and chronic pain,Painful condition,4,Anxiety or depression;COPD;Atrial fibrillation,<1,self_management_info,Seeking,31.4,Medium
P001318,45-59,Man,1,English,False,Cardiovascular,Atrial fibrillation,2,Anxiety or depression,1-2,shared_activity,Seeking,44.0,Medium
P001319,45-59,Man,4,English,False,Mental health,Anxiety or depression,1,,3-5,accountability,Seeking,45.5,Medium
P001320,60-74,Woman,2,English,False,Metabolic and endocrine,Diabetes mellitus,2,Anxiety or depression,1-2,self_management_info,Seeking,36.5,Medium
P001321,45-59,Man,5,English,False,Cardiovascular,Coronary heart disease,1,,20+,social_connection,Seeking,51.6,High
P001322,75+,Man,2,English,False,Cardiovascular,Stroke and TIA,4,Anxiety or depression;Connective tissue disorder;Painful condition,1-2,self_management_info,Seeking,57.1,Medium
P001323,60-74,Woman,2,English,False,Respiratory,COPD,6,Coronary heart disease;Painful condition;Anxiety or depression;Diabetes mellitus;Connective tissue disorder,3-5,social_connection,Seeking,45.9,Medium
P001324,75+,Woman,2,English,False,Musculoskeletal and chronic pain,Painful condition,4,Anxiety or depression;Heart failure;Diabetes mellitus,11-20,self_management_info,Balanced,56.3,Medium
P001325,75+,Man,5,English,True,Metabolic and endocrine,Diabetes mellitus,2,Heart failure,<1,social_connection,Balanced,40.1,Low
P001326,30-44,Woman,4,English,True,Metabolic and endocrine,Diabetes mellitus,4,Chronic kidney disease;Anxiety or depression;Coronary heart disease,6-10,social_connection,Balanced,57.2,High
P001327,30-44,Woman,5,English,False,Metabolic and endocrine,Diabetes mellitus,1,,20+,self_management_info,Offering,58.2,High
P001328,45-59,Woman,2,English,False,Renal,Chronic kidney disease,3,Anxiety or depression;Diabetes mellitus,<1,emotional_support,Seeking,79.5,Medium
P001329,30-44,Man,5,English,False,Cardiovascular,Coronary heart disease,1,,<1,social_connection,Seeking,33.3,Medium
P001330,30-44,Man,2,English,False,Cardiovascular,Stroke and TIA,1,,20+,shared_activity,Balanced,46.1,Medium
P001331,60-74,Man,1,English,False,Renal,Chronic kidney disease,2,Diabetes mellitus,<1,shared_activity,Seeking,42.0,Low
P001332,75+,Woman,1,English,True,Renal,Chronic kidney disease,2,Anxiety or depression,20+,shared_activity,Offering,48.8,Medium
P001333,75+,Man,3,English,True,Musculoskeletal and chronic pain,Painful condition,3,Anxiety or depression;Coronary heart disease,20+,self_management_info,Balanced,63.5,High
P001334,60-74,Man,3,Urdu,False,Cardiovascular,Stroke and TIA,1,,6-10,self_management_info,Balanced,38.3,Medium
P001335,45-59,Man,2,English,False,Renal,Chronic kidney disease,2,Coronary heart disease,20+,self_management_info,Balanced,45.0,Low
P001336,75+,Man,2,English,False,Musculoskeletal and chronic pain,Painful condition,4,Anxiety or depression;Cancer;Diabetes mellitus,6-10,shared_activity,Seeking,53.4,Medium
P001337,60-74,Man,2,English,False,Renal,Chronic kidney disease,2,Atrial fibrillation,6-10,self_management_info,Seeking,46.5,Medium
P001338,18-29,Man,1,English,False,Mental health,Anxiety or depression,2,Connective tissue disorder,6-10,emotional_support,Balanced,68.0,Medium
P001339,60-74,Man,5,English,True,Metabolic and endocrine,Diabetes mellitus,1,,11-20,social_connection,Seeking,33.8,Low
P001340,75+,Man,4,English,True,Mental health,Anxiety or depression,1,,11-20,self_management_info,Seeking,62.5,Medium
P001341,60-74,Woman,4,English,False,Mental health,Anxiety or depression,1,,3-5,social_connection,Balanced,42.2,Medium
P001342,30-44,Man,3,English,False,Mental health,Anxiety or depression,6,Diabetes mellitus;Coronary heart disease;Painful condition;Atrial fibrillation;Stroke and TIA,<1,emotional_support,Seeking,45.7,Low
P001343,75+,Woman,2,English,False,Musculoskeletal and chronic pain,Painful condition,2,Anxiety or depression,20+,shared_activity,Balanced,43.6,Medium
P001344,75+,Man,4,English,False,Cardiovascular,Atrial fibrillation,5,Anxiety or depression;Coronary heart disease;Diabetes mellitus;COPD,1-2,emotional_support,Offering,56.7,Low
P001345,60-74,Woman,2,English,False,Musculoskeletal and chronic pain,Painful condition,1,,6-10,shared_activity,Seeking,51.4,Low
P001346,45-59,Man,2,English,False,Musculoskeletal and chronic pain,Painful condition,2,Anxiety or depression,11-20,emotional_support,Offering,42.2,Medium
P001347,30-44,Woman,2,English,False,Musculoskeletal and chronic pain,Painful condition,3,Anxiety or depression;Atrial fibrillation,20+,social_connection,Balanced,46.2,High
P001348,45-59,Man,2,English,False,Musculoskeletal and chronic pain,Painful condition,5,Connective tissue disorder;Anxiety or depression;Coronary heart disease;Cancer,1-2,emotional_support,Balanced,45.5,Medium
P001349,45-59,Woman,5,English,False,Musculoskeletal and chronic pain,Painful condition,1,,1-2,social_connection,Seeking,30.4,Medium
P001350,60-74,Man,3,English,False,Renal,Chronic kidney disease,2,Painful condition,3-5,self_management_info,Seeking,57.8,Medium
P001351,75+,Woman,2,English,True,Musculoskeletal and chronic pain,Painful condition,6,Anxiety or depression;Diabetes mellitus;Heart failure;Atrial fibrillation;Connective tissue disorder,20+,emotional_support,Offering,53.4,High
P001352,18-29,Woman,2,English,True,Metabolic and endocrine,Diabetes mellitus,1,,3-5,shared_activity,Balanced,47.0,High
P001353,45-59,Woman,4,English,False,Renal,Chronic kidney disease,1,,<1,emotional_support,Balanced,42.5,Medium
P001354,45-59,Woman,1,English,False,Mental health,Anxiety or depression,3,Atrial fibrillation;Chronic kidney disease,11-20,shared_activity,Balanced,65.0,Medium
P001355,60-74,Man,3,English,True,Metabolic and endocrine,Diabetes mellitus,2,Anxiety or depression,20+,emotional_support,Seeking,56.1,Medium
P001356,60-74,Woman,1,English,False,Musculoskeletal and chronic pain,Painful condition,1,,20+,self_management_info,Offering,37.2,Low
P001357,75+,Woman,5,English,True,Mental health,Anxiety or depression,2,Painful condition,11-20,emotional_support,Offering,45.5,Medium
P001358,75+,Man,1,English,False,Mental health,Anxiety or depression,2,Connective tissue disorder,1-2,social_connection,Offering,68.6,Medium
P001359,60-74,Man,1,English,False,Musculoskeletal and chronic pain,Painful condition,5,Anxiety or depression;Coronary heart disease;Diabetes mellitus;Connective tissue disorder,11-20,self_management_info,Balanced,51.2,Low
P001360,60-74,Man,1,Other,True,Musculoskeletal and chronic pain,Painful condition,3,Anxiety or depression;Diabetes mellitus,6-10,shared_activity,Seeking,78.7,High
P001361,30-44,Man,5,English,False,Musculoskeletal and chronic pain,Painful condition,2,Atrial fibrillation,<1,self_management_info,Seeking,49.5,Medium
P001362,30-44,Man,1,English,False,Respiratory,COPD,1,,6-10,self_management_info,Balanced,39.3,Medium
P001363,60-74,Woman,1,English,False,Musculoskeletal and chronic pain,Painful condition,3,Atrial fibrillation;Connective tissue disorder,3-5,accountability,Offering,44.9,High
P001364,60-74,Woman,5,English,False,Cardiovascular,Coronary heart disease,1,,1-2,emotional_support,Balanced,28.9,Low
P001365,75+,Man,2,English,True,Cardiovascular,Coronary heart disease,4,Anxiety or depression;Chronic kidney disease;Diabetes mellitus,20+,emotional_support,Seeking,63.1,Low
P001366,60-74,Man,1,English,False,Musculoskeletal and chronic pain,Painful condition,4,Anxiety or depression;Diabetes mellitus;Stroke and TIA,20+,self_management_info,Seeking,48.3,Medium
P001367,45-59,Man,2,English,False,Musculoskeletal and chronic pain,Painful condition,1,,20+,self_management_info,Offering,46.8,Low
P001368,75+,Woman,1,English,True,Musculoskeletal and chronic pain,Painful condition,2,Diabetes mellitus,3-5,shared_activity,Balanced,57.0,Medium
P001369,30-44,Woman,1,English,True,Metabolic and endocrine,Diabetes mellitus,3,Atrial fibrillation;Painful condition,<1,accountability,Balanced,52.1,Medium
P001370,18-29,Man,5,English,False,Metabolic and endocrine,Diabetes mellitus,1,,3-5,social_connection,Balanced,33.2,High
P001371,75+,Woman,3,English,False,Cancer experience,Cancer,2,Connective tissue disorder,1-2,social_connection,Balanced,32.6,High
P001372,18-29,Man,5,English,False,Mental health,Anxiety or depression,1,,3-5,social_connection,Seeking,54.9,Low
P001373,75+,Woman,1,English,False,Mental health,Anxiety or depression,1,,<1,emotional_support,Seeking,51.0,High
P001374,75+,Man,2,Other,False,Mental health,Anxiety or depression,2,Painful condition,6-10,self_management_info,Balanced,42.8,Medium
P001375,75+,Man,5,English,True,Cardiovascular,Atrial fibrillation,3,Anxiety or depression;Coronary heart disease,6-10,social_connection,Seeking,42.7,Medium
P001376,60-74,Man,1,Other,False,Mental health,Anxiety or depression,1,,11-20,shared_activity,Balanced,40.1,Medium
P001377,75+,Non-binary or self-describe,3,English,True,Cardiovascular,Coronary heart disease,4,Anxiety or depression;Connective tissue disorder;Diabetes mellitus,20+,self_management_info,Balanced,61.1,Medium
P001378,60-74,Man,4,English,False,Mental health,Anxiety or depression,3,COPD;Coronary heart disease,1-2,emotional_support,Balanced,39.7,Medium
P001379,30-44,Woman,3,English,False,Metabolic and endocrine,Diabetes mellitus,1,,<1,self_management_info,Balanced,34.8,Medium
P001380,30-44,Man,5,English,False,Cancer experience,Cancer,2,Coronary heart disease,<1,accountability,Seeking,38.3,Medium
P001381,60-74,Woman,2,English,False,Musculoskeletal and chronic pain,Painful condition,2,Anxiety or depression,20+,emotional_support,Balanced,52.3,Medium
P001382,45-59,Man,5,English,False,Respiratory,COPD,1,,<1,self_management_info,Offering,36.3,Low
P001383,75+,Man,4,English,False,Mental health,Anxiety or depression,3,Connective tissue disorder;Diabetes mellitus,<1,social_connection,Balanced,37.2,High
P001384,75+,Woman,2,English,True,Metabolic and endocrine,Diabetes mellitus,6,Anxiety or depression;COPD;Painful condition;Coronary heart disease;Atrial fibrillation,20+,social_connection,Offering,60.7,High
P001385,60-74,Man,4,English,False,Renal,Chronic kidney disease,1,,3-5,emotional_support,Balanced,60.2,Medium
P001386,60-74,Man,3,English,False,Cardiovascular,Coronary heart disease,1,,11-20,self_management_info,Offering,27.1,High
P001387,75+,Woman,2,English,False,Musculoskeletal and chronic pain,Painful condition,1,,20+,self_management_info,Seeking,56.3,Low
P001388,60-74,Woman,3,English,False,Cardiovascular,Heart failure,1,,11-20,accountability,Balanced,29.0,High
P001389,18-29,Man,3,English,False,Musculoskeletal and chronic pain,Painful condition,1,,11-20,accountability,Balanced,20.4,Medium
P001390,18-29,Man,5,English,False,Mental health,Anxiety or depression,3,Diabetes mellitus;Painful condition,3-5,shared_activity,Seeking,33.7,Medium
P001391,60-74,Woman,4,English,False,Mental health,Anxiety or depression,1,,6-10,emotional_support,Seeking,60.6,Low
P001392,45-59,Woman,3,English,False,Mental health,Anxiety or depression,1,,3-5,self_management_info,Balanced,27.1,Medium
P001393,75+,Man,1,English,True,Musculoskeletal and chronic pain,Connective tissue disorder,2,Anxiety or depression,<1,emotional_support,Seeking,52.8,Medium
P001394,45-59,Man,3,Polish,False,Cancer experience,Cancer,1,,1-2,emotional_support,Seeking,53.4,Medium
P001395,30-44,Man,4,English,False,Cardiovascular,Atrial fibrillation,1,,6-10,emotional_support,Balanced,30.6,Medium
P001396,60-74,Man,1,Other,True,Cardiovascular,Coronary heart disease,1,,1-2,shared_activity,Balanced,44.4,Medium
P001397,45-59,Man,2,English,False,Musculoskeletal and chronic pain,Connective tissue disorder,1,,11-20,social_connection,Balanced,28.9,Medium
P001398,60-74,Woman,3,English,False,Metabolic and endocrine,Diabetes mellitus,1,,<1,accountability,Seeking,40.5,High
P001399,45-59,Woman,4,English,False,Cancer experience,Cancer,1,,6-10,emotional_support,Seeking,50.1,High
P001400,75+,Man,5,English,False,Musculoskeletal and chronic pain,Painful condition,1,,3-5,social_connection,Seeking,40.4,High
P001401,75+,Woman,4,English,True,Cardiovascular,Coronary heart disease,1,,20+,social_connection,Balanced,51.2,Medium
P001402,45-59,Woman,3,English,False,Mental health,Anxiety or depression,1,,<1,shared_activity,Balanced,51.5,Medium
P001403,75+,Man,3,English,False,Cardiovascular,Atrial fibrillation,1,,6-10,shared_activity,Offering,55.4,Low
P001404,60-74,Woman,3,English,False,Musculoskeletal and chronic pain,Connective tissue disorder,5,Anxiety or depression;Painful condition;Coronary heart disease;Chronic kidney disease,6-10,self_management_info,Offering,47.7,Medium
P001405,60-74,Woman,4,English,False,Mental health,Anxiety or depression,1,,1-2,emotional_support,Seeking,32.2,Low
P001406,60-74,Woman,3,English,True,Cancer experience,Cancer,1,,11-20,emotional_support,Balanced,42.1,Low
P001407,75+,Woman,3,Panjabi,False,Musculoskeletal and chronic pain,Painful condition,2,Anxiety or depression,<1,emotional_support,Offering,60.9,Low
P001408,60-74,Woman,3,English,False,Musculoskeletal and chronic pain,Connective tissue disorder,2,Anxiety or depression,6-10,emotional_support,Balanced,34.5,High
P001409,75+,Man,2,English,False,Cardiovascular,Stroke and TIA,4,Connective tissue disorder;Anxiety or depression;Diabetes mellitus,1-2,shared_activity,Balanced,42.1,Low
P001410,45-59,Man,4,English,False,Renal,Chronic kidney disease,1,,6-10,social_connection,Balanced,42.8,Low
P001411,45-59,Woman,5,English,False,Cardiovascular,Coronary heart disease,2,Diabetes mellitus,20+,self_management_info,Seeking,42.6,High
P001412,60-74,Man,2,English,False,Metabolic and endocrine,Diabetes mellitus,4,Anxiety or depression;Chronic kidney disease;Painful condition,1-2,emotional_support,Balanced,62.9,Low
P001413,60-74,Man,4,English,False,Mental health,Anxiety or depression,3,Coronary heart disease;Painful condition,<1,social_connection,Seeking,33.9,Low
P001414,18-29,Man,2,English,True,Metabolic and endocrine,Diabetes mellitus,1,,3-5,emotional_support,Balanced,53.5,High
P001415,75+,Man,5,Other,False,Mental health,Anxiety or depression,1,,20+,emotional_support,Balanced,42.3,Medium
P001416,45-59,Woman,2,English,False,Cardiovascular,Stroke and TIA,3,Anxiety or depression;COPD,<1,shared_activity,Seeking,55.4,Medium
P001417,75+,Woman,3,English,False,Cancer experience,Cancer,3,Chronic kidney disease;Anxiety or depression,<1,social_connection,Offering,65.1,High
P001418,45-59,Woman,3,English,False,Renal,Chronic kidney disease,2,Anxiety or depression,1-2,accountability,Balanced,52.6,Medium
P001419,30-44,Woman,5,English,False,Respiratory,COPD,1,,11-20,accountability,Offering,31.6,Medium
P001420,75+,Man,4,English,True,Metabolic and endocrine,Diabetes mellitus,1,,3-5,emotional_support,Seeking,38.7,Low
P001421,75+,Woman,4,English,True,Mental health,Anxiety or depression,2,Chronic kidney disease,6-10,social_connection,Balanced,59.6,Low
P001422,30-44,Woman,4,English,False,Renal,Chronic kidney disease,2,Anxiety or depression,11-20,emotional_support,Seeking,45.0,Medium
P001423,45-59,Man,5,English,False,Musculoskeletal and chronic pain,Painful condition,1,,1-2,emotional_support,Offering,28.9,Medium
P001424,45-59,Woman,1,English,True,Renal,Chronic kidney disease,3,Anxiety or depression;Painful condition,1-2,social_connection,Seeking,72.7,Low
P001425,45-59,Man,3,English,True,Musculoskeletal and chronic pain,Painful condition,3,Anxiety or depression;Chronic kidney disease,3-5,emotional_support,Balanced,68.5,Low
P001426,45-59,Man,3,Other,False,Metabolic and endocrine,Diabetes mellitus,4,Anxiety or depression;Painful condition;Stroke and TIA,<1,accountability,Balanced,53.0,Low
P001427,75+,Man,5,English,False,Respiratory,COPD,1,,1-2,self_management_info,Offering,25.0,Low
P001428,45-59,Man,3,English,False,Cardiovascular,Coronary heart disease,1,,11-20,emotional_support,Offering,44.0,Medium
P001429,30-44,Woman,4,English,False,Mental health,Anxiety or depression,1,,6-10,shared_activity,Balanced,20.0,High
P001430,45-59,Man,2,English,True,Cardiovascular,Coronary heart disease,3,Diabetes mellitus;Anxiety or depression,1-2,emotional_support,Seeking,45.5,High
P001431,45-59,Woman,1,English,False,Musculoskeletal and chronic pain,Painful condition,6,Anxiety or depression;Diabetes mellitus;Chronic kidney disease;Coronary heart disease;Connective tissue disorder,1-2,social_connection,Seeking,38.6,Medium
P001432,60-74,Man,4,English,True,Cardiovascular,Stroke and TIA,1,,3-5,self_management_info,Offering,51.8,Medium
P001433,60-74,Woman,1,English,False,Renal,Chronic kidney disease,1,,20+,emotional_support,Seeking,43.0,High
P001434,60-74,Man,2,English,False,Musculoskeletal and chronic pain,Painful condition,6,Anxiety or depression;Diabetes mellitus;Atrial fibrillation;Stroke and TIA;Cancer,20+,social_connection,Offering,61.4,Medium
P001435,60-74,Man,1,English,False,Mental health,Anxiety or depression,1,,20+,emotional_support,Seeking,47.0,Medium
P001436,75+,Woman,2,English,False,Musculoskeletal and chronic pain,Connective tissue disorder,1,,3-5,shared_activity,Seeking,59.4,High
P001437,45-59,Man,1,English,False,Renal,Chronic kidney disease,4,Anxiety or depression;Diabetes mellitus;Coronary heart disease,1-2,emotional_support,Balanced,42.3,Medium
P001438,45-59,Man,4,English,False,Musculoskeletal and chronic pain,Painful condition,1,,3-5,accountability,Offering,43.7,Medium
P001439,30-44,Woman,2,English,False,Metabolic and endocrine,Diabetes mellitus,1,,6-10,shared_activity,Balanced,62.8,Low
P001440,45-59,Woman,5,English,False,Cardiovascular,Coronary heart disease,5,Chronic kidney disease;Diabetes mellitus;Anxiety or depression;Painful condition,<1,social_connection,Balanced,47.3,Medium
P001441,75+,Non-binary or self-describe,3,English,True,Cancer experience,Cancer,4,Anxiety or depression;Diabetes mellitus;COPD,20+,social_connection,Seeking,49.7,Medium
P001442,60-74,Man,4,English,False,Mental health,Anxiety or depression,1,,3-5,shared_activity,Balanced,31.4,High
P001443,45-59,Woman,1,English,False,Renal,Chronic kidney disease,6,Anxiety or depression;Coronary heart disease;Diabetes mellitus;Connective tissue disorder;Painful condition,20+,accountability,Seeking,49.1,Medium
P001444,45-59,Man,1,English,False,Mental health,Anxiety or depression,1,,6-10,self_management_info,Balanced,36.2,Medium
P001445,60-74,Man,2,English,False,Musculoskeletal and chronic pain,Painful condition,5,Anxiety or depression;COPD;Connective tissue disorder;Cancer,<1,emotional_support,Balanced,55.8,Medium
P001446,60-74,Man,1,English,False,Cardiovascular,Coronary heart disease,3,Anxiety or depression;Diabetes mellitus,11-20,social_connection,Offering,62.1,High
P001447,18-29,Man,1,English,False,Mental health,Anxiety or depression,4,Diabetes mellitus;Painful condition;Connective tissue disorder,6-10,self_management_info,Balanced,52.2,Medium
P001448,45-59,Man,2,Other,True,Musculoskeletal and chronic pain,Connective tissue disorder,3,Diabetes mellitus;Anxiety or depression,1-2,social_connection,Offering,69.2,Low
P001449,18-29,Man,1,Other,False,Musculoskeletal and chronic pain,Painful condition,1,,<1,emotional_support,Seeking,53.5,Medium
P001450,60-74,Woman,2,English,False,Cardiovascular,Stroke and TIA,2,Cancer,1-2,social_connection,Seeking,62.8,Low
P001451,60-74,Man,1,English,False,Cardiovascular,Atrial fibrillation,6,Anxiety or depression;Coronary heart disease;Diabetes mellitus;Chronic kidney disease;Painful condition,<1,self_management_info,Seeking,67.6,High
P001452,75+,Man,1,English,False,Renal,Chronic kidney disease,2,Anxiety or depression,3-5,self_management_info,Balanced,77.1,Medium
P001453,45-59,Woman,3,English,False,Musculoskeletal and chronic pain,Painful condition,1,,11-20,shared_activity,Seeking,45.2,Medium
P001454,30-44,Woman,5,English,False,Metabolic and endocrine,Diabetes mellitus,1,,<1,emotional_support,Balanced,36.0,Medium
P001455,18-29,Man,4,English,True,Musculoskeletal and chronic pain,Painful condition,1,,3-5,emotional_support,Offering,48.5,Medium
P001456,75+,Man,4,English,True,Metabolic and endocrine,Diabetes mellitus,1,,20+,self_management_info,Seeking,47.0,Medium
P001457,60-74,Man,4,English,True,Musculoskeletal and chronic pain,Painful condition,2,Chronic kidney disease,6-10,self_management_info,Balanced,59.9,High
P001458,75+,Woman,2,English,False,Renal,Chronic kidney disease,1,,<1,accountability,Seeking,40.4,Medium
P001459,60-74,Woman,4,English,False,Musculoskeletal and chronic pain,Painful condition,3,Anxiety or depression;Stroke and TIA,6-10,accountability,Seeking,40.9,Low
P001460,75+,Man,5,Other,False,Renal,Chronic kidney disease,3,Anxiety or depression;Coronary heart disease,20+,accountability,Balanced,31.0,High
P001461,75+,Man,4,English,False,Renal,Chronic kidney disease,5,Anxiety or depression;Diabetes mellitus;Coronary heart disease;Painful condition,6-10,social_connection,Seeking,63.0,Medium
P001462,75+,Man,1,English,True,Musculoskeletal and chronic pain,Painful condition,3,Heart failure;COPD,6-10,emotional_support,Balanced,71.7,Medium
P001463,45-59,Woman,3,English,True,Mental health,Anxiety or depression,1,,1-2,shared_activity,Balanced,45.0,Low
P001464,75+,Man,1,English,False,Musculoskeletal and chronic pain,Painful condition,2,Anxiety or depression,<1,emotional_support,Balanced,40.4,Low
P001465,45-59,Woman,5,English,True,Musculoskeletal and chronic pain,Painful condition,1,,<1,social_connection,Seeking,50.8,High
P001466,75+,Woman,2,English,True,Metabolic and endocrine,Diabetes mellitus,2,Anxiety or depression,20+,shared_activity,Seeking,65.5,High
P001467,60-74,Man,5,English,False,Renal,Chronic kidney disease,2,Diabetes mellitus,<1,self_management_info,Balanced,29.7,Medium
P001468,45-59,Man,4,English,False,Musculoskeletal and chronic pain,Painful condition,5,Anxiety or depression;Diabetes mellitus;Connective tissue disorder;Chronic kidney disease,11-20,emotional_support,Seeking,49.9,Medium
P001469,30-44,Man,3,English,False,Cardiovascular,Coronary heart disease,1,,3-5,accountability,Offering,52.4,Low
P001470,75+,Man,1,English,True,Mental health,Anxiety or depression,1,,3-5,emotional_support,Seeking,58.2,Low
P001471,75+,Woman,5,English,True,Cardiovascular,Atrial fibrillation,6,Anxiety or depression;Diabetes mellitus;Chronic kidney disease;Painful condition;Coronary heart disease,1-2,self_management_info,Balanced,55.4,Medium
P001472,75+,Man,5,English,False,Mental health,Anxiety or depression,5,Chronic kidney disease;Cancer;Coronary heart disease;Diabetes mellitus,6-10,social_connection,Offering,74.8,Low
P001473,75+,Non-binary or self-describe,3,English,False,Metabolic and endocrine,Diabetes mellitus,3,Anxiety or depression;Coronary heart disease,1-2,self_management_info,Offering,61.4,Medium
P001474,60-74,Woman,5,English,False,Metabolic and endocrine,Diabetes mellitus,1,,11-20,accountability,Offering,32.5,Medium
P001475,60-74,Woman,1,English,True,Musculoskeletal and chronic pain,Painful condition,1,,11-20,shared_activity,Balanced,58.2,Low
P001476,75+,Man,1,English,False,Musculoskeletal and chronic pain,Painful condition,1,,3-5,emotional_support,Offering,55.7,High
P001477,60-74,Woman,5,English,True,Respiratory,COPD,5,Anxiety or depression;Atrial fibrillation;Heart failure;Painful condition,20+,accountability,Balanced,56.8,High
P001478,60-74,Man,3,English,False,Metabolic and endocrine,Diabetes mellitus,1,,20+,emotional_support,Balanced,37.9,High
P001479,75+,Man,3,English,False,Musculoskeletal and chronic pain,Painful condition,3,Anxiety or depression;Coronary heart disease,3-5,accountability,Offering,64.6,High
P001480,60-74,Man,3,English,False,Metabolic and endocrine,Diabetes mellitus,1,,20+,shared_activity,Balanced,40.7,Low
P001481,75+,Woman,1,English,False,Musculoskeletal and chronic pain,Painful condition,1,,<1,social_connection,Offering,55.0,Medium
P001482,18-29,Man,5,English,False,Cancer experience,Cancer,5,Anxiety or depression;Painful condition;Diabetes mellitus;Connective tissue disorder,11-20,emotional_support,Seeking,35.7,High
P001483,45-59,Woman,2,English,False,Mental health,Anxiety or depression,3,Painful condition;Coronary heart disease,<1,self_management_info,Offering,63.5,High
P001484,60-74,Man,1,English,False,Mental health,Anxiety or depression,3,Painful condition;Stroke and TIA,6-10,emotional_support,Balanced,63.3,Medium
P001485,75+,Man,3,English,False,Cardiovascular,Stroke and TIA,1,,6-10,social_connection,Balanced,28.9,High
P001486,30-44,Woman,4,English,True,Cardiovascular,Coronary heart disease,4,Anxiety or depression;Diabetes mellitus;Atrial fibrillation,<1,social_connection,Seeking,42.5,Low
P001487,18-29,Woman,4,English,False,Cancer experience,Cancer,1,,3-5,social_connection,Offering,44.9,Medium
P001488,60-74,Man,3,English,False,Mental health,Anxiety or depression,3,Atrial fibrillation;Coronary heart disease,20+,social_connection,Offering,45.6,Medium
P001489,45-59,Woman,5,English,False,Mental health,Anxiety or depression,1,,3-5,social_connection,Balanced,44.2,Medium
P001490,18-29,Woman,5,English,False,Mental health,Anxiety or depression,1,,1-2,shared_activity,Seeking,30.4,Medium
P001491,30-44,Woman,5,English,False,Musculoskeletal and chronic pain,Painful condition,1,,6-10,accountability,Seeking,39.7,High
P001492,60-74,Woman,4,English,False,Mental health,Anxiety or depression,1,,3-5,accountability,Seeking,46.7,Low
P001493,45-59,Woman,2,English,False,Musculoskeletal and chronic pain,Connective tissue disorder,1,,20+,shared_activity,Seeking,58.2,Medium
P001494,18-29,Man,5,English,False,Musculoskeletal and chronic pain,Painful condition,1,,3-5,self_management_info,Balanced,36.4,Medium
P001495,75+,Woman,1,English,False,Mental health,Anxiety or depression,3,Chronic kidney disease;Stroke and TIA,1-2,shared_activity,Balanced,54.6,Medium
P001496,45-59,Man,4,Panjabi,False,Mental health,Anxiety or depression,1,,6-10,accountability,Balanced,32.8,Low
P001497,60-74,Man,4,English,False,Musculoskeletal and chronic pain,Painful condition,1,,<1,self_management_info,Balanced,37.6,High
P001498,45-59,Woman,1,English,False,Mental health,Anxiety or depression,1,,3-5,shared_activity,Balanced,49.3,High
P001499,75+,Man,2,English,False,Musculoskeletal and chronic pain,Painful condition,3,Anxiety or depression;Cancer,1-2,emotional_support,Seeking,46.7,High
P001500,45-59,Man,5,English,False,Mental health,Anxiety or depression,3,Diabetes mellitus;Chronic kidney disease,6-10,emotional_support,Seeking,39.7,Low
P001501,45-59,Man,4,English,False,Cardiovascular,Stroke and TIA,1,,<1,accountability,Seeking,49.6,Medium
P001502,75+,Man,1,English,False,Musculoskeletal and chronic pain,Painful condition,4,Anxiety or depression;Cancer;Diabetes mellitus,6-10,self_management_info,Seeking,52.8,High
P001503,60-74,Man,5,English,False,Musculoskeletal and chronic pain,Painful condition,2,Diabetes mellitus,6-10,self_management_info,Seeking,33.6,High
P001504,60-74,Woman,4,English,False,Musculoskeletal and chronic pain,Painful condition,2,Chronic kidney disease,1-2,self_management_info,Balanced,31.1,High
P001505,75+,Man,5,English,False,Mental health,Anxiety or depression,4,COPD;Diabetes mellitus;Connective tissue disorder,11-20,self_management_info,Offering,63.7,Medium
P001506,30-44,Woman,4,English,False,Renal,Chronic kidney disease,1,,20+,self_management_info,Seeking,35.4,Low
P001507,45-59,Man,1,English,False,Mental health,Anxiety or depression,2,Connective tissue disorder,11-20,social_connection,Balanced,54.1,Medium
P001508,45-59,Woman,4,English,False,Cardiovascular,Stroke and TIA,2,Anxiety or depression,1-2,emotional_support,Seeking,29.0,High
P001509,45-59,Woman,1,English,False,Renal,Chronic kidney disease,6,Anxiety or depression;Coronary heart disease;Painful condition;Diabetes mellitus;Atrial fibrillation,3-5,social_connection,Balanced,66.9,Low
P001510,75+,Woman,1,English,False,Mental health,Anxiety or depression,2,Painful condition,<1,accountability,Seeking,40.9,Low
P001511,75+,Woman,4,English,True,Mental health,Anxiety or depression,1,,11-20,self_management_info,Seeking,43.6,High
P001512,45-59,Woman,3,English,False,Renal,Chronic kidney disease,3,Anxiety or depression;Diabetes mellitus,<1,accountability,Offering,50.4,High
P001513,60-74,Man,3,English,False,Musculoskeletal and chronic pain,Painful condition,2,Anxiety or depression,20+,accountability,Offering,42.3,Medium
P001514,75+,Woman,2,Other,False,Cardiovascular,Coronary heart disease,1,,1-2,shared_activity,Seeking,58.0,Medium
P001515,75+,Woman,1,English,False,Musculoskeletal and chronic pain,Painful condition,4,Anxiety or depression;Coronary heart disease;Cancer,3-5,social_connection,Seeking,60.5,High
P001516,30-44,Man,2,English,False,Musculoskeletal and chronic pain,Connective tissue disorder,1,,6-10,self_management_info,Balanced,57.7,Medium
P001517,60-74,Woman,3,English,False,Respiratory,COPD,5,Anxiety or depression;Painful condition;Stroke and TIA;Atrial fibrillation,11-20,accountability,Balanced,61.8,Medium
P001518,45-59,Man,1,English,False,Musculoskeletal and chronic pain,Connective tissue disorder,1,,1-2,shared_activity,Seeking,21.5,Medium
P001519,45-59,Woman,3,English,False,Mental health,Anxiety or depression,4,Diabetes mellitus;Painful condition;Chronic kidney disease,11-20,shared_activity,Offering,46.8,Low
P001520,60-74,Woman,3,English,True,Mental health,Anxiety or depression,3,Chronic kidney disease;Stroke and TIA,11-20,accountability,Balanced,54.0,Medium
P001521,45-59,Man,4,English,False,Cardiovascular,Coronary heart disease,1,,3-5,shared_activity,Seeking,28.7,Medium
P001522,75+,Woman,4,English,True,Cardiovascular,Coronary heart disease,1,,<1,emotional_support,Balanced,31.9,High
P001523,75+,Man,3,English,True,Musculoskeletal and chronic pain,Painful condition,2,Anxiety or depression,3-5,accountability,Seeking,47.3,High
P001524,45-59,Man,5,Other,False,Cancer experience,Cancer,1,,6-10,accountability,Balanced,24.6,Low
P001525,60-74,Man,2,English,True,Cardiovascular,Atrial fibrillation,2,Anxiety or depression,<1,shared_activity,Balanced,45.5,Medium
P001526,30-44,Man,2,English,False,Metabolic and endocrine,Diabetes mellitus,3,Anxiety or depression;Coronary heart disease,1-2,social_connection,Balanced,62.7,High
P001527,75+,Woman,2,English,True,Mental health,Anxiety or depression,1,,1-2,social_connection,Balanced,44.6,Medium
P001528,75+,Woman,3,English,False,Mental health,Anxiety or depression,1,,11-20,emotional_support,Seeking,51.6,Medium
P001529,18-29,Woman,5,Other,False,Metabolic and endocrine,Diabetes mellitus,3,Anxiety or depression;Painful condition,11-20,emotional_support,Seeking,51.3,Medium
P001530,30-44,Woman,1,English,False,Mental health,Anxiety or depression,1,,3-5,accountability,Seeking,42.8,High
P001531,75+,Woman,3,English,True,Mental health,Anxiety or depression,1,,<1,accountability,Seeking,32.3,Medium
P001532,75+,Man,1,English,False,Mental health,Anxiety or depression,2,Atrial fibrillation,3-5,emotional_support,Offering,50.2,Medium
P001533,30-44,Woman,3,English,False,Mental health,Anxiety or depression,1,,1-2,social_connection,Balanced,36.3,Low
P001534,45-59,Woman,1,English,False,Musculoskeletal and chronic pain,Painful condition,4,Anxiety or depression;Stroke and TIA;Coronary heart disease,20+,accountability,Seeking,57.3,Medium
P001535,18-29,Woman,1,English,False,Mental health,Anxiety or depression,2,Painful condition,1-2,social_connection,Balanced,55.0,High
P001536,60-74,Woman,3,English,False,Mental health,Anxiety or depression,1,,1-2,accountability,Seeking,30.7,Medium
P001537,45-59,Man,2,English,True,Cardiovascular,Atrial fibrillation,1,,3-5,social_connection,Seeking,39.7,Low
P001538,60-74,Woman,5,English,False,Renal,Chronic kidney disease,2,Painful condition,1-2,self_management_info,Offering,34.7,Low
P001539,60-74,Man,4,English,False,Cardiovascular,Stroke and TIA,1,,11-20,emotional_support,Balanced,38.1,Medium
P001540,60-74,Man,1,English,True,Mental health,Anxiety or depression,4,Atrial fibrillation;Painful condition;Diabetes mellitus,<1,self_management_info,Balanced,44.5,High
P001541,45-59,Man,3,English,False,Renal,Chronic kidney disease,6,Anxiety or depression;Stroke and TIA;COPD;Painful condition;Cancer,11-20,self_management_info,Balanced,47.9,Low
P001542,75+,Man,5,English,True,Cardiovascular,Heart failure,1,,20+,shared_activity,Offering,43.1,High
P001543,60-74,Man,4,English,False,Mental health,Anxiety or depression,5,Chronic kidney disease;COPD;Painful condition;Atrial fibrillation,1-2,emotional_support,Balanced,58.1,Medium
P001544,18-29,Woman,3,English,False,Musculoskeletal and chronic pain,Painful condition,2,Anxiety or depression,6-10,social_connection,Offering,34.2,Medium
P001545,60-74,Man,5,English,False,Cardiovascular,Atrial fibrillation,1,,3-5,social_connection,Offering,50.8,Low
P001546,75+,Man,4,English,True,Musculoskeletal and chronic pain,Painful condition,2,Anxiety or depression,20+,emotional_support,Seeking,56.6,High
P001547,30-44,Woman,4,English,True,Cardiovascular,Coronary heart disease,5,Anxiety or depression;Stroke and TIA;Painful condition;Cancer,3-5,self_management_info,Offering,51.7,High
P001548,60-74,Man,5,English,False,Cancer experience,Cancer,6,Anxiety or depression;Coronary heart disease;Painful condition;Chronic kidney disease;COPD,20+,emotional_support,Seeking,39.7,Medium
P001549,60-74,Woman,3,English,False,Cardiovascular,Coronary heart disease,3,Painful condition;Anxiety or depression,20+,emotional_support,Balanced,48.9,High
P001550,30-44,Woman,5,English,False,Musculoskeletal and chronic pain,Painful condition,1,,20+,social_connection,Seeking,41.3,Low
P001551,45-59,Man,4,English,False,Musculoskeletal and chronic pain,Connective tissue disorder,1,,20+,emotional_support,Seeking,31.9,Medium
P001552,45-59,Man,2,English,True,Cardiovascular,Heart failure,1,,11-20,accountability,Seeking,43.4,Medium
P001553,60-74,Man,1,English,True,Cardiovascular,Atrial fibrillation,1,,6-10,shared_activity,Offering,66.8,Low
P001554,60-74,Woman,4,English,True,Musculoskeletal and chronic pain,Painful condition,4,Anxiety or depression;Diabetes mellitus;Connective tissue disorder,11-20,shared_activity,Offering,54.4,Medium
P001555,45-59,Man,4,English,False,Metabolic and endocrine,Diabetes mellitus,1,,20+,shared_activity,Offering,21.3,Medium
P001556,75+,Man,5,English,False,Metabolic and endocrine,Diabetes mellitus,6,Anxiety or depression;Atrial fibrillation;Coronary heart disease;Painful condition;Stroke and TIA,<1,emotional_support,Seeking,66.1,Low
P001557,60-74,Woman,3,English,True,Cancer experience,Cancer,1,,<1,emotional_support,Balanced,47.9,Low
P001558,60-74,Man,3,English,True,Mental health,Anxiety or depression,4,Painful condition;Chronic kidney disease;Diabetes mellitus,3-5,accountability,Seeking,59.1,High
P001559,60-74,Man,2,English,True,Cancer experience,Cancer,5,Anxiety or depression;Diabetes mellitus;Coronary heart disease;Chronic kidney disease,6-10,self_management_info,Seeking,58.8,Low
P001560,60-74,Woman,2,English,False,Respiratory,COPD,1,,3-5,shared_activity,Seeking,40.5,Medium
P001561,60-74,Man,4,English,False,Mental health,Anxiety or depression,2,Stroke and TIA,3-5,self_management_info,Seeking,45.2,Medium
P001562,45-59,Man,2,English,False,Mental health,Anxiety or depression,1,,3-5,shared_activity,Balanced,34.6,Low
P001563,30-44,Man,1,English,False,Musculoskeletal and chronic pain,Painful condition,2,Connective tissue disorder,6-10,accountability,Seeking,42.9,Medium
P001564,30-44,Woman,4,English,False,Musculoskeletal and chronic pain,Painful condition,1,,3-5,emotional_support,Offering,43.6,Low
P001565,30-44,Woman,5,English,False,Cancer experience,Cancer,1,,6-10,social_connection,Seeking,45.7,Low
P001566,60-74,Woman,2,English,False,Metabolic and endocrine,Diabetes mellitus,2,Painful condition,11-20,emotional_support,Seeking,50.3,Medium
P001567,75+,Woman,3,English,True,Musculoskeletal and chronic pain,Painful condition,1,,11-20,shared_activity,Balanced,37.5,Low
P001568,75+,Man,2,English,True,Mental health,Anxiety or depression,3,Stroke and TIA;Painful condition,6-10,social_connection,Seeking,42.1,Low
P001569,75+,Woman,3,English,False,Mental health,Anxiety or depression,1,,3-5,accountability,Balanced,46.9,Low
P001570,60-74,Woman,3,English,False,Metabolic and endocrine,Diabetes mellitus,1,,<1,accountability,Offering,39.3,Medium
P001571,60-74,Man,5,English,True,Musculoskeletal and chronic pain,Painful condition,1,,<1,emotional_support,Seeking,37.2,High
P001572,60-74,Woman,3,English,False,Musculoskeletal and chronic pain,Painful condition,4,Anxiety or depression;Chronic kidney disease;Connective tissue disorder,<1,social_connection,Offering,64.6,High
P001573,60-74,Man,4,English,False,Musculoskeletal and chronic pain,Painful condition,2,Anxiety or depression,3-5,self_management_info,Offering,29.6,Medium
P001574,45-59,Woman,5,English,True,Musculoskeletal and chronic pain,Painful condition,3,Anxiety or depression;Diabetes mellitus,6-10,accountability,Offering,45.6,High
P001575,60-74,Man,2,Other,False,Cancer experience,Cancer,4,Anxiety or depression;COPD;Painful condition,<1,self_management_info,Balanced,50.4,Medium
P001576,30-44,Woman,4,English,False,Respiratory,COPD,1,,11-20,emotional_support,Balanced,40.9,Medium
P001577,75+,Woman,4,English,True,Cardiovascular,Coronary heart disease,1,,6-10,emotional_support,Balanced,54.1,Low
P001578,30-44,Woman,4,English,True,Musculoskeletal and chronic pain,Painful condition,1,,1-2,self_management_info,Balanced,57.8,Medium
P001579,60-74,Man,4,English,False,Musculoskeletal and chronic pain,Painful condition,4,Anxiety or depression;Coronary heart disease;Diabetes mellitus,1-2,self_management_info,Offering,49.2,Medium
P001580,60-74,Woman,1,Polish,True,Musculoskeletal and chronic pain,Painful condition,6,Anxiety or depression;Chronic kidney disease;Connective tissue disorder;Atrial fibrillation;Diabetes mellitus,11-20,shared_activity,Seeking,72.5,High
P001581,75+,Man,5,English,False,Musculoskeletal and chronic pain,Painful condition,1,,3-5,accountability,Offering,22.3,Medium
P001582,75+,Man,3,English,True,Mental health,Anxiety or depression,1,,<1,shared_activity,Balanced,44.0,Low
P001583,75+,Man,3,English,True,Renal,Chronic kidney disease,1,,1-2,self_management_info,Seeking,46.0,Medium
P001584,18-29,Man,1,English,False,Mental health,Anxiety or depression,2,Painful condition,1-2,shared_activity,Seeking,43.3,Medium
P001585,75+,Man,4,English,True,Musculoskeletal and chronic pain,Painful condition,3,Anxiety or depression;Connective tissue disorder,1-2,emotional_support,Offering,49.4,Low
P001586,18-29,Man,5,English,False,Mental health,Anxiety or depression,1,,11-20,shared_activity,Balanced,41.4,Medium
P001587,45-59,Woman,4,Other,False,Mental health,Anxiety or depression,3,Painful condition;Stroke and TIA,11-20,emotional_support,Offering,42.6,Low
P001588,60-74,Woman,5,English,False,Cardiovascular,Stroke and TIA,3,Anxiety or depression;COPD,11-20,accountability,Seeking,40.7,Low
P001589,45-59,Woman,4,English,False,Cardiovascular,Coronary heart disease,1,,<1,emotional_support,Seeking,25.2,Medium
P001590,30-44,Woman,1,English,False,Mental health,Anxiety or depression,2,Painful condition,3-5,social_connection,Seeking,46.0,Medium
P001591,60-74,Man,4,English,False,Mental health,Anxiety or depression,5,COPD;Painful condition;Atrial fibrillation;Diabetes mellitus,<1,emotional_support,Balanced,47.5,Medium
P001592,30-44,Man,1,English,False,Musculoskeletal and chronic pain,Painful condition,2,Anxiety or depression,11-20,self_management_info,Offering,47.7,Medium
P001593,60-74,Man,5,English,False,Mental health,Anxiety or depression,1,,1-2,self_management_info,Seeking,43.8,High
P001594,45-59,Woman,2,Panjabi,False,Metabolic and endocrine,Diabetes mellitus,3,Connective tissue disorder;Stroke and TIA,20+,accountability,Balanced,58.8,High
P001595,45-59,Woman,4,English,False,Renal,Chronic kidney disease,5,Anxiety or depression;Diabetes mellitus;Painful condition;COPD,3-5,accountability,Balanced,40.6,High
P001596,60-74,Woman,2,English,False,Cardiovascular,Heart failure,2,Diabetes mellitus,11-20,social_connection,Offering,52.0,High
P001597,75+,Man,5,English,False,Cardiovascular,Stroke and TIA,1,,20+,emotional_support,Offering,32.7,Medium
P001598,75+,Woman,2,English,False,Cardiovascular,Coronary heart disease,4,Anxiety or depression;COPD;Chronic kidney disease,11-20,social_connection,Balanced,71.8,High
P001599,30-44,Woman,1,English,True,Musculoskeletal and chronic pain,Painful condition,3,Connective tissue disorder;Anxiety or depression,3-5,emotional_support,Seeking,43.0,Low
P001600,30-44,Man,1,English,False,Metabolic and endocrine,Diabetes mellitus,1,,20+,emotional_support,Offering,50.3,Low
P001601,60-74,Man,2,English,False,Metabolic and endocrine,Diabetes mellitus,1,,1-2,emotional_support,Seeking,49.4,Low
P001602,30-44,Man,1,English,False,Renal,Chronic kidney disease,3,Cancer;Anxiety or depression,20+,social_connection,Offering,47.8,Low
P001603,30-44,Man,1,English,False,Renal,Chronic kidney disease,1,,6-10,accountability,Seeking,60.3,High
P001604,45-59,Woman,5,English,False,Cardiovascular,Coronary heart disease,2,Heart failure,20+,social_connection,Seeking,55.4,Low
P001605,75+,Man,2,English,False,Mental health,Anxiety or depression,4,Painful condition;Coronary heart disease;Atrial fibrillation,20+,emotional_support,Balanced,57.2,Low
P001606,75+,Woman,1,English,True,Cardiovascular,Coronary heart disease,2,Anxiety or depression,1-2,emotional_support,Balanced,65.0,Low
P001607,75+,Woman,2,English,False,Musculoskeletal and chronic pain,Painful condition,2,Atrial fibrillation,6-10,emotional_support,Balanced,43.5,Medium
P001608,45-59,Man,5,English,False,Musculoskeletal and chronic pain,Painful condition,1,,6-10,accountability,Balanced,33.6,High
P001609,75+,Man,2,English,True,Cancer experience,Cancer,3,Anxiety or depression;Painful condition,20+,accountability,Seeking,60.5,Medium
P001610,30-44,Woman,4,English,False,Respiratory,COPD,1,,11-20,emotional_support,Offering,37.1,High
P001611,60-74,Man,2,English,False,Cardiovascular,Coronary heart disease,1,,<1,shared_activity,Seeking,34.2,Medium
P001612,45-59,Woman,1,English,False,Musculoskeletal and chronic pain,Connective tissue disorder,2,Stroke and TIA,<1,self_management_info,Balanced,58.0,Medium
P001613,75+,Man,3,English,False,Musculoskeletal and chronic pain,Painful condition,1,,11-20,self_management_info,Seeking,52.3,High
P001614,45-59,Man,1,English,False,Cancer experience,Cancer,3,Painful condition;Anxiety or depression,3-5,social_connection,Seeking,53.9,Medium
P001615,60-74,Woman,5,English,False,Cardiovascular,Stroke and TIA,3,Chronic kidney disease;Atrial fibrillation,20+,emotional_support,Offering,53.5,Medium
P001616,75+,Man,4,English,True,Musculoskeletal and chronic pain,Connective tissue disorder,1,,1-2,social_connection,Seeking,52.6,Medium
P001617,60-74,Man,1,English,False,Metabolic and endocrine,Diabetes mellitus,1,,3-5,emotional_support,Balanced,37.2,High
P001618,30-44,Woman,3,English,False,Musculoskeletal and chronic pain,Connective tissue disorder,1,,3-5,social_connection,Seeking,50.3,Medium
P001619,60-74,Man,2,English,False,Musculoskeletal and chronic pain,Painful condition,2,COPD,20+,social_connection,Seeking,52.0,Medium
P001620,60-74,Man,2,English,False,Musculoskeletal and chronic pain,Painful condition,4,Anxiety or depression;Connective tissue disorder;Stroke and TIA,3-5,self_management_info,Offering,27.5,High
P001621,45-59,Man,3,English,False,Mental health,Anxiety or depression,2,Diabetes mellitus,1-2,social_connection,Balanced,44.3,High
P001622,75+,Man,2,English,False,Musculoskeletal and chronic pain,Painful condition,1,,3-5,self_management_info,Seeking,34.4,Low
P001623,45-59,Woman,5,English,False,Mental health,Anxiety or depression,1,,1-2,self_management_info,Offering,28.1,Low
P001624,45-59,Woman,2,English,True,Cardiovascular,Heart failure,1,,1-2,emotional_support,Offering,52.8,Medium
P001625,60-74,Man,1,English,False,Cardiovascular,Coronary heart disease,1,,<1,social_connection,Seeking,51.4,Medium
P001626,30-44,Man,5,English,False,Mental health,Anxiety or depression,1,,20+,self_management_info,Balanced,20.0,High
P001627,45-59,Woman,3,English,False,Musculoskeletal and chronic pain,Painful condition,1,,<1,accountability,Balanced,45.7,High
P001628,60-74,Man,5,English,False,Musculoskeletal and chronic pain,Painful condition,2,Anxiety or depression,11-20,social_connection,Offering,42.2,Medium
P001629,60-74,Man,4,English,False,Musculoskeletal and chronic pain,Painful condition,2,Anxiety or depression,1-2,self_management_info,Seeking,39.4,High
P001630,45-59,Man,5,English,False,Musculoskeletal and chronic pain,Painful condition,2,Anxiety or depression,11-20,emotional_support,Offering,36.9,Medium
P001631,45-59,Man,4,Other,False,Mental health,Anxiety or depression,1,,1-2,self_management_info,Balanced,46.7,Medium
P001632,75+,Man,2,English,False,Cardiovascular,Coronary heart disease,1,,1-2,social_connection,Offering,32.7,Medium
P001633,75+,Woman,4,English,True,Mental health,Anxiety or depression,2,Atrial fibrillation,20+,self_management_info,Balanced,49.4,Medium
P001634,45-59,Man,2,English,False,Cardiovascular,Coronary heart disease,5,Painful condition;Chronic kidney disease;Anxiety or depression;Stroke and TIA,6-10,accountability,Balanced,43.2,Medium
P001635,30-44,Woman,4,English,False,Cardiovascular,Atrial fibrillation,1,,<1,shared_activity,Balanced,43.0,Medium
P001636,60-74,Woman,2,English,False,Mental health,Anxiety or depression,6,Atrial fibrillation;Painful condition;Coronary heart disease;COPD;Chronic kidney disease,11-20,accountability,Balanced,55.0,Medium
P001637,60-74,Man,4,English,True,Cardiovascular,Coronary heart disease,2,Anxiety or depression,3-5,self_management_info,Seeking,61.2,Medium
P001638,45-59,Woman,1,English,False,Musculoskeletal and chronic pain,Painful condition,2,Anxiety or depression,3-5,self_management_info,Offering,34.7,Medium
P001639,75+,Woman,3,English,True,Metabolic and endocrine,Diabetes mellitus,1,,11-20,social_connection,Offering,56.2,High
P001640,45-59,Man,5,English,False,Mental health,Anxiety or depression,1,,<1,shared_activity,Balanced,40.3,High
P001641,60-74,Woman,5,English,True,Metabolic and endocrine,Diabetes mellitus,1,,1-2,self_management_info,Balanced,57.2,Medium
P001642,60-74,Woman,3,English,False,Mental health,Anxiety or depression,1,,20+,emotional_support,Balanced,48.0,Medium
P001643,60-74,Woman,3,English,False,Cardiovascular,Atrial fibrillation,2,Chronic kidney disease,1-2,self_management_info,Seeking,63.1,Medium
P001644,75+,Man,5,English,True,Cardiovascular,Coronary heart disease,6,Anxiety or depression;Diabetes mellitus;Painful condition;Atrial fibrillation;Connective tissue disorder,20+,social_connection,Seeking,77.5,High
P001645,75+,Woman,2,English,True,Mental health,Anxiety or depression,6,Atrial fibrillation;Coronary heart disease;Diabetes mellitus;Painful condition;Connective tissue disorder,20+,accountability,Offering,75.1,Medium
P001646,60-74,Woman,5,English,False,Metabolic and endocrine,Diabetes mellitus,3,Anxiety or depression;Chronic kidney disease,6-10,self_management_info,Balanced,52.0,High
P001647,60-74,Woman,2,English,False,Mental health,Anxiety or depression,1,,11-20,self_management_info,Seeking,42.2,Medium
P001648,60-74,Woman,1,English,True,Cardiovascular,Atrial fibrillation,1,,<1,shared_activity,Seeking,55.4,Medium
P001649,45-59,Woman,4,English,False,Renal,Chronic kidney disease,1,,<1,self_management_info,Seeking,51.0,Low
P001650,60-74,Woman,4,English,False,Metabolic and endocrine,Diabetes mellitus,6,Anxiety or depression;Painful condition;Chronic kidney disease;COPD;Atrial fibrillation,6-10,shared_activity,Balanced,40.4,Low
P001651,60-74,Woman,3,English,False,Respiratory,COPD,6,Anxiety or depression;Diabetes mellitus;Coronary heart disease;Chronic kidney disease;Connective tissue disorder,<1,social_connection,Offering,61.2,Medium
P001652,30-44,Woman,2,English,False,Musculoskeletal and chronic pain,Painful condition,1,,11-20,social_connection,Balanced,39.0,Medium
P001653,60-74,Woman,3,English,False,Mental health,Anxiety or depression,3,Coronary heart disease;Connective tissue disorder,11-20,self_management_info,Offering,32.9,High
P001654,18-29,Woman,3,English,False,Musculoskeletal and chronic pain,Painful condition,1,,11-20,social_connection,Offering,26.8,High
P001655,75+,Woman,3,English,False,Renal,Chronic kidney disease,3,Anxiety or depression;Coronary heart disease,6-10,emotional_support,Seeking,35.7,High
P001656,60-74,Woman,2,English,False,Cardiovascular,Stroke and TIA,2,Diabetes mellitus,3-5,emotional_support,Seeking,51.2,Low
P001657,60-74,Man,3,English,False,Mental health,Anxiety or depression,2,Diabetes mellitus,<1,shared_activity,Balanced,48.9,Low
P001658,45-59,Woman,5,Urdu,False,Musculoskeletal and chronic pain,Painful condition,1,,6-10,self_management_info,Seeking,37.2,Medium
P001659,60-74,Woman,1,English,False,Respiratory,COPD,3,Anxiety or depression;Stroke and TIA,11-20,emotional_support,Seeking,59.5,Low
P001660,60-74,Man,3,English,False,Musculoskeletal and chronic pain,Painful condition,5,Anxiety or depression;Diabetes mellitus;Connective tissue disorder;Heart failure,3-5,shared_activity,Balanced,57.1,Low
P001661,30-44,Woman,3,English,False,Cardiovascular,Coronary heart disease,1,,3-5,emotional_support,Balanced,42.0,Medium
P001662,75+,Man,3,English,True,Musculoskeletal and chronic pain,Painful condition,6,Anxiety or depression;Atrial fibrillation;Heart failure;Diabetes mellitus;Connective tissue disorder,1-2,accountability,Seeking,58.4,High
P001663,18-29,Man,2,English,False,Metabolic and endocrine,Diabetes mellitus,1,,1-2,emotional_support,Seeking,54.4,High
P001664,45-59,Man,2,English,True,Musculoskeletal and chronic pain,Painful condition,1,,<1,social_connection,Seeking,46.2,Medium
P001665,45-59,Man,5,English,False,Mental health,Anxiety or depression,1,,1-2,emotional_support,Balanced,40.1,Medium
P001666,75+,Man,4,English,False,Musculoskeletal and chronic pain,Painful condition,6,Atrial fibrillation;Anxiety or depression;Chronic kidney disease;Connective tissue disorder;Coronary heart disease,3-5,accountability,Seeking,77.6,Medium
P001667,75+,Man,1,English,False,Cardiovascular,Stroke and TIA,3,Painful condition;Anxiety or depression,6-10,shared_activity,Balanced,49.7,Low
P001668,18-29,Man,5,Other,False,Metabolic and endocrine,Diabetes mellitus,1,,11-20,accountability,Offering,26.3,Medium
P001669,60-74,Woman,4,English,True,Renal,Chronic kidney disease,2,Anxiety or depression,11-20,emotional_support,Balanced,37.7,Medium
P001670,45-59,Woman,5,English,False,Respiratory,COPD,1,,<1,social_connection,Balanced,43.2,High
P001671,60-74,Woman,5,English,True,Respiratory,COPD,2,Anxiety or depression,1-2,emotional_support,Offering,21.7,High
P001672,30-44,Man,1,English,False,Metabolic and endocrine,Diabetes mellitus,1,,1-2,self_management_info,Seeking,60.3,Medium
P001673,75+,Man,2,English,False,Cardiovascular,Stroke and TIA,4,Diabetes mellitus;Anxiety or depression;Painful condition,3-5,self_management_info,Offering,51.3,Low
P001674,75+,Man,4,English,False,Musculoskeletal and chronic pain,Painful condition,5,Anxiety or depression;Coronary heart disease;Diabetes mellitus;COPD,3-5,social_connection,Seeking,34.7,Medium
P001675,60-74,Woman,3,English,False,Mental health,Anxiety or depression,4,Painful condition;Chronic kidney disease;Coronary heart disease,3-5,shared_activity,Offering,57.7,Medium
P001676,45-59,Man,4,English,True,Mental health,Anxiety or depression,1,,20+,self_management_info,Seeking,72.9,Medium
P001677,45-59,Woman,4,English,False,Metabolic and endocrine,Diabetes mellitus,1,,3-5,social_connection,Seeking,50.8,Medium
P001678,60-74,Woman,1,Other,False,Mental health,Anxiety or depression,3,Diabetes mellitus;COPD,11-20,self_management_info,Offering,50.7,High
P001679,30-44,Man,5,English,False,Metabolic and endocrine,Diabetes mellitus,2,Anxiety or depression,20+,emotional_support,Seeking,34.2,Medium
P001680,45-59,Man,2,English,False,Musculoskeletal and chronic pain,Painful condition,1,,20+,self_management_info,Balanced,45.7,Medium
P001681,75+,Man,1,English,True,Metabolic and endocrine,Diabetes mellitus,1,,20+,emotional_support,Balanced,66.6,Low
P001682,45-59,Man,3,English,False,Mental health,Anxiety or depression,1,,3-5,emotional_support,Seeking,34.3,Medium
P001683,60-74,Man,5,English,False,Musculoskeletal and chronic pain,Painful condition,1,,6-10,emotional_support,Offering,20.0,Medium
P001684,45-59,Man,4,English,False,Cardiovascular,Coronary heart disease,2,Diabetes mellitus,1-2,emotional_support,Seeking,47.4,Medium
P001685,45-59,Woman,3,English,False,Cancer experience,Cancer,3,Anxiety or depression;Chronic kidney disease,1-2,emotional_support,Seeking,41.6,High
P001686,60-74,Man,1,English,False,Musculoskeletal and chronic pain,Connective tissue disorder,3,Anxiety or depression;Painful condition,<1,self_management_info,Balanced,58.2,Medium
P001687,60-74,Woman,3,English,False,Renal,Chronic kidney disease,2,Atrial fibrillation,20+,social_connection,Balanced,56.9,Medium
P001688,75+,Woman,3,English,False,Musculoskeletal and chronic pain,Painful condition,4,Coronary heart disease;Anxiety or depression;Diabetes mellitus,20+,emotional_support,Seeking,51.4,Medium
P001689,45-59,Woman,4,English,True,Mental health,Anxiety or depression,1,,6-10,self_management_info,Seeking,39.2,High
P001690,75+,Man,3,Other,False,Cardiovascular,Coronary heart disease,1,,<1,social_connection,Balanced,44.7,Medium
P001691,60-74,Man,5,English,False,Musculoskeletal and chronic pain,Painful condition,1,,11-20,self_management_info,Seeking,41.0,High
P001692,60-74,Woman,4,English,False,Cardiovascular,Coronary heart disease,4,Anxiety or depression;Painful condition;Diabetes mellitus,3-5,self_management_info,Offering,52.2,Low
P001693,45-59,Woman,3,English,False,Renal,Chronic kidney disease,1,,20+,social_connection,Balanced,41.4,Medium
P001694,45-59,Woman,5,English,False,Musculoskeletal and chronic pain,Painful condition,2,Anxiety or depression,20+,emotional_support,Seeking,32.7,Low
P001695,30-44,Man,3,English,False,Musculoskeletal and chronic pain,Painful condition,1,,<1,emotional_support,Seeking,30.6,Medium
P001696,45-59,Woman,2,English,True,Mental health,Anxiety or depression,2,Painful condition,6-10,social_connection,Seeking,58.8,Low
P001697,45-59,Woman,5,English,False,Metabolic and endocrine,Diabetes mellitus,6,Chronic kidney disease;Anxiety or depression;Atrial fibrillation;Painful condition;Stroke and TIA,1-2,emotional_support,Offering,49.4,High
P001698,45-59,Woman,1,English,False,Cancer experience,Cancer,5,Anxiety or depression;Painful condition;Coronary heart disease;Chronic kidney disease,1-2,emotional_support,Offering,59.9,Low
P001699,45-59,Woman,2,English,False,Cardiovascular,Coronary heart disease,3,Anxiety or depression;Chronic kidney disease,11-20,accountability,Seeking,56.9,Medium
P001700,75+,Man,4,English,True,Cardiovascular,Coronary heart disease,2,Anxiety or depression,6-10,social_connection,Balanced,45.8,Low
P001701,75+,Woman,3,English,True,Musculoskeletal and chronic pain,Painful condition,3,Anxiety or depression;Connective tissue disorder,20+,accountability,Seeking,52.3,Low
P001702,60-74,Man,1,English,False,Musculoskeletal and chronic pain,Painful condition,1,,<1,social_connection,Balanced,56.0,Medium
P001703,75+,Woman,2,English,False,Musculoskeletal and chronic pain,Painful condition,1,,1-2,emotional_support,Seeking,49.3,Medium
P001704,45-59,Woman,3,English,True,Cardiovascular,Atrial fibrillation,2,Cancer,20+,accountability,Balanced,30.0,Low
P001705,60-74,Woman,5,English,False,Respiratory,COPD,2,Anxiety or depression,<1,social_connection,Seeking,25.0,Medium
P001706,45-59,Man,1,English,False,Cardiovascular,Atrial fibrillation,1,,6-10,self_management_info,Offering,35.6,Medium
P001707,60-74,Man,4,English,False,Metabolic and endocrine,Diabetes mellitus,3,Anxiety or depression;Chronic kidney disease,1-2,shared_activity,Offering,28.3,High
P001708,45-59,Man,5,English,False,Mental health,Anxiety or depression,2,Diabetes mellitus,20+,emotional_support,Seeking,43.4,Medium
P001709,45-59,Man,3,Other,False,Metabolic and endocrine,Diabetes mellitus,4,Anxiety or depression;Painful condition;Coronary heart disease,20+,shared_activity,Seeking,52.2,Medium
P001710,45-59,Man,5,English,True,Musculoskeletal and chronic pain,Connective tissue disorder,1,,6-10,social_connection,Seeking,36.6,Medium
P001711,60-74,Man,1,Other,False,Mental health,Anxiety or depression,1,,<1,social_connection,Balanced,36.3,Medium
P001712,45-59,Woman,4,English,False,Musculoskeletal and chronic pain,Painful condition,1,,11-20,emotional_support,Seeking,47.4,Low
P001713,18-29,Man,1,English,False,Mental health,Anxiety or depression,5,Cancer;Painful condition;Diabetes mellitus;Connective tissue disorder,3-5,social_connection,Balanced,80.0,Medium
P001714,45-59,Woman,2,English,True,Metabolic and endocrine,Diabetes mellitus,1,,<1,accountability,Balanced,56.1,High
P001715,60-74,Man,3,English,True,Metabolic and endocrine,Diabetes mellitus,6,Anxiety or depression;Connective tissue disorder;Cancer;Coronary heart disease;Painful condition,<1,self_management_info,Seeking,55.9,Medium
P001716,75+,Woman,5,English,False,Cardiovascular,Stroke and TIA,2,Connective tissue disorder,20+,self_management_info,Seeking,42.6,Medium
P001717,45-59,Woman,3,English,False,Cardiovascular,Atrial fibrillation,1,,20+,self_management_info,Balanced,37.3,High
P001718,30-44,Woman,1,English,False,Metabolic and endocrine,Diabetes mellitus,1,,1-2,accountability,Balanced,43.7,Medium
P001719,75+,Woman,5,English,True,Cardiovascular,Coronary heart disease,2,Diabetes mellitus,6-10,emotional_support,Seeking,49.6,Medium
P001720,45-59,Non-binary or self-describe,1,English,False,Cardiovascular,Stroke and TIA,1,,<1,accountability,Seeking,47.1,Medium
P001721,45-59,Man,3,English,False,Musculoskeletal and chronic pain,Painful condition,2,Coronary heart disease,6-10,social_connection,Seeking,52.8,Medium
P001722,45-59,Woman,4,English,False,Mental health,Anxiety or depression,2,Coronary heart disease,11-20,self_management_info,Balanced,28.5,High
P001723,60-74,Woman,5,English,False,Musculoskeletal and chronic pain,Painful condition,1,,3-5,self_management_info,Seeking,42.6,Low
P001724,45-59,Woman,4,English,False,Mental health,Anxiety or depression,1,,<1,accountability,Balanced,38.3,Medium
P001725,30-44,Man,3,English,True,Metabolic and endocrine,Diabetes mellitus,1,,<1,social_connection,Seeking,47.1,Medium
P001726,45-59,Woman,3,English,False,Musculoskeletal and chronic pain,Connective tissue disorder,2,Anxiety or depression,20+,accountability,Balanced,42.4,Low
P001727,60-74,Man,3,English,False,Musculoskeletal and chronic pain,Connective tissue disorder,3,Painful condition;Anxiety or depression,6-10,shared_activity,Seeking,48.0,Low
P001728,60-74,Man,5,English,False,Cardiovascular,Stroke and TIA,1,,6-10,emotional_support,Balanced,48.9,Medium
P001729,60-74,Man,3,English,False,Cardiovascular,Atrial fibrillation,2,Diabetes mellitus,20+,shared_activity,Seeking,52.2,High
P001730,45-59,Man,2,Other,False,Cancer experience,Cancer,2,Anxiety or depression,3-5,self_management_info,Balanced,36.9,Low
P001731,60-74,Woman,5,English,False,Renal,Chronic kidney disease,1,,20+,self_management_info,Offering,38.6,Medium
P001732,60-74,Woman,1,English,False,Respiratory,COPD,1,,6-10,accountability,Seeking,40.5,Low
P001733,30-44,Woman,3,English,True,Cardiovascular,Coronary heart disease,1,,<1,self_management_info,Offering,53.0,Medium
P001734,45-59,Man,3,English,False,Musculoskeletal and chronic pain,Painful condition,3,Anxiety or depression;Diabetes mellitus,6-10,social_connection,Seeking,29.7,High
P001735,60-74,Man,4,English,True,Cardiovascular,Stroke and TIA,1,,<1,shared_activity,Seeking,59.5,Medium
P001736,75+,Man,5,English,True,Musculoskeletal and chronic pain,Painful condition,4,Anxiety or depression;Cancer;Coronary heart disease,3-5,accountability,Seeking,49.5,Medium
P001737,60-74,Woman,2,English,False,Musculoskeletal and chronic pain,Connective tissue disorder,2,Anxiety or depression,11-20,shared_activity,Seeking,38.3,High
P001738,60-74,Man,5,English,True,Metabolic and endocrine,Diabetes mellitus,6,Anxiety or depression;Painful condition;Atrial fibrillation;COPD;Coronary heart disease,11-20,social_connection,Balanced,61.5,Low
P001739,75+,Man,5,English,True,Cardiovascular,Atrial fibrillation,4,Chronic kidney disease;Stroke and TIA;Diabetes mellitus,1-2,emotional_support,Seeking,60.6,High
P001740,30-44,Man,2,English,True,Renal,Chronic kidney disease,1,,<1,accountability,Seeking,38.0,Low
P001741,60-74,Man,2,English,True,Mental health,Anxiety or depression,1,,3-5,emotional_support,Balanced,51.4,Low
P001742,60-74,Woman,5,English,False,Mental health,Anxiety or depression,1,,<1,self_management_info,Balanced,39.9,Medium
P001743,45-59,Woman,3,English,False,Mental health,Anxiety or depression,1,,1-2,shared_activity,Offering,42.3,Medium
P001744,75+,Woman,3,English,True,Mental health,Anxiety or depression,1,,1-2,self_management_info,Balanced,58.4,Low
P001745,18-29,Man,2,English,True,Metabolic and endocrine,Diabetes mellitus,1,,6-10,self_management_info,Offering,62.5,Low
P001746,45-59,Man,1,English,False,Cardiovascular,Atrial fibrillation,2,Chronic kidney disease,<1,shared_activity,Seeking,52.6,High
P001747,30-44,Man,5,English,False,Cancer experience,Cancer,1,,11-20,emotional_support,Balanced,34.2,Medium
P001748,60-74,Woman,2,English,True,Musculoskeletal and chronic pain,Connective tissue disorder,1,,1-2,emotional_support,Balanced,31.7,Low
P001749,75+,Woman,4,English,True,Cardiovascular,Stroke and TIA,3,Chronic kidney disease;Anxiety or depression,1-2,social_connection,Seeking,55.1,Medium
P001750,30-44,Woman,2,English,False,Musculoskeletal and chronic pain,Painful condition,1,,20+,social_connection,Seeking,47.8,High
P001751,30-44,Man,1,English,False,Metabolic and endocrine,Diabetes mellitus,4,Anxiety or depression;Painful condition;COPD,20+,shared_activity,Seeking,63.1,Low
P001752,60-74,Woman,1,English,False,Metabolic and endocrine,Diabetes mellitus,4,Anxiety or depression;Painful condition;Heart failure,1-2,social_connection,Seeking,46.7,Medium
P001753,18-29,Man,1,English,False,Musculoskeletal and chronic pain,Painful condition,1,,6-10,social_connection,Seeking,34.5,Medium
P001754,60-74,Woman,1,English,False,Mental health,Anxiety or depression,3,Chronic kidney disease;Painful condition,1-2,accountability,Seeking,65.9,Medium
P001755,60-74,Man,3,English,False,Mental health,Anxiety or depression,2,Painful condition,6-10,self_management_info,Balanced,37.4,Medium
P001756,75+,Woman,5,English,False,Cancer experience,Cancer,3,Anxiety or depression;Painful condition,3-5,social_connection,Offering,41.3,Low
P001757,60-74,Woman,1,English,False,Cancer experience,Cancer,1,,1-2,emotional_support,Seeking,55.9,High
P001758,45-59,Woman,2,English,False,Cardiovascular,Coronary heart disease,3,Anxiety or depression;Painful condition,6-10,social_connection,Offering,40.8,Low
P001759,60-74,Woman,2,English,True,Metabolic and endocrine,Diabetes mellitus,2,Connective tissue disorder,20+,social_connection,Balanced,60.2,High
P001760,60-74,Man,3,English,True,Metabolic and endocrine,Diabetes mellitus,1,,1-2,social_connection,Balanced,43.3,Low
P001761,60-74,Woman,5,English,False,Cardiovascular,Coronary heart disease,1,,20+,shared_activity,Seeking,34.6,Medium
P001762,30-44,Man,4,English,False,Cancer experience,Cancer,6,Anxiety or depression;Painful condition;Atrial fibrillation;Connective tissue disorder;Diabetes mellitus,6-10,social_connection,Offering,49.0,Low
P001763,60-74,Man,5,English,False,Musculoskeletal and chronic pain,Painful condition,1,,<1,self_management_info,Seeking,28.3,Low
P001764,75+,Man,1,English,True,Cardiovascular,Atrial fibrillation,5,Diabetes mellitus;Anxiety or depression;Painful condition;Coronary heart disease,6-10,social_connection,Balanced,52.1,Low
P001765,60-74,Woman,1,English,False,Cancer experience,Cancer,2,Anxiety or depression,6-10,emotional_support,Seeking,60.8,High
P001766,75+,Woman,1,English,True,Cardiovascular,Coronary heart disease,2,Painful condition,20+,social_connection,Seeking,54.7,High
P001767,75+,Woman,1,Other,True,Renal,Chronic kidney disease,5,Painful condition;Anxiety or depression;Diabetes mellitus;Coronary heart disease,3-5,shared_activity,Offering,66.2,Medium
P001768,45-59,Woman,4,English,False,Cardiovascular,Coronary heart disease,4,Anxiety or depression;COPD;Painful condition,11-20,social_connection,Offering,51.2,High
P001769,75+,Man,1,English,True,Musculoskeletal and chronic pain,Connective tissue disorder,4,Anxiety or depression;Painful condition;Coronary heart disease,3-5,emotional_support,Seeking,52.5,Medium
P001770,75+,Woman,5,English,False,Musculoskeletal and chronic pain,Painful condition,3,Anxiety or depression;Connective tissue disorder,11-20,self_management_info,Offering,40.7,Medium
P001771,45-59,Woman,4,English,False,Cancer experience,Cancer,1,,<1,social_connection,Seeking,41.0,Medium
P001772,60-74,Man,1,English,False,Mental health,Anxiety or depression,4,Connective tissue disorder;Cancer;Diabetes mellitus,20+,accountability,Seeking,44.7,High
P001773,60-74,Man,2,English,False,Metabolic and endocrine,Diabetes mellitus,1,,20+,social_connection,Balanced,34.8,High
P001774,45-59,Man,3,English,False,Mental health,Anxiety or depression,3,Chronic kidney disease;Painful condition,3-5,social_connection,Offering,54.4,Medium
P001775,60-74,Woman,5,English,False,Mental health,Anxiety or depression,3,COPD;Painful condition,11-20,emotional_support,Seeking,39.0,High
P001776,18-29,Woman,2,English,False,Metabolic and endocrine,Diabetes mellitus,1,,<1,shared_activity,Seeking,34.6,Medium
P001777,60-74,Man,5,English,True,Musculoskeletal and chronic pain,Painful condition,1,,1-2,accountability,Balanced,39.5,Low
P001778,60-74,Woman,3,English,False,Musculoskeletal and chronic pain,Painful condition,4,Diabetes mellitus;Anxiety or depression;COPD,20+,self_management_info,Seeking,40.1,Low
P001779,60-74,Woman,1,English,False,Musculoskeletal and chronic pain,Painful condition,1,,6-10,accountability,Balanced,52.0,Medium
P001780,30-44,Man,2,English,False,Metabolic and endocrine,Diabetes mellitus,1,,3-5,emotional_support,Seeking,48.6,High
P001781,45-59,Man,3,English,False,Cardiovascular,Atrial fibrillation,1,,3-5,self_management_info,Seeking,26.9,Low
P001782,30-44,Woman,3,English,False,Musculoskeletal and chronic pain,Connective tissue disorder,4,Anxiety or depression;Coronary heart disease;Diabetes mellitus,3-5,shared_activity,Seeking,46.7,Medium
P001783,45-59,Man,3,English,False,Mental health,Anxiety or depression,4,Cancer;Connective tissue disorder;Coronary heart disease,3-5,shared_activity,Balanced,57.4,High
P001784,45-59,Woman,3,English,False,Cardiovascular,Coronary heart disease,4,Anxiety or depression;Diabetes mellitus;Connective tissue disorder,20+,social_connection,Offering,51.2,Medium
P001785,30-44,Man,2,English,False,Musculoskeletal and chronic pain,Painful condition,1,,3-5,accountability,Balanced,46.4,Medium
P001786,45-59,Man,3,English,False,Musculoskeletal and chronic pain,Painful condition,2,Atrial fibrillation,20+,shared_activity,Seeking,45.8,Medium
P001787,45-59,Woman,4,English,False,Mental health,Anxiety or depression,2,Painful condition,<1,accountability,Offering,27.2,Medium
P001788,60-74,Man,4,English,False,Cardiovascular,Atrial fibrillation,4,Anxiety or depression;Diabetes mellitus;Chronic kidney disease,6-10,self_management_info,Offering,34.8,High
P001789,60-74,Woman,5,English,False,Metabolic and endocrine,Diabetes mellitus,3,Anxiety or depression;Stroke and TIA,11-20,social_connection,Seeking,39.0,High
P001790,60-74,Woman,5,English,True,Musculoskeletal and chronic pain,Painful condition,1,,<1,emotional_support,Offering,45.9,Low
P001791,60-74,Woman,1,Other,True,Respiratory,COPD,1,,<1,self_management_info,Offering,44.2,Medium
P001792,75+,Woman,1,English,False,Renal,Chronic kidney disease,2,Anxiety or depression,1-2,social_connection,Seeking,55.3,Medium
P001793,60-74,Man,1,English,True,Musculoskeletal and chronic pain,Painful condition,4,Anxiety or depression;Chronic kidney disease;Cancer,6-10,emotional_support,Balanced,48.5,Low
P001794,45-59,Woman,2,English,True,Mental health,Anxiety or depression,1,,1-2,emotional_support,Seeking,31.7,High
P001795,75+,Woman,4,English,True,Respiratory,COPD,2,Cancer,11-20,emotional_support,Balanced,42.1,Low
P001796,60-74,Woman,1,English,False,Musculoskeletal and chronic pain,Painful condition,2,Diabetes mellitus,<1,social_connection,Seeking,57.9,High
P001797,45-59,Woman,2,English,False,Musculoskeletal and chronic pain,Painful condition,1,,3-5,accountability,Seeking,36.3,High
P001798,75+,Woman,5,English,False,Musculoskeletal and chronic pain,Painful condition,1,,3-5,social_connection,Seeking,37.5,Medium
P001799,75+,Man,1,English,False,Metabolic and endocrine,Diabetes mellitus,2,COPD,1-2,social_connection,Balanced,38.2,Medium
P001800,75+,Woman,2,Polish,True,Musculoskeletal and chronic pain,Painful condition,6,Anxiety or depression;Stroke and TIA;Coronary heart disease;Heart failure;Connective tissue disorder,11-20,shared_activity,Seeking,66.6,Medium
P001801,75+,Man,3,English,True,Musculoskeletal and chronic pain,Painful condition,2,Atrial fibrillation,11-20,self_management_info,Balanced,55.6,Medium
P001802,60-74,Woman,2,English,False,Cardiovascular,Heart failure,3,Anxiety or depression;Diabetes mellitus,<1,emotional_support,Balanced,72.4,Low
P001803,75+,Woman,3,English,True,Mental health,Anxiety or depression,6,Coronary heart disease;Chronic kidney disease;Painful condition;Connective tissue disorder;COPD,3-5,accountability,Balanced,61.0,Medium
P001804,45-59,Woman,4,English,False,Musculoskeletal and chronic pain,Painful condition,2,Anxiety or depression,11-20,social_connection,Balanced,46.5,Low
P001805,60-74,Woman,1,English,False,Mental health,Anxiety or depression,1,,11-20,accountability,Seeking,58.0,High
P001806,45-59,Woman,1,English,False,Mental health,Anxiety or depression,6,Heart failure;Painful condition;Connective tissue disorder;Diabetes mellitus;COPD,6-10,shared_activity,Balanced,67.7,Medium
P001807,30-44,Woman,2,Other,False,Cardiovascular,Atrial fibrillation,2,Coronary heart disease,3-5,social_connection,Seeking,36.8,Medium
P001808,75+,Man,2,English,False,Musculoskeletal and chronic pain,Painful condition,5,Anxiety or depression;Heart failure;Coronary heart disease;COPD,11-20,emotional_support,Seeking,47.6,High
P001809,60-74,Man,3,English,False,Musculoskeletal and chronic pain,Painful condition,5,Anxiety or depression;COPD;Coronary heart disease;Connective tissue disorder,3-5,emotional_support,Balanced,71.7,Medium
P001810,45-59,Woman,2,English,False,Cancer experience,Cancer,2,Atrial fibrillation,3-5,shared_activity,Balanced,29.6,Medium
P001811,60-74,Woman,1,English,False,Cardiovascular,Coronary heart disease,5,Anxiety or depression;Painful condition;Cancer;Diabetes mellitus,1-2,accountability,Balanced,62.1,Medium
P001812,75+,Woman,3,English,True,Mental health,Anxiety or depression,2,Diabetes mellitus,<1,shared_activity,Balanced,49.4,Medium
P001813,60-74,Man,2,English,False,Metabolic and endocrine,Diabetes mellitus,6,Anxiety or depression;Coronary heart disease;Connective tissue disorder;Painful condition;Atrial fibrillation,1-2,accountability,Balanced,45.3,Medium
P001814,45-59,Woman,3,English,False,Musculoskeletal and chronic pain,Painful condition,3,Anxiety or depression;COPD,1-2,self_management_info,Seeking,50.6,Medium
P001815,45-59,Woman,4,English,False,Musculoskeletal and chronic pain,Painful condition,1,,<1,emotional_support,Balanced,54.3,Medium
P001816,45-59,Man,5,English,False,Musculoskeletal and chronic pain,Painful condition,1,,11-20,accountability,Offering,34.6,Medium
P001817,60-74,Man,2,English,True,Metabolic and endocrine,Diabetes mellitus,6,Anxiety or depression;Atrial fibrillation;Coronary heart disease;Heart failure;Stroke and TIA,11-20,shared_activity,Balanced,51.9,High
P001818,75+,Woman,4,English,True,Mental health,Anxiety or depression,2,COPD,20+,emotional_support,Balanced,53.2,Medium
P001819,45-59,Woman,4,English,False,Musculoskeletal and chronic pain,Connective tissue disorder,2,Painful condition,1-2,social_connection,Offering,43.1,Low
P001820,18-29,Woman,2,English,False,Musculoskeletal and chronic pain,Painful condition,1,,<1,emotional_support,Seeking,46.9,High
P001821,60-74,Man,5,English,False,Renal,Chronic kidney disease,1,,6-10,emotional_support,Offering,32.0,Medium
P001822,30-44,Woman,1,English,False,Mental health,Anxiety or depression,3,Diabetes mellitus;Atrial fibrillation,20+,shared_activity,Seeking,74.1,Medium
P001823,18-29,Man,4,English,False,Mental health,Anxiety or depression,1,,6-10,accountability,Seeking,28.0,Medium
P001824,75+,Man,2,English,True,Musculoskeletal and chronic pain,Painful condition,1,,20+,emotional_support,Offering,54.3,High
P001825,75+,Woman,1,English,True,Musculoskeletal and chronic pain,Painful condition,2,Anxiety or depression,<1,emotional_support,Balanced,61.6,High
P001826,75+,Man,3,English,False,Metabolic and endocrine,Diabetes mellitus,1,,11-20,self_management_info,Seeking,33.6,Medium
P001827,75+,Man,4,English,False,Metabolic and endocrine,Diabetes mellitus,1,,<1,self_management_info,Balanced,35.4,Medium
P001828,18-29,Man,4,Other,False,Musculoskeletal and chronic pain,Painful condition,1,,3-5,emotional_support,Seeking,53.4,Low
P001829,60-74,Man,4,English,True,Musculoskeletal and chronic pain,Painful condition,4,Anxiety or depression;Chronic kidney disease;Cancer,6-10,self_management_info,Seeking,60.1,Medium
P001830,30-44,Woman,3,English,False,Musculoskeletal and chronic pain,Painful condition,1,,<1,accountability,Balanced,41.4,Medium
P001831,30-44,Man,5,English,False,Mental health,Anxiety or depression,1,,20+,accountability,Seeking,34.4,High
P001832,45-59,Man,4,English,False,Cardiovascular,Coronary heart disease,1,,<1,shared_activity,Balanced,23.1,High
P001833,30-44,Man,2,English,False,Metabolic and endocrine,Diabetes mellitus,1,,3-5,social_connection,Seeking,56.1,Medium
P001834,45-59,Woman,4,English,False,Mental health,Anxiety or depression,1,,20+,accountability,Seeking,59.0,Low
P001835,30-44,Woman,3,English,False,Metabolic and endocrine,Diabetes mellitus,1,,20+,social_connection,Seeking,35.6,Low
P001836,60-74,Man,5,English,False,Musculoskeletal and chronic pain,Painful condition,1,,<1,social_connection,Balanced,35.5,Medium
P001837,60-74,Woman,5,English,False,Respiratory,COPD,1,,11-20,social_connection,Seeking,32.2,High
P001838,75+,Man,3,Polish,False,Musculoskeletal and chronic pain,Connective tissue disorder,1,,11-20,social_connection,Balanced,38.4,Medium
P001839,45-59,Man,3,English,False,Musculoskeletal and chronic pain,Painful condition,2,Anxiety or depression,<1,self_management_info,Seeking,48.4,Low
P001840,60-74,Man,1,English,False,Cardiovascular,Coronary heart disease,3,Anxiety or depression;Diabetes mellitus,6-10,social_connection,Offering,51.1,Medium
P001841,60-74,Woman,5,English,False,Musculoskeletal and chronic pain,Painful condition,2,Anxiety or depression,<1,social_connection,Offering,50.2,Medium
P001842,30-44,Man,1,English,False,Metabolic and endocrine,Diabetes mellitus,1,,11-20,shared_activity,Balanced,45.7,Low
P001843,75+,Woman,1,English,True,Mental health,Anxiety or depression,3,Coronary heart disease;Stroke and TIA,<1,emotional_support,Seeking,56.9,Medium
P001844,45-59,Man,2,English,False,Cardiovascular,Coronary heart disease,2,Diabetes mellitus,20+,social_connection,Balanced,55.3,High
P001845,45-59,Man,4,English,True,Renal,Chronic kidney disease,1,,11-20,self_management_info,Offering,56.8,Medium
P001846,45-59,Woman,3,English,False,Cardiovascular,Coronary heart disease,2,Painful condition,6-10,social_connection,Seeking,41.0,Low
P001847,60-74,Woman,2,English,True,Musculoskeletal and chronic pain,Painful condition,2,COPD,3-5,social_connection,Seeking,33.9,Medium
P001848,45-59,Man,5,English,True,Mental health,Anxiety or depression,1,,11-20,emotional_support,Balanced,57.7,Low
P001849,60-74,Woman,2,English,False,Musculoskeletal and chronic pain,Painful condition,1,,<1,emotional_support,Seeking,49.6,Low
P001850,45-59,Woman,1,English,False,Musculoskeletal and chronic pain,Painful condition,2,Diabetes mellitus,<1,shared_activity,Seeking,49.6,Low
P001851,60-74,Man,3,English,False,Cardiovascular,Stroke and TIA,3,Anxiety or depression;Chronic kidney disease,<1,shared_activity,Balanced,37.8,Low
P001852,60-74,Woman,5,English,True,Renal,Chronic kidney disease,1,,11-20,accountability,Offering,42.2,Low
P001853,75+,Woman,3,English,False,Cancer experience,Cancer,1,,3-5,accountability,Balanced,37.5,High
P001854,75+,Non-binary or self-describe,4,Other,False,Musculoskeletal and chronic pain,Painful condition,2,Diabetes mellitus,1-2,social_connection,Seeking,34.7,Medium
P001855,18-29,Man,2,English,False,Musculoskeletal and chronic pain,Painful condition,1,,6-10,shared_activity,Balanced,48.3,Medium
P001856,60-74,Man,3,English,False,Musculoskeletal and chronic pain,Painful condition,3,Anxiety or depression;Diabetes mellitus,11-20,accountability,Seeking,37.0,Medium
P001857,75+,Woman,4,English,True,Cardiovascular,Stroke and TIA,1,,11-20,social_connection,Offering,38.8,High
P001858,60-74,Man,1,English,True,Cardiovascular,Coronary heart disease,1,,20+,emotional_support,Balanced,48.6,High
P001859,60-74,Woman,5,English,True,Mental health,Anxiety or depression,1,,1-2,self_management_info,Offering,39.5,High
P001860,75+,Woman,3,English,False,Cancer experience,Cancer,2,Anxiety or depression,11-20,accountability,Balanced,44.8,Low
P001861,45-59,Woman,2,Other,True,Musculoskeletal and chronic pain,Connective tissue disorder,2,Cancer,<1,self_management_info,Balanced,40.6,Medium
P001862,45-59,Man,5,English,False,Musculoskeletal and chronic pain,Painful condition,1,,6-10,accountability,Seeking,35.1,Medium
P001863,75+,Man,1,English,False,Metabolic and endocrine,Diabetes mellitus,2,Connective tissue disorder,6-10,social_connection,Balanced,31.5,Low
P001864,30-44,Woman,4,English,False,Renal,Chronic kidney disease,1,,1-2,social_connection,Seeking,28.0,Low
P001865,60-74,Man,3,English,True,Cardiovascular,Coronary heart disease,1,,20+,social_connection,Seeking,47.2,Medium
P001866,75+,Woman,5,English,False,Musculoskeletal and chronic pain,Painful condition,4,Anxiety or depression;Atrial fibrillation;Connective tissue disorder,11-20,self_management_info,Offering,40.8,High
P001867,18-29,Woman,5,Other,False,Musculoskeletal and chronic pain,Connective tissue disorder,1,,<1,accountability,Balanced,40.9,High
P001868,60-74,Woman,2,English,False,Metabolic and endocrine,Diabetes mellitus,1,,3-5,shared_activity,Balanced,42.7,High
P001869,60-74,Woman,5,English,False,Cardiovascular,Coronary heart disease,3,Atrial fibrillation;Anxiety or depression,11-20,self_management_info,Seeking,44.8,Medium
P001870,30-44,Man,2,English,False,Metabolic and endocrine,Diabetes mellitus,1,,<1,emotional_support,Balanced,30.3,High
P001871,75+,Man,4,English,True,Mental health,Anxiety or depression,4,Painful condition;Diabetes mellitus;Connective tissue disorder,11-20,accountability,Seeking,62.0,High
P001872,45-59,Man,5,Panjabi,True,Musculoskeletal and chronic pain,Painful condition,4,Anxiety or depression;Coronary heart disease;Heart failure,1-2,social_connection,Seeking,32.5,Medium
P001873,60-74,Woman,5,Polish,False,Mental health,Anxiety or depression,1,,6-10,shared_activity,Seeking,31.4,Medium
P001874,60-74,Woman,1,English,False,Musculoskeletal and chronic pain,Painful condition,1,,3-5,emotional_support,Offering,23.3,High
P001875,45-59,Woman,5,English,False,Metabolic and endocrine,Diabetes mellitus,1,,20+,accountability,Balanced,48.7,High
P001876,75+,Woman,4,English,True,Mental health,Anxiety or depression,1,,3-5,social_connection,Seeking,42.2,Low
P001877,75+,Man,3,English,False,Cardiovascular,Coronary heart disease,2,Anxiety or depression,1-2,shared_activity,Seeking,37.7,Medium
P001878,60-74,Man,1,English,False,Musculoskeletal and chronic pain,Painful condition,2,Stroke and TIA,<1,self_management_info,Balanced,54.4,High
P001879,45-59,Man,3,English,False,Musculoskeletal and chronic pain,Painful condition,1,,1-2,emotional_support,Balanced,50.4,Medium
P001880,60-74,Woman,1,English,False,Metabolic and endocrine,Diabetes mellitus,1,,1-2,shared_activity,Balanced,40.3,Medium
P001881,30-44,Woman,2,English,False,Renal,Chronic kidney disease,4,Painful condition;Anxiety or depression;Cancer,1-2,emotional_support,Seeking,40.1,Medium
P001882,60-74,Man,5,Other,False,Mental health,Anxiety or depression,1,,20+,social_connection,Seeking,37.5,High
P001883,75+,Woman,3,English,False,Renal,Chronic kidney disease,3,Anxiety or depression;Coronary heart disease,11-20,emotional_support,Balanced,42.2,Low
P001884,75+,Woman,4,English,True,Cardiovascular,Atrial fibrillation,1,,6-10,accountability,Balanced,26.7,Medium
P001885,75+,Woman,4,English,True,Cardiovascular,Atrial fibrillation,3,Anxiety or depression;Diabetes mellitus,<1,self_management_info,Seeking,48.3,Medium
P001886,30-44,Woman,2,English,False,Musculoskeletal and chronic pain,Painful condition,1,,3-5,emotional_support,Seeking,53.7,Medium
P001887,75+,Woman,1,English,False,Mental health,Anxiety or depression,1,,6-10,emotional_support,Offering,65.9,Medium
P001888,45-59,Woman,2,English,False,Metabolic and endocrine,Diabetes mellitus,4,Painful condition;Anxiety or depression;Stroke and TIA,6-10,self_management_info,Seeking,58.2,Low
P001889,75+,Woman,4,English,False,Mental health,Anxiety or depression,2,Connective tissue disorder,3-5,self_management_info,Seeking,35.3,Medium
P001890,45-59,Man,2,English,False,Cardiovascular,Atrial fibrillation,2,Anxiety or depression,6-10,emotional_support,Offering,53.3,High
P001891,75+,Man,3,English,True,Cardiovascular,Coronary heart disease,2,Chronic kidney disease,1-2,self_management_info,Seeking,51.9,High
P001892,45-59,Man,1,English,False,Musculoskeletal and chronic pain,Painful condition,1,,<1,self_management_info,Balanced,37.2,Medium
P001893,60-74,Man,2,English,False,Cardiovascular,Atrial fibrillation,4,Anxiety or depression;Coronary heart disease;Painful condition,1-2,shared_activity,Offering,38.7,Medium
P001894,45-59,Woman,4,English,False,Cardiovascular,Stroke and TIA,2,Anxiety or depression,<1,self_management_info,Seeking,33.7,Low
P001895,75+,Woman,2,English,True,Mental health,Anxiety or depression,1,,6-10,social_connection,Offering,54.2,Low
P001896,45-59,Woman,4,English,False,Renal,Chronic kidney disease,1,,6-10,shared_activity,Balanced,44.9,Medium
P001897,75+,Man,1,English,True,Mental health,Anxiety or depression,1,,6-10,social_connection,Balanced,63.5,Low
P001898,45-59,Woman,2,English,True,Mental health,Anxiety or depression,5,Chronic kidney disease;COPD;Stroke and TIA;Painful condition,3-5,shared_activity,Seeking,51.5,High
P001899,75+,Woman,1,English,True,Metabolic and endocrine,Diabetes mellitus,1,,3-5,social_connection,Balanced,44.4,High
P001900,30-44,Man,5,English,False,Musculoskeletal and chronic pain,Painful condition,1,,20+,shared_activity,Balanced,46.9,Low
P001901,45-59,Man,3,English,False,Musculoskeletal and chronic pain,Connective tissue disorder,2,Diabetes mellitus,<1,social_connection,Offering,39.2,Medium
P001902,45-59,Man,1,English,False,Musculoskeletal and chronic pain,Painful condition,1,,11-20,social_connection,Seeking,46.8,Medium
P001903,45-59,Woman,2,English,True,Musculoskeletal and chronic pain,Painful condition,3,Anxiety or depression;Coronary heart disease,20+,social_connection,Balanced,42.4,Medium
P001904,45-59,Woman,4,English,False,Cardiovascular,Stroke and TIA,1,,6-10,self_management_info,Seeking,25.3,High
P001905,75+,Man,5,English,False,Cardiovascular,Coronary heart disease,5,Anxiety or depression;Diabetes mellitus;Painful condition;Chronic kidney disease,1-2,self_management_info,Seeking,48.7,Low
P001906,75+,Man,1,English,True,Cardiovascular,Coronary heart disease,3,Heart failure;Anxiety or depression,<1,social_connection,Balanced,58.7,Medium
P001907,60-74,Woman,5,English,False,Musculoskeletal and chronic pain,Painful condition,3,Anxiety or depression;Coronary heart disease,1-2,shared_activity,Seeking,36.6,Medium
P001908,75+,Woman,5,English,False,Musculoskeletal and chronic pain,Connective tissue disorder,6,Anxiety or depression;Painful condition;Diabetes mellitus;Chronic kidney disease;Cancer,1-2,social_connection,Balanced,43.4,High
P001909,45-59,Woman,1,English,True,Musculoskeletal and chronic pain,Connective tissue disorder,2,Anxiety or depression,3-5,accountability,Seeking,67.6,Medium
P001910,45-59,Woman,4,English,False,Mental health,Anxiety or depression,3,Coronary heart disease;Stroke and TIA,6-10,emotional_support,Balanced,45.6,High
P001911,45-59,Woman,2,English,False,Mental health,Anxiety or depression,1,,1-2,self_management_info,Offering,52.7,Medium
P001912,60-74,Man,1,Other,False,Renal,Chronic kidney disease,1,,6-10,accountability,Balanced,44.8,High
P001913,75+,Woman,3,English,False,Musculoskeletal and chronic pain,Connective tissue disorder,3,Anxiety or depression;Painful condition,11-20,social_connection,Seeking,46.5,Medium
P001914,75+,Woman,5,English,True,Cardiovascular,Coronary heart disease,1,,<1,shared_activity,Balanced,62.4,Medium
P001915,60-74,Man,5,English,False,Renal,Chronic kidney disease,3,Anxiety or depression;Painful condition,20+,self_management_info,Seeking,46.3,Medium
P001916,30-44,Woman,4,English,True,Metabolic and endocrine,Diabetes mellitus,1,,20+,social_connection,Balanced,38.9,High
P001917,75+,Woman,4,English,True,Mental health,Anxiety or depression,5,Diabetes mellitus;Painful condition;Coronary heart disease;Cancer,6-10,shared_activity,Balanced,55.2,Medium
P001918,60-74,Woman,4,English,False,Musculoskeletal and chronic pain,Painful condition,3,Anxiety or depression;Chronic kidney disease,3-5,social_connection,Offering,20.0,Medium
P001919,18-29,Man,5,English,False,Mental health,Anxiety or depression,2,Diabetes mellitus,6-10,shared_activity,Balanced,33.0,High
P001920,60-74,Man,4,English,False,Renal,Chronic kidney disease,3,Anxiety or depression;Painful condition,11-20,accountability,Balanced,41.7,Medium
P001921,75+,Woman,5,English,True,Mental health,Anxiety or depression,1,,11-20,accountability,Balanced,38.6,High
P001922,45-59,Woman,5,English,False,Metabolic and endocrine,Diabetes mellitus,1,,3-5,self_management_info,Balanced,35.4,Low
P001923,60-74,Man,4,English,False,Mental health,Anxiety or depression,1,,1-2,self_management_info,Balanced,51.0,Medium
P001924,45-59,Man,5,English,False,Mental health,Anxiety or depression,2,Painful condition,11-20,shared_activity,Balanced,38.0,High
P001925,45-59,Woman,3,English,False,Metabolic and endocrine,Diabetes mellitus,6,Anxiety or depression;Coronary heart disease;Atrial fibrillation;Connective tissue disorder;Painful condition,11-20,accountability,Balanced,71.3,High
P001926,30-44,Woman,4,English,False,Renal,Chronic kidney disease,2,Anxiety or depression,1-2,shared_activity,Balanced,51.1,Medium
P001927,60-74,Woman,1,Other,False,Cancer experience,Cancer,4,Coronary heart disease;Anxiety or depression;Diabetes mellitus,11-20,social_connection,Seeking,57.2,Low
P001928,45-59,Woman,5,English,False,Musculoskeletal and chronic pain,Painful condition,1,,6-10,self_management_info,Offering,44.0,High
P001929,45-59,Woman,3,English,False,Cardiovascular,Atrial fibrillation,5,Anxiety or depression;Painful condition;Chronic kidney disease;Stroke and TIA,11-20,shared_activity,Balanced,44.3,Medium
P001930,75+,Woman,5,English,False,Musculoskeletal and chronic pain,Painful condition,4,Anxiety or depression;Cancer;Heart failure,11-20,social_connection,Offering,38.8,High
P001931,75+,Woman,3,English,True,Mental health,Anxiety or depression,2,Coronary heart disease,11-20,emotional_support,Seeking,47.8,Medium
P001932,75+,Man,1,English,True,Musculoskeletal and chronic pain,Connective tissue disorder,2,Chronic kidney disease,1-2,accountability,Balanced,61.2,Medium
P001933,60-74,Man,4,English,False,Musculoskeletal and chronic pain,Painful condition,2,Anxiety or depression,11-20,shared_activity,Seeking,37.2,Medium
P001934,75+,Woman,4,English,True,Cancer experience,Cancer,1,,3-5,social_connection,Offering,28.9,Medium
P001935,75+,Woman,1,English,False,Cardiovascular,Coronary heart disease,5,Painful condition;Anxiety or depression;Chronic kidney disease;Atrial fibrillation,3-5,emotional_support,Seeking,36.8,Medium
P001936,60-74,Man,3,English,False,Musculoskeletal and chronic pain,Painful condition,4,Anxiety or depression;Cancer;Coronary heart disease,3-5,accountability,Seeking,52.3,Medium
P001937,45-59,Woman,2,English,True,Musculoskeletal and chronic pain,Painful condition,5,Anxiety or depression;Diabetes mellitus;Heart failure;Cancer,11-20,emotional_support,Balanced,61.0,High
P001938,60-74,Woman,3,English,False,Mental health,Anxiety or depression,6,Diabetes mellitus;Atrial fibrillation;COPD;Painful condition;Heart failure,1-2,emotional_support,Seeking,59.6,Medium
P001939,60-74,Woman,4,English,True,Mental health,Anxiety or depression,2,Painful condition,11-20,social_connection,Seeking,32.3,Medium
P001940,45-59,Woman,3,Other,False,Musculoskeletal and chronic pain,Painful condition,2,Anxiety or depression,<1,self_management_info,Balanced,49.3,Medium
P001941,60-74,Man,1,English,True,Cardiovascular,Atrial fibrillation,1,,3-5,emotional_support,Seeking,40.4,Medium
P001942,60-74,Woman,1,English,True,Renal,Chronic kidney disease,1,,<1,social_connection,Balanced,48.9,Medium
P001943,18-29,Woman,4,English,False,Mental health,Anxiety or depression,1,,1-2,self_management_info,Balanced,48.7,High
P001944,60-74,Woman,5,Other,False,Cardiovascular,Coronary heart disease,3,Anxiety or depression;Chronic kidney disease,<1,emotional_support,Seeking,35.4,Low
P001945,60-74,Man,1,English,False,Musculoskeletal and chronic pain,Painful condition,3,Anxiety or depression;Diabetes mellitus,11-20,emotional_support,Balanced,55.1,Medium
P001946,60-74,Man,4,English,False,Metabolic and endocrine,Diabetes mellitus,2,Painful condition,11-20,emotional_support,Offering,38.1,Medium
P001947,60-74,Man,4,English,True,Renal,Chronic kidney disease,4,Anxiety or depression;Coronary heart disease;Painful condition,20+,self_management_info,Balanced,58.4,Low
P001948,30-44,Man,4,English,False,Mental health,Anxiety or depression,1,,20+,shared_activity,Seeking,45.9,High
P001949,30-44,Woman,4,English,False,Mental health,Anxiety or depression,1,,1-2,accountability,Seeking,55.8,Medium
P001950,18-29,Man,2,English,False,Metabolic and endocrine,Diabetes mellitus,1,,<1,social_connection,Balanced,49.1,Medium
P001951,60-74,Woman,5,English,True,Musculoskeletal and chronic pain,Painful condition,4,Anxiety or depression;Diabetes mellitus;Cancer,1-2,accountability,Seeking,45.4,Medium
P001952,75+,Man,3,English,False,Mental health,Anxiety or depression,2,Painful condition,3-5,self_management_info,Seeking,37.1,Low
P001953,75+,Man,5,Other,False,Musculoskeletal and chronic pain,Painful condition,4,Anxiety or depression;Coronary heart disease;Stroke and TIA,<1,self_management_info,Offering,51.7,Low
P001954,75+,Man,1,English,True,Cardiovascular,Atrial fibrillation,5,Painful condition;Anxiety or depression;Diabetes mellitus;Cancer,6-10,self_management_info,Seeking,54.3,Medium
P001955,18-29,Woman,3,English,False,Musculoskeletal and chronic pain,Painful condition,1,,<1,self_management_info,Balanced,33.1,Medium
P001956,75+,Man,5,English,True,Renal,Chronic kidney disease,1,,11-20,shared_activity,Offering,55.4,Medium
P001957,60-74,Man,5,English,False,Mental health,Anxiety or depression,6,Heart failure;Painful condition;Diabetes mellitus;Atrial fibrillation;Cancer,1-2,self_management_info,Balanced,50.1,Medium
P001958,60-74,Man,4,English,False,Respiratory,COPD,5,Diabetes mellitus;Coronary heart disease;Anxiety or depression;Connective tissue disorder,11-20,accountability,Seeking,49.7,High
P001959,45-59,Man,2,English,False,Cancer experience,Cancer,2,Anxiety or depression,11-20,shared_activity,Seeking,44.9,High
P001960,60-74,Woman,2,English,False,Musculoskeletal and chronic pain,Painful condition,2,Connective tissue disorder,<1,emotional_support,Balanced,29.4,Medium
P001961,75+,Woman,2,English,False,Renal,Chronic kidney disease,3,Anxiety or depression;Diabetes mellitus,<1,accountability,Offering,39.8,Low
P001962,60-74,Woman,3,English,False,Metabolic and endocrine,Diabetes mellitus,1,,11-20,accountability,Seeking,53.2,Medium
P001963,60-74,Man,5,English,False,Respiratory,COPD,1,,1-2,self_management_info,Balanced,53.5,Low
P001964,45-59,Man,3,English,False,Cancer experience,Cancer,1,,<1,emotional_support,Seeking,38.1,Medium
P001965,30-44,Man,1,English,False,Mental health,Anxiety or depression,6,Cancer;Painful condition;Diabetes mellitus;Connective tissue disorder;Stroke and TIA,3-5,shared_activity,Balanced,80.0,Low
P001966,60-74,Woman,1,English,False,Respiratory,COPD,2,Painful condition,6-10,social_connection,Balanced,50.3,Low
P001967,45-59,Woman,1,English,True,Mental health,Anxiety or depression,4,Coronary heart disease;Painful condition;Chronic kidney disease,<1,shared_activity,Balanced,61.9,Medium
P001968,60-74,Woman,5,English,True,Mental health,Anxiety or depression,6,Painful condition;Cancer;Atrial fibrillation;Stroke and TIA;Chronic kidney disease,<1,emotional_support,Balanced,48.2,High
P001969,45-59,Woman,4,English,False,Metabolic and endocrine,Diabetes mellitus,1,,11-20,accountability,Balanced,38.4,Medium
P001970,60-74,Man,2,English,True,Cardiovascular,Atrial fibrillation,2,COPD,<1,self_management_info,Offering,35.0,Medium
P001971,60-74,Woman,4,English,False,Cardiovascular,Atrial fibrillation,3,Anxiety or depression;Diabetes mellitus,1-2,social_connection,Seeking,58.1,Medium
P001972,60-74,Man,4,English,False,Mental health,Anxiety or depression,4,Diabetes mellitus;Painful condition;Cancer,11-20,self_management_info,Balanced,75.7,Low
P001973,45-59,Woman,5,English,False,Cardiovascular,Atrial fibrillation,2,Anxiety or depression,1-2,accountability,Seeking,46.8,Low
P001974,45-59,Man,1,English,False,Mental health,Anxiety or depression,2,Diabetes mellitus,6-10,accountability,Seeking,54.9,Medium
P001975,45-59,Woman,2,English,False,Cardiovascular,Coronary heart disease,1,,3-5,accountability,Balanced,34.5,Medium
P001976,60-74,Woman,5,English,True,Mental health,Anxiety or depression,2,Coronary heart disease,20+,shared_activity,Offering,62.3,Low
P001977,75+,Man,4,English,False,Cancer experience,Cancer,4,Chronic kidney disease;Anxiety or depression;COPD,6-10,social_connection,Balanced,37.5,Medium
P001978,60-74,Man,3,English,False,Cardiovascular,Coronary heart disease,3,Anxiety or depression;Painful condition,20+,shared_activity,Offering,40.1,High
P001979,75+,Man,5,English,True,Musculoskeletal and chronic pain,Painful condition,3,Anxiety or depression;Connective tissue disorder,1-2,emotional_support,Balanced,58.0,Medium
P001980,75+,Woman,1,English,False,Mental health,Anxiety or depression,6,Coronary heart disease;Painful condition;Cancer;Diabetes mellitus;COPD,20+,accountability,Seeking,47.2,High
P001981,75+,Man,3,English,False,Cardiovascular,Atrial fibrillation,6,Anxiety or depression;Stroke and TIA;Cancer;Coronary heart disease;Chronic kidney disease,3-5,social_connection,Offering,47.4,Medium
P001982,60-74,Man,3,English,False,Renal,Chronic kidney disease,2,Anxiety or depression,1-2,shared_activity,Seeking,43.8,High
P001983,60-74,Woman,1,English,True,Respiratory,COPD,3,Painful condition;Anxiety or depression,3-5,emotional_support,Seeking,46.2,High
P001984,45-59,Man,5,English,False,Metabolic and endocrine,Diabetes mellitus,1,,3-5,social_connection,Seeking,21.1,Medium
P001985,30-44,Non-binary or self-describe,3,English,False,Metabolic and endocrine,Diabetes mellitus,1,,<1,social_connection,Balanced,46.3,Medium
P001986,45-59,Man,3,English,False,Mental health,Anxiety or depression,1,,6-10,emotional_support,Seeking,51.9,Medium
P001987,60-74,Woman,5,English,False,Cardiovascular,Stroke and TIA,1,,<1,accountability,Seeking,65.5,Medium
P001988,30-44,Woman,1,English,False,Cardiovascular,Coronary heart disease,1,,<1,self_management_info,Offering,69.8,Medium
P001989,30-44,Man,1,English,False,Mental health,Anxiety or depression,3,Diabetes mellitus;Atrial fibrillation,11-20,social_connection,Balanced,56.6,Medium
P001990,60-74,Man,1,Romanian,False,Mental health,Anxiety or depression,1,,1-2,shared_activity,Balanced,51.4,High
P001991,60-74,Woman,3,English,False,Musculoskeletal and chronic pain,Painful condition,1,,6-10,self_management_info,Seeking,21.5,Medium
P001992,60-74,Man,3,English,False,Cardiovascular,Coronary heart disease,1,,11-20,emotional_support,Balanced,46.5,Medium
P001993,60-74,Woman,5,English,False,Mental health,Anxiety or depression,3,Coronary heart disease;Cancer,3-5,emotional_support,Balanced,42.8,Medium
P001994,45-59,Man,1,English,False,Musculoskeletal and chronic pain,Painful condition,2,Anxiety or depression,1-2,self_management_info,Balanced,56.7,Medium
P001995,60-74,Man,4,English,False,Metabolic and endocrine,Diabetes mellitus,5,Anxiety or depression;Atrial fibrillation;Stroke and TIA;Painful condition,11-20,shared_activity,Balanced,49.4,Medium
P001996,75+,Man,4,English,False,Musculoskeletal and chronic pain,Painful condition,4,Anxiety or depression;Cancer;Chronic kidney disease,1-2,self_management_info,Offering,69.5,Medium
P001997,45-59,Man,1,English,False,Cardiovascular,Coronary heart disease,1,,1-2,self_management_info,Seeking,53.5,Low
P001998,45-59,Woman,2,English,True,Cardiovascular,Coronary heart disease,1,,<1,self_management_info,Seeking,52.3,Medium
P001999,45-59,Woman,1,English,False,Mental health,Anxiety or depression,1,,1-2,self_management_info,Seeking,26.9,Medium
P002000,45-59,Man,3,English,False,Mental health,Anxiety or depression,1,,11-20,self_management_info,Offering,33.4,High
P002001,60-74,Woman,2,Other,False,Musculoskeletal and chronic pain,Painful condition,5,Anxiety or depression;Heart failure;Chronic kidney disease;COPD,11-20,self_management_info,Offering,46.7,Medium
P002002,75+,Man,1,English,True,Mental health,Anxiety or depression,5,Painful condition;Stroke and TIA;Diabetes mellitus;Chronic kidney disease,20+,self_management_info,Seeking,63.1,Low
P002003,75+,Woman,5,English,False,Respiratory,COPD,1,,20+,self_management_info,Seeking,39.4,High
P002004,75+,Man,1,English,True,Musculoskeletal and chronic pain,Connective tissue disorder,1,,20+,self_management_info,Balanced,56.4,Medium
P002005,60-74,Man,5,English,True,Cancer experience,Cancer,1,,3-5,accountability,Offering,37.4,Medium
P002006,75+,Man,4,English,False,Cardiovascular,Stroke and TIA,2,Painful condition,3-5,shared_activity,Balanced,36.6,High
P002007,75+,Man,1,English,True,Musculoskeletal and chronic pain,Painful condition,1,,6-10,self_management_info,Offering,55.9,Medium
P002008,60-74,Woman,2,English,False,Cardiovascular,Atrial fibrillation,2,Chronic kidney disease,11-20,self_management_info,Seeking,33.4,Low
P002009,45-59,Woman,5,Other,False,Cardiovascular,Heart failure,1,,1-2,shared_activity,Offering,47.3,Medium
P002010,45-59,Man,5,English,False,Cardiovascular,Stroke and TIA,2,Anxiety or depression,20+,shared_activity,Seeking,57.7,Low
P002011,45-59,Man,1,English,False,Mental health,Anxiety or depression,4,Stroke and TIA;Diabetes mellitus;Painful condition,20+,social_connection,Seeking,33.5,Medium
P002012,75+,Man,4,English,False,Mental health,Anxiety or depression,3,COPD;Painful condition,6-10,accountability,Balanced,48.3,Medium
P002013,60-74,Woman,1,English,False,Mental health,Anxiety or depression,2,Coronary heart disease,3-5,self_management_info,Balanced,29.1,High
P002014,75+,Man,1,English,True,Renal,Chronic kidney disease,5,Anxiety or depression;Painful condition;Coronary heart disease;Cancer,11-20,self_management_info,Seeking,70.4,High
P002015,60-74,Non-binary or self-describe,1,English,False,Renal,Chronic kidney disease,4,Anxiety or depression;Painful condition;Diabetes mellitus,<1,social_connection,Balanced,52.0,Medium
P002016,30-44,Woman,3,English,False,Metabolic and endocrine,Diabetes mellitus,1,,1-2,self_management_info,Offering,40.3,High
P002017,18-29,Man,4,English,False,Musculoskeletal and chronic pain,Painful condition,1,,1-2,shared_activity,Balanced,45.3,Medium
P002018,45-59,Woman,3,English,False,Cardiovascular,Coronary heart disease,1,,<1,self_management_info,Balanced,42.4,Medium
P002019,60-74,Man,1,English,False,Cardiovascular,Atrial fibrillation,3,Anxiety or depression;Painful condition,20+,self_management_info,Seeking,45.9,High
P002020,45-59,Woman,1,English,False,Mental health,Anxiety or depression,1,,11-20,accountability,Seeking,49.5,Medium
P002021,45-59,Man,3,English,False,Cardiovascular,Stroke and TIA,2,COPD,3-5,social_connection,Balanced,35.4,Low
P002022,45-59,Man,5,English,False,Musculoskeletal and chronic pain,Painful condition,2,Anxiety or depression,1-2,emotional_support,Seeking,29.7,High
P002023,60-74,Man,2,English,False,Musculoskeletal and chronic pain,Painful condition,5,Anxiety or depression;Diabetes mellitus;Coronary heart disease;Heart failure,1-2,shared_activity,Seeking,42.1,Medium
P002024,30-44,Woman,4,English,False,Renal,Chronic kidney disease,3,Coronary heart disease;Anxiety or depression,6-10,social_connection,Balanced,37.2,Medium
P002025,30-44,Woman,1,English,False,Cancer experience,Cancer,1,,6-10,social_connection,Offering,44.9,Medium
P002026,75+,Woman,1,English,False,Metabolic and endocrine,Diabetes mellitus,2,COPD,11-20,shared_activity,Balanced,63.5,Medium
P002027,75+,Man,5,English,False,Musculoskeletal and chronic pain,Painful condition,2,Anxiety or depression,3-5,shared_activity,Offering,46.5,Medium
P002028,18-29,Man,3,English,True,Musculoskeletal and chronic pain,Painful condition,2,Anxiety or depression,<1,social_connection,Offering,49.6,Medium
P002029,60-74,Man,5,English,True,Renal,Chronic kidney disease,2,Anxiety or depression,<1,shared_activity,Balanced,45.8,Medium
P002030,60-74,Man,4,English,False,Cardiovascular,Heart failure,2,Anxiety or depression,11-20,emotional_support,Seeking,34.5,Medium
P002031,30-44,Woman,1,English,True,Renal,Chronic kidney disease,6,Anxiety or depression;Connective tissue disorder;Painful condition;Diabetes mellitus;Atrial fibrillation,<1,social_connection,Seeking,80.0,Medium
P002032,75+,Man,1,English,False,Mental health,Anxiety or depression,6,Atrial fibrillation;COPD;Connective tissue disorder;Painful condition;Diabetes mellitus,3-5,self_management_info,Balanced,67.8,Medium
P002033,75+,Man,2,English,False,Cardiovascular,Atrial fibrillation,1,,1-2,emotional_support,Balanced,54.8,Medium
P002034,60-74,Woman,1,English,False,Cardiovascular,Coronary heart disease,2,Anxiety or depression,1-2,social_connection,Offering,49.2,Medium
P002035,60-74,Woman,2,English,False,Musculoskeletal and chronic pain,Painful condition,2,Anxiety or depression,<1,accountability,Seeking,39.3,High
P002036,45-59,Woman,4,English,True,Cardiovascular,Coronary heart disease,3,Atrial fibrillation;Anxiety or depression,6-10,social_connection,Seeking,38.6,Medium
P002037,45-59,Man,2,English,False,Cardiovascular,Atrial fibrillation,1,,20+,self_management_info,Seeking,40.8,Low
P002038,75+,Man,1,English,False,Cardiovascular,Coronary heart disease,2,Anxiety or depression,3-5,accountability,Seeking,44.0,Low
P002039,60-74,Man,3,English,False,Cardiovascular,Stroke and TIA,1,,1-2,shared_activity,Balanced,46.0,Low
P002040,45-59,Man,3,English,False,Metabolic and endocrine,Diabetes mellitus,1,,20+,emotional_support,Seeking,30.2,High
P002041,60-74,Woman,4,English,False,Mental health,Anxiety or depression,2,Chronic kidney disease,20+,shared_activity,Balanced,47.9,Medium
P002042,60-74,Woman,2,English,False,Musculoskeletal and chronic pain,Painful condition,2,Anxiety or depression,1-2,social_connection,Balanced,49.8,Low
P002043,75+,Woman,4,English,True,Metabolic and endocrine,Diabetes mellitus,6,Anxiety or depression;Cancer;Chronic kidney disease;Painful condition;Coronary heart disease,<1,self_management_info,Balanced,36.9,Medium
P002044,75+,Woman,3,English,True,Cardiovascular,Atrial fibrillation,1,,1-2,shared_activity,Offering,57.6,High
P002045,45-59,Woman,5,English,False,Cardiovascular,Coronary heart disease,4,Anxiety or depression;Diabetes mellitus;COPD,20+,social_connection,Balanced,55.7,Medium
P002046,60-74,Woman,5,English,False,Mental health,Anxiety or depression,1,,<1,emotional_support,Seeking,43.2,Medium
P002047,60-74,Man,4,English,False,Musculoskeletal and chronic pain,Painful condition,2,Anxiety or depression,3-5,shared_activity,Seeking,44.4,Medium
P002048,60-74,Man,1,English,True,Renal,Chronic kidney disease,3,Anxiety or depression;Coronary heart disease,11-20,self_management_info,Balanced,59.2,Medium
P002049,75+,Woman,1,English,False,Musculoskeletal and chronic pain,Painful condition,2,Anxiety or depression,<1,accountability,Balanced,40.5,Medium
P002050,75+,Man,4,English,True,Renal,Chronic kidney disease,1,,11-20,social_connection,Seeking,48.2,Medium
P002051,60-74,Man,3,English,False,Cardiovascular,Heart failure,1,,1-2,emotional_support,Seeking,25.9,Medium
P002052,60-74,Woman,2,English,True,Cardiovascular,Coronary heart disease,2,Anxiety or depression,20+,self_management_info,Balanced,56.0,Low
P002053,75+,Man,3,English,False,Musculoskeletal and chronic pain,Painful condition,2,Anxiety or depression,3-5,social_connection,Balanced,39.3,Medium
P002054,45-59,Woman,1,English,False,Musculoskeletal and chronic pain,Painful condition,1,,1-2,social_connection,Seeking,36.4,Medium
P002055,45-59,Man,3,English,False,Mental health,Anxiety or depression,4,Heart failure;Chronic kidney disease;Painful condition,3-5,social_connection,Seeking,46.4,High
P002056,75+,Woman,2,English,False,Musculoskeletal and chronic pain,Painful condition,1,,6-10,emotional_support,Balanced,49.1,Medium
P002057,60-74,Woman,4,English,False,Metabolic and endocrine,Diabetes mellitus,1,,1-2,social_connection,Balanced,66.7,Low
P002058,75+,Man,4,English,False,Cardiovascular,Heart failure,6,Anxiety or depression;Chronic kidney disease;Diabetes mellitus;Painful condition;COPD,20+,shared_activity,Seeking,57.1,Medium
P002059,45-59,Man,2,English,False,Metabolic and endocrine,Diabetes mellitus,2,Heart failure,1-2,accountability,Seeking,32.2,High
P002060,60-74,Woman,5,English,False,Musculoskeletal and chronic pain,Painful condition,2,Anxiety or depression,<1,self_management_info,Balanced,41.2,High
P002061,45-59,Woman,1,Other,True,Musculoskeletal and chronic pain,Painful condition,1,,1-2,accountability,Balanced,57.7,Low
P002062,45-59,Woman,1,English,False,Cardiovascular,Coronary heart disease,2,Painful condition,<1,self_management_info,Balanced,36.8,High
P002063,60-74,Woman,4,English,False,Cardiovascular,Coronary heart disease,1,,6-10,emotional_support,Balanced,26.6,High
P002064,60-74,Woman,2,English,False,Musculoskeletal and chronic pain,Painful condition,6,Chronic kidney disease;Anxiety or depression;Cancer;Heart failure;Atrial fibrillation,1-2,accountability,Seeking,62.5,Medium
P002065,45-59,Man,3,English,False,Musculoskeletal and chronic pain,Connective tissue disorder,1,,3-5,emotional_support,Offering,39.6,Medium
P002066,30-44,Woman,4,Other,False,Musculoskeletal and chronic pain,Connective tissue disorder,1,,6-10,social_connection,Offering,39.1,Low
P002067,75+,Man,5,English,True,Mental health,Anxiety or depression,1,,20+,accountability,Balanced,45.8,Medium
P002068,30-44,Woman,2,English,False,Musculoskeletal and chronic pain,Painful condition,5,Coronary heart disease;Anxiety or depression;Connective tissue disorder;COPD,6-10,social_connection,Balanced,48.7,High
P002069,45-59,Woman,3,English,False,Metabolic and endocrine,Diabetes mellitus,1,,6-10,shared_activity,Balanced,36.2,Medium
P002070,60-74,Woman,3,English,False,Cardiovascular,Coronary heart disease,2,Painful condition,6-10,emotional_support,Seeking,43.2,Medium
P002071,60-74,Woman,4,English,True,Respiratory,COPD,1,,1-2,shared_activity,Offering,35.7,Low
P002072,75+,Woman,1,English,True,Cardiovascular,Atrial fibrillation,3,Anxiety or depression;Chronic kidney disease,1-2,social_connection,Seeking,56.4,Medium
P002073,60-74,Man,5,English,False,Cardiovascular,Coronary heart disease,2,Painful condition,1-2,accountability,Offering,36.2,Low
P002074,60-74,Woman,1,English,False,Cardiovascular,Stroke and TIA,1,,<1,accountability,Seeking,44.5,High
P002075,75+,Man,3,English,False,Musculoskeletal and chronic pain,Painful condition,2,Anxiety or depression,3-5,social_connection,Seeking,22.4,Medium
P002076,45-59,Woman,5,English,False,Cardiovascular,Coronary heart disease,1,,6-10,self_management_info,Offering,29.4,Medium
P002077,45-59,Man,5,English,False,Cardiovascular,Coronary heart disease,1,,11-20,social_connection,Seeking,26.0,Low
P002078,75+,Man,4,English,True,Musculoskeletal and chronic pain,Painful condition,2,Anxiety or depression,6-10,emotional_support,Balanced,43.6,High
P002079,45-59,Man,2,English,True,Mental health,Anxiety or depression,1,,11-20,self_management_info,Seeking,28.3,Medium
P002080,45-59,Woman,3,English,False,Cardiovascular,Coronary heart disease,3,Anxiety or depression;Painful condition,<1,self_management_info,Seeking,46.0,Medium
P002081,45-59,Woman,1,English,False,Cardiovascular,Coronary heart disease,3,Diabetes mellitus;Anxiety or depression,11-20,emotional_support,Offering,48.9,Medium
P002082,45-59,Woman,4,English,False,Musculoskeletal and chronic pain,Painful condition,1,,20+,emotional_support,Balanced,23.5,Medium
P002083,60-74,Man,4,English,True,Cardiovascular,Atrial fibrillation,2,Anxiety or depression,3-5,self_management_info,Offering,56.8,High
P002084,60-74,Woman,2,English,True,Mental health,Anxiety or depression,1,,1-2,social_connection,Balanced,34.8,Medium
P002085,30-44,Woman,3,English,True,Musculoskeletal and chronic pain,Painful condition,1,,3-5,accountability,Balanced,50.5,Low
P002086,45-59,Woman,5,English,False,Cardiovascular,Coronary heart disease,5,Painful condition;Diabetes mellitus;Anxiety or depression;Atrial fibrillation,1-2,emotional_support,Seeking,41.2,Low
P002087,60-74,Woman,5,English,False,Mental health,Anxiety or depression,1,,3-5,shared_activity,Offering,49.7,High
P002088,60-74,Man,3,English,False,Cardiovascular,Coronary heart disease,1,,<1,shared_activity,Seeking,67.0,Medium
P002089,45-59,Man,3,Other,False,Metabolic and endocrine,Diabetes mellitus,2,Chronic kidney disease,3-5,shared_activity,Offering,47.1,Medium
P002090,75+,Woman,1,English,True,Musculoskeletal and chronic pain,Painful condition,2,Anxiety or depression,1-2,social_connection,Balanced,53.9,High
P002091,60-74,Man,5,English,True,Mental health,Anxiety or depression,5,Chronic kidney disease;COPD;Coronary heart disease;Painful condition,6-10,self_management_info,Offering,36.4,Medium
P002092,60-74,Woman,5,English,False,Musculoskeletal and chronic pain,Painful condition,2,Anxiety or depression,6-10,social_connection,Seeking,49.7,Low
P002093,60-74,Woman,5,English,False,Renal,Chronic kidney disease,1,,6-10,social_connection,Balanced,41.5,Medium
P002094,45-59,Man,2,English,True,Cardiovascular,Stroke and TIA,2,Atrial fibrillation,<1,emotional_support,Seeking,51.0,High
P002095,30-44,Woman,2,English,False,Mental health,Anxiety or depression,2,Painful condition,3-5,emotional_support,Seeking,37.9,High
P002096,60-74,Man,1,English,False,Mental health,Anxiety or depression,4,Coronary heart disease;Diabetes mellitus;Painful condition,1-2,emotional_support,Seeking,59.3,High
P002097,60-74,Woman,3,English,True,Musculoskeletal and chronic pain,Connective tissue disorder,2,Anxiety or depression,<1,social_connection,Seeking,56.5,Medium
P002098,75+,Man,3,English,False,Metabolic and endocrine,Diabetes mellitus,1,,11-20,shared_activity,Balanced,42.7,Low
P002099,60-74,Man,5,English,False,Musculoskeletal and chronic pain,Painful condition,3,Anxiety or depression;COPD,6-10,social_connection,Seeking,33.7,Low
P002100,60-74,Woman,1,English,True,Musculoskeletal and chronic pain,Connective tissue disorder,2,Anxiety or depression,11-20,accountability,Offering,57.2,Medium
P002101,75+,Man,3,English,False,Musculoskeletal and chronic pain,Painful condition,3,Atrial fibrillation;Anxiety or depression,11-20,social_connection,Seeking,42.1,Medium
P002102,30-44,Woman,1,English,False,Cardiovascular,Coronary heart disease,1,,3-5,shared_activity,Seeking,63.7,Medium
P002103,45-59,Woman,4,English,False,Mental health,Anxiety or depression,1,,20+,emotional_support,Seeking,31.9,Medium
P002104,60-74,Man,5,English,False,Musculoskeletal and chronic pain,Painful condition,4,Anxiety or depression;Coronary heart disease;Cancer,20+,self_management_info,Offering,52.8,Low
P002105,30-44,Man,2,English,True,Mental health,Anxiety or depression,3,Atrial fibrillation;Connective tissue disorder,20+,self_management_info,Offering,54.2,High
P002106,30-44,Man,3,English,False,Musculoskeletal and chronic pain,Painful condition,4,Anxiety or depression;Coronary heart disease;Atrial fibrillation,11-20,social_connection,Seeking,62.4,Medium
P002107,75+,Woman,3,English,True,Cardiovascular,Atrial fibrillation,1,,<1,self_management_info,Offering,25.6,Medium
P002108,30-44,Man,2,English,False,Cardiovascular,Coronary heart disease,2,Anxiety or depression,20+,self_management_info,Offering,46.0,Low
P002109,75+,Man,3,English,False,Cardiovascular,Atrial fibrillation,1,,20+,shared_activity,Seeking,26.7,Medium
P002110,60-74,Man,1,English,False,Musculoskeletal and chronic pain,Painful condition,3,Anxiety or depression;Atrial fibrillation,20+,self_management_info,Balanced,42.0,High
P002111,60-74,Woman,5,English,False,Respiratory,COPD,2,Anxiety or depression,20+,accountability,Seeking,42.6,Medium
P002112,60-74,Woman,3,English,False,Musculoskeletal and chronic pain,Painful condition,5,Anxiety or depression;Atrial fibrillation;Chronic kidney disease;Connective tissue disorder,20+,social_connection,Seeking,39.3,Medium
P002113,75+,Woman,5,English,False,Mental health,Anxiety or depression,1,,<1,accountability,Seeking,24.6,Medium
P002114,45-59,Woman,5,English,False,Musculoskeletal and chronic pain,Painful condition,2,Anxiety or depression,20+,shared_activity,Balanced,51.6,Medium
P002115,75+,Woman,1,Other,False,Cardiovascular,Stroke and TIA,4,Chronic kidney disease;Anxiety or depression;Painful condition,<1,accountability,Seeking,61.6,Medium
P002116,75+,Man,1,English,False,Cardiovascular,Coronary heart disease,6,Anxiety or depression;Chronic kidney disease;Painful condition;Diabetes mellitus;Heart failure,<1,emotional_support,Seeking,61.8,High
P002117,60-74,Woman,1,English,True,Cardiovascular,Stroke and TIA,5,Anxiety or depression;Atrial fibrillation;Diabetes mellitus;Painful condition,6-10,accountability,Seeking,65.0,Medium
P002118,75+,Man,2,English,False,Musculoskeletal and chronic pain,Painful condition,1,,3-5,accountability,Seeking,30.7,High
P002119,75+,Man,1,Panjabi,True,Metabolic and endocrine,Diabetes mellitus,1,,3-5,self_management_info,Seeking,54.3,Medium
P002120,30-44,Woman,5,English,False,Musculoskeletal and chronic pain,Painful condition,1,,11-20,emotional_support,Balanced,21.1,Medium
P002121,75+,Woman,2,Other,True,Renal,Chronic kidney disease,2,Painful condition,<1,emotional_support,Balanced,50.5,Low
P002122,75+,Man,2,English,True,Cardiovascular,Coronary heart disease,1,,3-5,emotional_support,Offering,60.1,Low
P002123,60-74,Man,1,English,False,Metabolic and endocrine,Diabetes mellitus,1,,1-2,shared_activity,Balanced,40.1,High
P002124,45-59,Woman,2,English,False,Mental health,Anxiety or depression,1,,11-20,emotional_support,Balanced,68.8,Low
P002125,45-59,Man,2,English,False,Musculoskeletal and chronic pain,Painful condition,1,,3-5,self_management_info,Seeking,62.6,Low
P002126,30-44,Man,4,English,False,Mental health,Anxiety or depression,1,,11-20,shared_activity,Balanced,38.4,Medium
P002127,75+,Man,5,English,False,Cardiovascular,Coronary heart disease,3,Anxiety or depression;Painful condition,6-10,emotional_support,Seeking,56.0,Medium
P002128,75+,Woman,4,Romanian,False,Renal,Chronic kidney disease,3,Anxiety or depression;COPD,1-2,social_connection,Offering,22.5,High
P002129,75+,Man,3,Other,False,Metabolic and endocrine,Diabetes mellitus,1,,<1,emotional_support,Balanced,33.3,High
P002130,75+,Man,3,English,False,Musculoskeletal and chronic pain,Painful condition,4,COPD;Anxiety or depression;Chronic kidney disease,20+,emotional_support,Offering,48.5,Low
P002131,60-74,Man,3,English,True,Renal,Chronic kidney disease,1,,20+,self_management_info,Seeking,44.5,Medium
P002132,45-59,Woman,2,English,False,Respiratory,COPD,1,,1-2,self_management_info,Balanced,47.4,Low
P002133,45-59,Man,5,English,False,Renal,Chronic kidney disease,1,,11-20,social_connection,Seeking,38.9,Medium
P002134,60-74,Man,5,English,False,Musculoskeletal and chronic pain,Painful condition,1,,<1,social_connection,Balanced,40.1,Medium
P002135,75+,Woman,2,Other,True,Mental health,Anxiety or depression,5,COPD;Diabetes mellitus;Coronary heart disease;Stroke and TIA,11-20,emotional_support,Offering,65.0,High
P002136,75+,Man,2,Polish,True,Cardiovascular,Heart failure,3,Anxiety or depression;Cancer,11-20,emotional_support,Seeking,57.7,Medium
P002137,60-74,Man,3,English,False,Musculoskeletal and chronic pain,Painful condition,2,Anxiety or depression,1-2,social_connection,Seeking,51.8,Low
P002138,45-59,Man,4,English,False,Renal,Chronic kidney disease,2,Anxiety or depression,11-20,shared_activity,Seeking,38.6,Medium
P002139,75+,Woman,1,Other,False,Cardiovascular,Coronary heart disease,1,,3-5,emotional_support,Offering,36.0,Low
P002140,30-44,Woman,2,English,False,Musculoskeletal and chronic pain,Painful condition,1,,20+,social_connection,Balanced,57.5,Medium
P002141,60-74,Man,2,English,True,Metabolic and endocrine,Diabetes mellitus,5,Painful condition;Anxiety or depression;Connective tissue disorder;Stroke and TIA,6-10,shared_activity,Seeking,42.0,Low
P002142,60-74,Man,5,English,False,Mental health,Anxiety or depression,2,Connective tissue disorder,20+,shared_activity,Offering,41.9,Low
P002143,45-59,Man,5,Other,False,Respiratory,COPD,1,,6-10,self_management_info,Balanced,43.7,Medium
P002144,60-74,Man,5,English,False,Renal,Chronic kidney disease,1,,<1,social_connection,Balanced,34.1,Medium
P002145,60-74,Woman,5,English,False,Cardiovascular,Atrial fibrillation,4,Anxiety or depression;COPD;Chronic kidney disease,6-10,emotional_support,Seeking,31.7,High
P002146,18-29,Man,2,English,True,Metabolic and endocrine,Diabetes mellitus,1,,3-5,accountability,Seeking,58.6,Medium
P002147,60-74,Woman,4,English,False,Metabolic and endocrine,Diabetes mellitus,2,Anxiety or depression,3-5,self_management_info,Balanced,31.2,Medium
P002148,60-74,Man,3,English,False,Cancer experience,Cancer,1,,1-2,shared_activity,Balanced,33.1,Medium
P002149,45-59,Man,1,English,False,Musculoskeletal and chronic pain,Painful condition,2,Anxiety or depression,20+,accountability,Balanced,44.8,High
P002150,60-74,Man,5,English,False,Musculoskeletal and chronic pain,Painful condition,3,Anxiety or depression;Diabetes mellitus,1-2,social_connection,Seeking,45.0,Medium
P002151,30-44,Man,4,English,False,Cardiovascular,Coronary heart disease,2,Stroke and TIA,<1,social_connection,Seeking,45.5,High
P002152,45-59,Man,5,English,False,Mental health,Anxiety or depression,1,,20+,self_management_info,Balanced,40.3,High
P002153,75+,Man,3,English,False,Mental health,Anxiety or depression,2,Diabetes mellitus,11-20,social_connection,Offering,41.5,Low
P002154,45-59,Man,1,English,False,Metabolic and endocrine,Diabetes mellitus,3,Anxiety or depression;Painful condition,<1,self_management_info,Offering,53.6,Low
P002155,60-74,Man,1,English,False,Mental health,Anxiety or depression,1,,3-5,shared_activity,Seeking,61.0,High
P002156,75+,Woman,1,English,True,Cardiovascular,Stroke and TIA,2,Connective tissue disorder,20+,emotional_support,Seeking,43.4,Medium
P002157,60-74,Man,3,English,False,Musculoskeletal and chronic pain,Painful condition,2,Stroke and TIA,1-2,social_connection,Seeking,40.0,Medium
P002158,45-59,Woman,3,English,False,Cardiovascular,Coronary heart disease,1,,11-20,accountability,Balanced,30.7,Medium
P002159,45-59,Woman,1,English,False,Mental health,Anxiety or depression,1,,20+,accountability,Balanced,58.3,Medium
P002160,60-74,Woman,2,English,False,Respiratory,COPD,2,Anxiety or depression,11-20,social_connection,Seeking,49.5,High
P002161,30-44,Man,3,English,False,Cardiovascular,Stroke and TIA,5,Anxiety or depression;Coronary heart disease;Diabetes mellitus;Chronic kidney disease,11-20,accountability,Seeking,42.6,High
P002162,45-59,Man,5,English,False,Cardiovascular,Stroke and TIA,1,,<1,social_connection,Offering,33.6,High
P002163,60-74,Woman,3,English,True,Metabolic and endocrine,Diabetes mellitus,2,Anxiety or depression,20+,emotional_support,Offering,42.8,High
P002164,60-74,Woman,4,English,False,Musculoskeletal and chronic pain,Painful condition,6,Anxiety or depression;Stroke and TIA;Chronic kidney disease;COPD;Diabetes mellitus,1-2,shared_activity,Balanced,45.8,Medium
P002165,60-74,Woman,1,English,True,Respiratory,COPD,2,Connective tissue disorder,<1,self_management_info,Balanced,39.5,High
P002166,75+,Man,2,English,True,Musculoskeletal and chronic pain,Painful condition,4,Anxiety or depression;Coronary heart disease;Atrial fibrillation,6-10,emotional_support,Offering,46.7,Low
P002167,60-74,Woman,4,English,True,Mental health,Anxiety or depression,4,Painful condition;Atrial fibrillation;Diabetes mellitus,<1,accountability,Balanced,60.6,High
P002168,60-74,Woman,3,English,False,Musculoskeletal and chronic pain,Painful condition,2,Anxiety or depression,<1,social_connection,Balanced,43.2,Medium
P002169,45-59,Woman,4,English,False,Musculoskeletal and chronic pain,Painful condition,4,Anxiety or depression;Coronary heart disease;Cancer,6-10,emotional_support,Seeking,50.2,High
P002170,60-74,Woman,2,English,False,Metabolic and endocrine,Diabetes mellitus,2,Coronary heart disease,3-5,accountability,Balanced,34.8,Medium
P002171,45-59,Woman,4,English,False,Cardiovascular,Heart failure,1,,<1,emotional_support,Balanced,38.8,Low
P002172,60-74,Woman,2,English,False,Respiratory,COPD,2,Cancer,11-20,self_management_info,Offering,46.6,Medium
P002173,75+,Man,1,English,False,Cardiovascular,Stroke and TIA,1,,3-5,self_management_info,Offering,50.0,Low
P002174,30-44,Man,4,English,False,Musculoskeletal and chronic pain,Connective tissue disorder,1,,<1,social_connection,Balanced,42.3,Low
P002175,60-74,Woman,2,English,True,Cardiovascular,Stroke and TIA,6,Cancer;Anxiety or depression;Painful condition;Chronic kidney disease;Connective tissue disorder,11-20,social_connection,Seeking,61.4,High
P002176,60-74,Woman,5,English,False,Cardiovascular,Heart failure,2,Cancer,<1,shared_activity,Seeking,46.4,High
P002177,75+,Man,4,English,False,Musculoskeletal and chronic pain,Painful condition,6,Anxiety or depression;Atrial fibrillation;COPD;Coronary heart disease;Chronic kidney disease,<1,self_management_info,Seeking,55.0,Low
P002178,30-44,Woman,4,English,False,Cardiovascular,Atrial fibrillation,1,,1-2,emotional_support,Balanced,47.8,Medium
P002179,30-44,Woman,5,English,True,Musculoskeletal and chronic pain,Painful condition,1,,11-20,emotional_support,Balanced,39.4,Medium
P002180,60-74,Woman,1,English,False,Musculoskeletal and chronic pain,Painful condition,1,,20+,shared_activity,Seeking,38.5,Low
P002181,60-74,Man,1,English,False,Mental health,Anxiety or depression,3,Coronary heart disease;Stroke and TIA,<1,emotional_support,Offering,50.1,High
P002182,75+,Man,1,English,True,Mental health,Anxiety or depression,1,,11-20,social_connection,Seeking,62.6,Medium
P002183,60-74,Woman,5,English,False,Mental health,Anxiety or depression,4,Cancer;COPD;Connective tissue disorder,20+,accountability,Balanced,41.5,Medium
P002184,45-59,Woman,1,English,True,Cardiovascular,Stroke and TIA,1,,<1,social_connection,Offering,43.3,Medium
P002185,18-29,Woman,1,English,False,Musculoskeletal and chronic pain,Painful condition,2,Anxiety or depression,1-2,shared_activity,Balanced,48.4,Medium
P002186,45-59,Man,2,English,False,Mental health,Anxiety or depression,2,Cancer,1-2,self_management_info,Seeking,53.3,Medium
P002187,75+,Man,3,English,False,Cardiovascular,Atrial fibrillation,1,,20+,accountability,Balanced,38.5,Medium
P002188,75+,Woman,4,English,True,Mental health,Anxiety or depression,1,,3-5,accountability,Balanced,37.3,Medium
P002189,60-74,Man,5,English,False,Cardiovascular,Atrial fibrillation,2,Anxiety or depression,6-10,accountability,Offering,34.6,Medium
P002190,60-74,Woman,3,English,False,Mental health,Anxiety or depression,1,,<1,social_connection,Offering,24.4,Low
P002191,75+,Man,4,English,True,Musculoskeletal and chronic pain,Painful condition,2,Chronic kidney disease,<1,social_connection,Balanced,56.5,Medium
P002192,75+,Woman,2,English,True,Renal,Chronic kidney disease,1,,<1,social_connection,Balanced,64.3,Medium
P002193,75+,Woman,1,English,True,Musculoskeletal and chronic pain,Painful condition,5,Anxiety or depression;Diabetes mellitus;COPD;Heart failure,6-10,social_connection,Seeking,58.9,Medium
P002194,60-74,Man,2,English,True,Mental health,Anxiety or depression,2,Stroke and TIA,<1,self_management_info,Balanced,46.7,Medium
P002195,75+,Woman,5,English,True,Cardiovascular,Atrial fibrillation,1,,20+,accountability,Balanced,26.0,Medium
P002196,18-29,Man,2,English,False,Mental health,Anxiety or depression,4,Painful condition;Diabetes mellitus;Cancer,<1,self_management_info,Offering,53.6,Medium
P002197,75+,Woman,4,English,True,Mental health,Anxiety or depression,4,Diabetes mellitus;Connective tissue disorder;Coronary heart disease,3-5,accountability,Balanced,49.4,High
P002198,75+,Man,3,English,False,Musculoskeletal and chronic pain,Painful condition,2,Anxiety or depression,11-20,shared_activity,Seeking,54.6,Medium
P002199,60-74,Man,3,English,False,Cardiovascular,Coronary heart disease,2,Diabetes mellitus,11-20,self_management_info,Seeking,55.8,Medium
P002200,75+,Woman,2,English,False,Cardiovascular,Heart failure,4,Anxiety or depression;Painful condition;Diabetes mellitus,1-2,social_connection,Offering,42.3,Low
P002201,45-59,Man,3,English,False,Cancer experience,Cancer,1,,20+,social_connection,Balanced,58.4,Low
P002202,60-74,Woman,4,English,True,Cardiovascular,Atrial fibrillation,2,Anxiety or depression,1-2,accountability,Balanced,69.0,Medium
P002203,30-44,Woman,5,English,False,Respiratory,COPD,4,Stroke and TIA;Anxiety or depression;Diabetes mellitus,6-10,emotional_support,Seeking,52.9,Low
P002204,75+,Man,5,English,True,Mental health,Anxiety or depression,1,,11-20,self_management_info,Balanced,44.1,Medium
P002205,60-74,Woman,1,English,False,Renal,Chronic kidney disease,4,Anxiety or depression;Diabetes mellitus;Painful condition,20+,shared_activity,Seeking,37.8,High
P002206,60-74,Woman,2,English,False,Metabolic and endocrine,Diabetes mellitus,1,,20+,self_management_info,Seeking,43.6,Low
P002207,75+,Woman,2,English,False,Musculoskeletal and chronic pain,Painful condition,3,Anxiety or depression;Atrial fibrillation,1-2,shared_activity,Balanced,43.7,Low
P002208,60-74,Woman,4,English,False,Metabolic and endocrine,Diabetes mellitus,2,Anxiety or depression,1-2,self_management_info,Seeking,51.9,High
P002209,45-59,Woman,1,English,False,Mental health,Anxiety or depression,1,,3-5,self_management_info,Balanced,28.1,Medium
P002210,60-74,Woman,3,English,False,Cardiovascular,Atrial fibrillation,2,Painful condition,11-20,social_connection,Seeking,45.8,High
P002211,60-74,Man,4,English,False,Cardiovascular,Stroke and TIA,3,Painful condition;Anxiety or depression,20+,emotional_support,Balanced,32.7,Medium
P002212,75+,Woman,4,Other,False,Cardiovascular,Coronary heart disease,5,Anxiety or depression;Diabetes mellitus;Chronic kidney disease;Painful condition,3-5,accountability,Balanced,50.3,Medium
P002213,60-74,Man,5,English,False,Renal,Chronic kidney disease,3,Anxiety or depression;Painful condition,6-10,emotional_support,Balanced,35.1,Low
P002214,45-59,Man,3,English,False,Renal,Chronic kidney disease,5,Anxiety or depression;Painful condition;Coronary heart disease;Atrial fibrillation,1-2,accountability,Balanced,40.4,Medium
P002215,60-74,Man,4,English,True,Cancer experience,Cancer,1,,1-2,social_connection,Seeking,46.0,Low
P002216,75+,Woman,5,English,False,Cardiovascular,Stroke and TIA,3,Anxiety or depression;Chronic kidney disease,<1,accountability,Offering,53.8,Low
P002217,60-74,Man,2,English,False,Musculoskeletal and chronic pain,Painful condition,3,Connective tissue disorder;Anxiety or depression,1-2,emotional_support,Offering,55.6,Low
P002218,45-59,Woman,4,English,False,Mental health,Anxiety or depression,1,,<1,social_connection,Seeking,44.3,Medium
P002219,75+,Man,2,English,True,Cardiovascular,Coronary heart disease,3,Anxiety or depression;Cancer,20+,emotional_support,Offering,55.8,High
P002220,75+,Man,4,English,True,Mental health,Anxiety or depression,4,Diabetes mellitus;Painful condition;Chronic kidney disease,20+,emotional_support,Balanced,51.7,Low
P002221,45-59,Man,4,English,False,Metabolic and endocrine,Diabetes mellitus,1,,<1,emotional_support,Balanced,32.5,High
P002222,75+,Woman,4,English,False,Musculoskeletal and chronic pain,Painful condition,1,,3-5,emotional_support,Seeking,47.3,High
P002223,45-59,Woman,2,English,False,Mental health,Anxiety or depression,6,Connective tissue disorder;Heart failure;Stroke and TIA;Diabetes mellitus;Cancer,11-20,self_management_info,Balanced,53.8,Medium
P002224,30-44,Woman,3,Romanian,False,Renal,Chronic kidney disease,1,,1-2,emotional_support,Seeking,20.0,Medium
P002225,30-44,Man,1,English,True,Respiratory,COPD,1,,<1,self_management_info,Balanced,70.7,Medium
P002226,45-59,Woman,4,English,False,Metabolic and endocrine,Diabetes mellitus,2,Heart failure,6-10,self_management_info,Balanced,21.3,Low
P002227,45-59,Woman,2,English,True,Metabolic and endocrine,Diabetes mellitus,2,Connective tissue disorder,20+,self_management_info,Seeking,61.6,Medium
P002228,60-74,Woman,5,English,False,Renal,Chronic kidney disease,1,,1-2,accountability,Seeking,33.1,Low
P002229,45-59,Man,1,Urdu,True,Renal,Chronic kidney disease,2,Stroke and TIA,11-20,self_management_info,Balanced,60.6,Low
P002230,60-74,Woman,3,English,False,Mental health,Anxiety or depression,1,,20+,emotional_support,Offering,42.3,High
P002231,75+,Woman,2,English,True,Renal,Chronic kidney disease,3,Painful condition;Anxiety or depression,20+,accountability,Balanced,69.9,Low
P002232,60-74,Man,4,English,False,Mental health,Anxiety or depression,4,Painful condition;COPD;Cancer,11-20,accountability,Seeking,55.1,Medium
P002233,75+,Non-binary or self-describe,3,English,False,Respiratory,COPD,4,Painful condition;Coronary heart disease;Connective tissue disorder,3-5,emotional_support,Balanced,45.4,Medium
P002234,60-74,Man,4,English,False,Cardiovascular,Coronary heart disease,1,,11-20,self_management_info,Offering,24.7,Low
P002235,45-59,Man,1,English,False,Mental health,Anxiety or depression,5,Heart failure;Painful condition;Diabetes mellitus;Connective tissue disorder,<1,social_connection,Balanced,56.4,Medium
P002236,45-59,Woman,5,English,False,Mental health,Anxiety or depression,3,Diabetes mellitus;Painful condition,6-10,accountability,Balanced,53.0,Medium
P002237,60-74,Man,3,English,True,Mental health,Anxiety or depression,1,,20+,emotional_support,Offering,50.7,Medium
P002238,45-59,Woman,4,English,False,Musculoskeletal and chronic pain,Connective tissue disorder,2,Anxiety or depression,3-5,accountability,Offering,38.2,High
P002239,18-29,Woman,1,English,False,Mental health,Anxiety or depression,1,,3-5,accountability,Seeking,66.3,High
P002240,45-59,Woman,4,Urdu,False,Musculoskeletal and chronic pain,Painful condition,6,Anxiety or depression;Connective tissue disorder;Atrial fibrillation;Diabetes mellitus;COPD,6-10,shared_activity,Balanced,50.8,Medium
P002241,60-74,Woman,5,English,False,Mental health,Anxiety or depression,2,Coronary heart disease,6-10,self_management_info,Offering,42.0,Medium
P002242,75+,Man,4,English,True,Mental health,Anxiety or depression,1,,6-10,social_connection,Seeking,44.6,Low
P002243,60-74,Man,5,English,True,Respiratory,COPD,2,Painful condition,11-20,shared_activity,Balanced,46.8,Medium
P002244,45-59,Woman,2,English,True,Musculoskeletal and chronic pain,Painful condition,1,,<1,accountability,Seeking,60.1,Medium
P002245,60-74,Man,3,English,True,Cardiovascular,Stroke and TIA,2,Anxiety or depression,1-2,self_management_info,Balanced,36.0,High
P002246,60-74,Man,5,English,False,Musculoskeletal and chronic pain,Painful condition,1,,20+,self_management_info,Offering,27.5,Medium
P002247,45-59,Man,3,English,True,Cardiovascular,Atrial fibrillation,3,Anxiety or depression;Connective tissue disorder,6-10,emotional_support,Offering,80.0,High
P002248,60-74,Man,2,English,False,Cardiovascular,Atrial fibrillation,1,,<1,emotional_support,Seeking,28.0,Low
P002249,75+,Woman,5,English,False,Mental health,Anxiety or depression,2,Chronic kidney disease,11-20,emotional_support,Balanced,37.2,High
P002250,60-74,Woman,5,English,True,Musculoskeletal and chronic pain,Painful condition,1,,1-2,accountability,Seeking,39.1,Low
P002251,75+,Man,2,English,False,Musculoskeletal and chronic pain,Painful condition,1,,<1,self_management_info,Balanced,47.4,Medium
P002252,60-74,Man,3,English,False,Cardiovascular,Stroke and TIA,1,,3-5,self_management_info,Seeking,45.4,Medium
P002253,45-59,Man,2,English,False,Musculoskeletal and chronic pain,Connective tissue disorder,1,,11-20,emotional_support,Offering,48.8,Medium
P002254,75+,Woman,1,English,False,Cardiovascular,Coronary heart disease,4,Anxiety or depression;Diabetes mellitus;Painful condition,<1,shared_activity,Balanced,57.1,High
P002255,60-74,Woman,2,English,False,Cardiovascular,Coronary heart disease,6,Anxiety or depression;Chronic kidney disease;Diabetes mellitus;COPD;Atrial fibrillation,<1,social_connection,Offering,62.6,Medium
P002256,18-29,Man,5,English,True,Metabolic and endocrine,Diabetes mellitus,2,Anxiety or depression,1-2,accountability,Seeking,52.9,Medium
P002257,45-59,Woman,2,English,True,Mental health,Anxiety or depression,2,COPD,3-5,emotional_support,Balanced,44.6,Medium
P002258,18-29,Woman,5,English,False,Mental health,Anxiety or depression,1,,6-10,emotional_support,Seeking,39.4,Medium
P002259,45-59,Man,5,Panjabi,False,Musculoskeletal and chronic pain,Painful condition,3,Anxiety or depression;Connective tissue disorder,11-20,social_connection,Seeking,62.6,Medium
P002260,60-74,Man,4,English,False,Mental health,Anxiety or depression,4,COPD;Diabetes mellitus;Painful condition,11-20,emotional_support,Offering,33.5,High
P002261,18-29,Woman,3,English,False,Musculoskeletal and chronic pain,Painful condition,5,Anxiety or depression;Diabetes mellitus;Connective tissue disorder;Cancer,11-20,self_management_info,Offering,54.2,Medium
P002262,45-59,Woman,4,English,True,Renal,Chronic kidney disease,1,,20+,social_connection,Offering,57.4,Medium
P002263,60-74,Woman,2,English,False,Cardiovascular,Atrial fibrillation,1,,<1,self_management_info,Seeking,32.4,High
P002264,45-59,Man,1,English,False,Musculoskeletal and chronic pain,Painful condition,3,Anxiety or depression;Connective tissue disorder,3-5,social_connection,Seeking,46.5,Medium
P002265,45-59,Woman,3,English,False,Metabolic and endocrine,Diabetes mellitus,1,,3-5,social_connection,Balanced,32.8,High
P002266,45-59,Man,4,English,False,Musculoskeletal and chronic pain,Painful condition,4,Anxiety or depression;Connective tissue disorder;Stroke and TIA,1-2,accountability,Offering,48.0,Medium
P002267,45-59,Woman,3,English,True,Metabolic and endocrine,Diabetes mellitus,4,COPD;Heart failure;Anxiety or depression,1-2,self_management_info,Offering,64.5,Medium
P002268,30-44,Woman,3,English,False,Mental health,Anxiety or depression,3,Atrial fibrillation;Connective tissue disorder,3-5,self_management_info,Seeking,41.1,Medium
P002269,45-59,Man,5,English,False,Renal,Chronic kidney disease,1,,11-20,social_connection,Balanced,43.2,High
P002270,60-74,Man,3,English,True,Musculoskeletal and chronic pain,Painful condition,1,,6-10,social_connection,Seeking,56.0,Low
P002271,30-44,Man,3,English,False,Mental health,Anxiety or depression,5,Diabetes mellitus;Painful condition;Cancer;COPD,1-2,emotional_support,Seeking,63.7,Low
P002272,30-44,Man,5,English,False,Cardiovascular,Atrial fibrillation,3,Anxiety or depression;Painful condition,1-2,emotional_support,Offering,45.5,High
P002273,60-74,Man,5,English,False,Metabolic and endocrine,Diabetes mellitus,4,Anxiety or depression;Atrial fibrillation;Painful condition,6-10,accountability,Balanced,39.1,Medium
P002274,45-59,Man,1,English,False,Cardiovascular,Coronary heart disease,1,,3-5,emotional_support,Offering,63.3,Low
P002275,30-44,Man,1,English,False,Cardiovascular,Stroke and TIA,2,Anxiety or depression,<1,shared_activity,Balanced,42.9,Medium
P002276,45-59,Man,3,English,False,Mental health,Anxiety or depression,6,Chronic kidney disease;Painful condition;Diabetes mellitus;Cancer;Coronary heart disease,3-5,social_connection,Seeking,39.9,Medium
P002277,75+,Man,4,Other,True,Mental health,Anxiety or depression,2,Painful condition,1-2,self_management_info,Balanced,47.5,Medium
P002278,60-74,Man,3,English,False,Cardiovascular,Heart failure,1,,6-10,self_management_info,Seeking,54.4,Medium
P002279,60-74,Man,4,English,False,Musculoskeletal and chronic pain,Painful condition,1,,<1,shared_activity,Seeking,43.8,High
P002280,30-44,Woman,4,English,False,Metabolic and endocrine,Diabetes mellitus,1,,20+,self_management_info,Offering,54.4,High
P002281,45-59,Man,4,Other,False,Cancer experience,Cancer,1,,1-2,social_connection,Balanced,44.4,Low
P002282,45-59,Man,3,English,False,Cardiovascular,Atrial fibrillation,1,,11-20,self_management_info,Balanced,49.4,High
P002283,45-59,Woman,3,English,False,Mental health,Anxiety or depression,2,COPD,6-10,social_connection,Balanced,47.8,Medium
P002284,60-74,Man,2,English,False,Mental health,Anxiety or depression,6,Coronary heart disease;Diabetes mellitus;Painful condition;Atrial fibrillation;Cancer,3-5,emotional_support,Seeking,61.5,Medium
P002285,60-74,Man,3,English,True,Cardiovascular,Stroke and TIA,3,Anxiety or depression;Painful condition,<1,shared_activity,Offering,63.2,Medium
P002286,60-74,Woman,1,English,False,Mental health,Anxiety or depression,1,,3-5,social_connection,Offering,57.1,Low
P002287,30-44,Man,3,English,False,Mental health,Anxiety or depression,1,,<1,shared_activity,Balanced,57.7,Low
P002288,30-44,Woman,3,English,False,Cancer experience,Cancer,2,Anxiety or depression,3-5,self_management_info,Offering,44.2,Low
P002289,75+,Woman,3,English,False,Cardiovascular,Coronary heart disease,1,,20+,self_management_info,Seeking,46.7,High
P002290,45-59,Man,3,English,False,Musculoskeletal and chronic pain,Painful condition,3,Anxiety or depression;Stroke and TIA,3-5,emotional_support,Balanced,42.6,Low
P002291,18-29,Woman,1,English,False,Musculoskeletal and chronic pain,Painful condition,1,,11-20,self_management_info,Seeking,62.7,High
P002292,30-44,Woman,1,English,False,Mental health,Anxiety or depression,6,Painful condition;Stroke and TIA;Chronic kidney disease;Coronary heart disease;Diabetes mellitus,1-2,self_management_info,Offering,59.4,Medium
P002293,45-59,Man,3,English,True,Cardiovascular,Coronary heart disease,1,,<1,accountability,Seeking,47.0,Low
P002294,75+,Woman,1,English,True,Musculoskeletal and chronic pain,Painful condition,5,Anxiety or depression;Diabetes mellitus;Atrial fibrillation;COPD,<1,accountability,Seeking,30.6,Medium
P002295,45-59,Woman,2,English,False,Cancer experience,Cancer,1,,20+,accountability,Balanced,49.0,Medium
P002296,60-74,Woman,4,English,True,Metabolic and endocrine,Diabetes mellitus,1,,1-2,self_management_info,Balanced,53.3,Medium
P002297,45-59,Woman,5,English,False,Metabolic and endocrine,Diabetes mellitus,2,Anxiety or depression,11-20,emotional_support,Seeking,57.1,Low
P002298,45-59,Man,4,English,False,Metabolic and endocrine,Diabetes mellitus,1,,6-10,social_connection,Seeking,40.4,High
P002299,45-59,Man,4,Polish,True,Cardiovascular,Coronary heart disease,1,,6-10,self_management_info,Balanced,51.2,High
P002300,45-59,Non-binary or self-describe,5,English,False,Mental health,Anxiety or depression,1,,11-20,social_connection,Balanced,37.5,High
P002301,45-59,Man,2,English,False,Musculoskeletal and chronic pain,Painful condition,3,Anxiety or depression;Coronary heart disease,3-5,accountability,Offering,44.5,Medium
P002302,45-59,Woman,4,English,True,Mental health,Anxiety or depression,1,,1-2,shared_activity,Seeking,51.5,Medium
P002303,75+,Man,3,English,False,Mental health,Anxiety or depression,5,Painful condition;Stroke and TIA;Heart failure;Connective tissue disorder,3-5,emotional_support,Seeking,56.5,Medium
P002304,18-29,Woman,1,English,False,Musculoskeletal and chronic pain,Painful condition,1,,1-2,social_connection,Seeking,39.0,High
P002305,60-74,Man,4,English,False,Musculoskeletal and chronic pain,Painful condition,1,,11-20,emotional_support,Seeking,59.1,Low
P002306,45-59,Man,1,English,False,Cardiovascular,Coronary heart disease,2,Atrial fibrillation,20+,social_connection,Balanced,46.6,High
P002307,60-74,Man,1,English,False,Mental health,Anxiety or depression,1,,1-2,accountability,Seeking,53.8,Medium
P002308,45-59,Woman,4,English,False,Cardiovascular,Stroke and TIA,1,,1-2,social_connection,Balanced,36.2,Low
P002309,30-44,Woman,3,English,False,Mental health,Anxiety or depression,3,Diabetes mellitus;Coronary heart disease,1-2,emotional_support,Balanced,44.4,Medium
P002310,60-74,Woman,2,English,True,Cancer experience,Cancer,6,Anxiety or depression;Atrial fibrillation;Chronic kidney disease;Painful condition;Diabetes mellitus,11-20,shared_activity,Seeking,75.8,Medium
P002311,45-59,Woman,2,English,False,Mental health,Anxiety or depression,4,Diabetes mellitus;COPD;Connective tissue disorder,3-5,social_connection,Seeking,40.7,Low
P002312,45-59,Woman,4,English,False,Musculoskeletal and chronic pain,Connective tissue disorder,1,,1-2,self_management_info,Offering,26.8,Medium
P002313,60-74,Woman,1,Other,False,Mental health,Anxiety or depression,2,Painful condition,1-2,shared_activity,Seeking,47.2,Medium
P002314,60-74,Woman,3,English,False,Musculoskeletal and chronic pain,Connective tissue disorder,1,,1-2,accountability,Seeking,24.2,Low
P002315,60-74,Woman,3,English,False,Cardiovascular,Atrial fibrillation,1,,3-5,emotional_support,Seeking,52.0,High
P002316,45-59,Woman,1,English,False,Mental health,Anxiety or depression,1,,11-20,shared_activity,Seeking,36.3,Medium
P002317,60-74,Woman,2,English,False,Cardiovascular,Atrial fibrillation,1,,<1,accountability,Balanced,59.5,High
P002318,45-59,Man,3,English,False,Cardiovascular,Stroke and TIA,2,Anxiety or depression,6-10,emotional_support,Offering,49.2,Low
P002319,60-74,Woman,4,English,False,Metabolic and endocrine,Diabetes mellitus,1,,6-10,emotional_support,Balanced,34.9,Medium
P002320,60-74,Woman,1,English,True,Mental health,Anxiety or depression,1,,3-5,emotional_support,Seeking,61.8,Low
P002321,45-59,Woman,5,Other,False,Musculoskeletal and chronic pain,Painful condition,1,,20+,accountability,Balanced,49.9,Low
P002322,60-74,Woman,2,English,False,Mental health,Anxiety or depression,2,Diabetes mellitus,3-5,emotional_support,Balanced,42.4,High
P002323,75+,Man,2,Other,False,Cardiovascular,Coronary heart disease,2,Diabetes mellitus,3-5,shared_activity,Seeking,59.2,Medium
P002324,18-29,Woman,2,English,False,Musculoskeletal and chronic pain,Painful condition,1,,<1,social_connection,Seeking,49.4,Medium
P002325,75+,Man,2,English,False,Cancer experience,Cancer,5,Diabetes mellitus;Anxiety or depression;Coronary heart disease;Painful condition,20+,self_management_info,Offering,51.5,Low
P002326,75+,Woman,5,English,False,Musculoskeletal and chronic pain,Painful condition,6,Connective tissue disorder;Anxiety or depression;Coronary heart disease;COPD;Stroke and TIA,<1,social_connection,Balanced,58.5,High
P002327,45-59,Man,1,English,False,Cardiovascular,Heart failure,6,Anxiety or depression;Painful condition;Chronic kidney disease;COPD;Diabetes mellitus,1-2,self_management_info,Offering,60.0,High
P002328,75+,Man,2,English,False,Cardiovascular,Heart failure,2,Atrial fibrillation,1-2,social_connection,Balanced,33.3,Medium
P002329,60-74,Woman,3,English,True,Metabolic and endocrine,Diabetes mellitus,4,Painful condition;Anxiety or depression;Chronic kidney disease,11-20,social_connection,Balanced,64.2,Low
P002330,60-74,Woman,1,Other,True,Metabolic and endocrine,Diabetes mellitus,1,,3-5,social_connection,Balanced,64.8,Medium
P002331,60-74,Man,1,English,False,Metabolic and endocrine,Diabetes mellitus,2,Atrial fibrillation,11-20,shared_activity,Seeking,42.1,Low
P002332,45-59,Woman,4,English,False,Mental health,Anxiety or depression,1,,11-20,emotional_support,Seeking,36.5,High
P002333,75+,Woman,4,English,True,Mental health,Anxiety or depression,4,COPD;Painful condition;Chronic kidney disease,1-2,emotional_support,Balanced,49.2,Low
P002334,45-59,Woman,4,Other,False,Cardiovascular,Coronary heart disease,1,,11-20,self_management_info,Balanced,32.8,Medium
P002335,45-59,Man,3,English,False,Cardiovascular,Atrial fibrillation,1,,<1,accountability,Balanced,36.6,Low
P002336,30-44,Woman,5,English,False,Musculoskeletal and chronic pain,Painful condition,1,,20+,emotional_support,Seeking,43.8,Low
P002337,60-74,Woman,3,English,False,Musculoskeletal and chronic pain,Painful condition,2,Anxiety or depression,<1,social_connection,Seeking,29.7,Medium
P002338,45-59,Woman,5,English,False,Musculoskeletal and chronic pain,Painful condition,1,,11-20,social_connection,Seeking,30.7,Medium
P002339,30-44,Woman,4,English,False,Musculoskeletal and chronic pain,Connective tissue disorder,1,,20+,accountability,Balanced,30.4,Medium
P002340,75+,Man,5,English,False,Cardiovascular,Coronary heart disease,2,Diabetes mellitus,11-20,emotional_support,Offering,37.3,Low
P002341,60-74,Woman,3,English,True,Mental health,Anxiety or depression,2,Stroke and TIA,<1,emotional_support,Seeking,37.4,High
P002342,60-74,Man,2,English,False,Musculoskeletal and chronic pain,Connective tissue disorder,1,,<1,social_connection,Balanced,60.9,Medium
P002343,30-44,Man,2,English,False,Cardiovascular,Atrial fibrillation,3,Diabetes mellitus;Chronic kidney disease,<1,emotional_support,Balanced,55.2,Low
P002344,60-74,Man,3,English,False,Mental health,Anxiety or depression,1,,11-20,emotional_support,Balanced,21.5,Low
P002345,75+,Woman,3,English,True,Mental health,Anxiety or depression,5,Chronic kidney disease;COPD;Stroke and TIA;Connective tissue disorder,1-2,social_connection,Seeking,44.2,Medium
P002346,75+,Man,2,English,True,Cardiovascular,Coronary heart disease,1,,11-20,emotional_support,Seeking,52.6,Medium
P002347,45-59,Woman,5,English,False,Cardiovascular,Coronary heart disease,2,Anxiety or depression,3-5,self_management_info,Seeking,42.2,High
P002348,60-74,Man,4,English,False,Respiratory,COPD,5,Painful condition;Anxiety or depression;Coronary heart disease;Chronic kidney disease,1-2,self_management_info,Balanced,28.1,High
P002349,45-59,Man,2,English,False,Renal,Chronic kidney disease,3,Stroke and TIA;Anxiety or depression,6-10,shared_activity,Balanced,46.7,Medium
P002350,75+,Man,1,English,False,Cardiovascular,Stroke and TIA,2,Atrial fibrillation,1-2,self_management_info,Offering,39.9,Medium
P002351,60-74,Woman,2,English,False,Cardiovascular,Coronary heart disease,6,Anxiety or depression;Painful condition;Stroke and TIA;Atrial fibrillation;Diabetes mellitus,6-10,emotional_support,Balanced,56.5,Medium
P002352,60-74,Man,4,English,False,Musculoskeletal and chronic pain,Painful condition,3,Anxiety or depression;Diabetes mellitus,11-20,social_connection,Balanced,30.9,Low
P002353,60-74,Man,3,English,False,Musculoskeletal and chronic pain,Painful condition,1,,20+,emotional_support,Seeking,42.9,Low
P002354,18-29,Man,1,English,False,Musculoskeletal and chronic pain,Painful condition,1,,11-20,emotional_support,Seeking,54.9,High
P002355,75+,Woman,5,English,False,Cardiovascular,Stroke and TIA,1,,11-20,shared_activity,Balanced,48.9,High
P002356,75+,Man,3,Other,False,Musculoskeletal and chronic pain,Painful condition,2,Cancer,1-2,shared_activity,Seeking,40.2,Medium
P002357,75+,Man,5,Other,False,Musculoskeletal and chronic pain,Connective tissue disorder,1,,3-5,emotional_support,Seeking,26.3,Low
P002358,30-44,Woman,4,English,False,Musculoskeletal and chronic pain,Painful condition,2,Connective tissue disorder,11-20,social_connection,Offering,38.1,Medium
P002359,45-59,Man,3,English,False,Mental health,Anxiety or depression,6,Chronic kidney disease;Painful condition;Stroke and TIA;Diabetes mellitus;Atrial fibrillation,1-2,shared_activity,Seeking,41.4,Low
P002360,60-74,Woman,1,English,True,Cardiovascular,Coronary heart disease,1,,6-10,social_connection,Seeking,54.9,Medium
P002361,45-59,Man,1,Other,False,Cardiovascular,Stroke and TIA,1,,<1,emotional_support,Balanced,48.0,Medium
P002362,75+,Man,1,English,False,Cardiovascular,Coronary heart disease,2,Anxiety or depression,6-10,social_connection,Balanced,65.4,High
P002363,45-59,Man,1,English,False,Musculoskeletal and chronic pain,Painful condition,2,Anxiety or depression,20+,emotional_support,Seeking,40.1,High
P002364,45-59,Man,2,English,False,Mental health,Anxiety or depression,2,Diabetes mellitus,11-20,social_connection,Balanced,42.7,Low
P002365,45-59,Man,4,English,False,Musculoskeletal and chronic pain,Painful condition,1,,20+,accountability,Balanced,34.7,Medium
P002366,18-29,Woman,5,English,False,Metabolic and endocrine,Diabetes mellitus,1,,11-20,accountability,Seeking,40.8,Low
P002367,30-44,Man,5,English,False,Mental health,Anxiety or depression,1,,3-5,social_connection,Seeking,22.7,Low
P002368,60-74,Man,2,English,True,Mental health,Anxiety or depression,1,,20+,accountability,Balanced,53.5,Medium
P002369,45-59,Man,3,English,True,Cardiovascular,Stroke and TIA,1,,1-2,social_connection,Seeking,33.4,Low
P002370,60-74,Man,2,English,True,Musculoskeletal and chronic pain,Connective tissue disorder,2,Anxiety or depression,11-20,emotional_support,Offering,49.7,Low
P002371,75+,Man,2,English,False,Metabolic and endocrine,Diabetes mellitus,1,,3-5,social_connection,Balanced,35.2,Medium
P002372,60-74,Woman,3,Polish,True,Cardiovascular,Atrial fibrillation,4,Anxiety or depression;Chronic kidney disease;Diabetes mellitus,20+,self_management_info,Seeking,41.2,Medium
P002373,45-59,Woman,2,English,False,Musculoskeletal and chronic pain,Connective tissue disorder,6,Anxiety or depression;Heart failure;Painful condition;Diabetes mellitus;Chronic kidney disease,20+,emotional_support,Offering,46.1,Low
P002374,60-74,Woman,4,English,False,Mental health,Anxiety or depression,1,,20+,self_management_info,Balanced,32.5,Low
P002375,60-74,Woman,3,English,False,Mental health,Anxiety or depression,2,Coronary heart disease,3-5,accountability,Seeking,31.3,High
P002376,45-59,Woman,1,English,False,Musculoskeletal and chronic pain,Painful condition,1,,11-20,social_connection,Offering,46.2,High
P002377,18-29,Man,1,English,False,Mental health,Anxiety or depression,1,,3-5,accountability,Offering,50.6,Low
P002378,45-59,Woman,2,English,False,Musculoskeletal and chronic pain,Painful condition,1,,6-10,accountability,Balanced,46.1,Medium
P002379,60-74,Woman,4,Polish,False,Metabolic and endocrine,Diabetes mellitus,4,Anxiety or depression;Stroke and TIA;Atrial fibrillation,6-10,self_management_info,Seeking,58.6,Low
P002380,60-74,Woman,2,English,True,Musculoskeletal and chronic pain,Painful condition,1,,11-20,self_management_info,Seeking,59.2,Medium
P002381,60-74,Man,3,English,False,Mental health,Anxiety or depression,3,Painful condition;Connective tissue disorder,11-20,self_management_info,Seeking,37.1,High
P002382,30-44,Woman,3,English,False,Cardiovascular,Stroke and TIA,1,,1-2,shared_activity,Balanced,39.6,High
P002383,75+,Man,3,English,False,Musculoskeletal and chronic pain,Painful condition,3,Anxiety or depression;Coronary heart disease,3-5,accountability,Balanced,63.8,Medium
P002384,30-44,Woman,4,English,False,Renal,Chronic kidney disease,1,,3-5,self_management_info,Balanced,32.5,Medium
P002385,30-44,Woman,2,English,True,Cardiovascular,Coronary heart disease,1,,20+,emotional_support,Offering,63.5,Medium
P002386,45-59,Woman,4,English,False,Mental health,Anxiety or depression,1,,3-5,emotional_support,Balanced,55.9,Low
P002387,45-59,Man,4,English,False,Cancer experience,Cancer,1,,11-20,social_connection,Offering,42.9,Low
P002388,60-74,Man,5,English,False,Musculoskeletal and chronic pain,Painful condition,1,,1-2,emotional_support,Balanced,29.6,Low
P002389,75+,Woman,5,Polish,False,Cardiovascular,Atrial fibrillation,1,,3-5,social_connection,Balanced,40.4,High
P002390,45-59,Woman,1,English,False,Musculoskeletal and chronic pain,Painful condition,1,,20+,emotional_support,Balanced,35.5,Medium
P002391,60-74,Woman,4,English,False,Cardiovascular,Atrial fibrillation,6,Diabetes mellitus;Anxiety or depression;Painful condition;COPD;Chronic kidney disease,<1,accountability,Offering,49.2,Medium
P002392,60-74,Woman,5,English,True,Cardiovascular,Coronary heart disease,2,Anxiety or depression,3-5,accountability,Seeking,59.7,Medium
P002393,60-74,Man,3,English,True,Musculoskeletal and chronic pain,Connective tissue disorder,4,Anxiety or depression;Coronary heart disease;Cancer,<1,self_management_info,Balanced,72.6,Medium
P002394,18-29,Man,5,English,False,Mental health,Anxiety or depression,1,,1-2,self_management_info,Seeking,34.7,High
P002395,60-74,Woman,1,English,False,Musculoskeletal and chronic pain,Painful condition,2,Anxiety or depression,3-5,accountability,Balanced,62.3,High
P002396,18-29,Woman,1,English,False,Musculoskeletal and chronic pain,Connective tissue disorder,1,,1-2,self_management_info,Seeking,40.5,Medium
P002397,30-44,Man,4,English,False,Respiratory,COPD,4,Anxiety or depression;Diabetes mellitus;Coronary heart disease,11-20,emotional_support,Offering,47.4,Medium
P002398,75+,Woman,1,English,False,Cardiovascular,Coronary heart disease,1,,11-20,emotional_support,Balanced,48.4,Low
P002399,30-44,Man,5,Other,False,Musculoskeletal and chronic pain,Painful condition,1,,20+,social_connection,Seeking,37.1,Medium
P002400,75+,Woman,5,English,True,Renal,Chronic kidney disease,1,,6-10,accountability,Seeking,43.1,Medium
P002401,18-29,Woman,2,English,False,Metabolic and endocrine,Diabetes mellitus,1,,1-2,accountability,Seeking,50.1,Medium
P002402,75+,Woman,5,English,True,Musculoskeletal and chronic pain,Connective tissue disorder,1,,6-10,self_management_info,Seeking,30.8,Medium
P002403,60-74,Woman,2,English,False,Metabolic and endocrine,Diabetes mellitus,2,Anxiety or depression,3-5,shared_activity,Seeking,49.1,Low
P002404,45-59,Man,3,English,False,Mental health,Anxiety or depression,2,Painful condition,3-5,social_connection,Balanced,62.3,Medium
P002405,75+,Woman,2,English,True,Mental health,Anxiety or depression,2,Painful condition,1-2,accountability,Seeking,67.8,Low
P002406,60-74,Woman,4,English,False,Respiratory,COPD,2,Diabetes mellitus,1-2,social_connection,Balanced,28.3,High
P002407,18-29,Woman,1,English,False,Musculoskeletal and chronic pain,Painful condition,1,,3-5,emotional_support,Seeking,42.0,Low
P002408,30-44,Man,4,English,True,Cardiovascular,Atrial fibrillation,1,,1-2,social_connection,Seeking,34.1,Low
P002409,75+,Man,3,English,False,Mental health,Anxiety or depression,2,COPD,3-5,accountability,Seeking,63.8,Low
P002410,30-44,Man,5,English,False,Mental health,Anxiety or depression,1,,3-5,accountability,Seeking,39.0,Medium
P002411,75+,Man,3,Other,True,Musculoskeletal and chronic pain,Painful condition,1,,3-5,shared_activity,Offering,54.0,High
P002412,45-59,Man,2,English,False,Cardiovascular,Coronary heart disease,1,,6-10,shared_activity,Seeking,49.2,Medium
P002413,45-59,Woman,5,English,False,Renal,Chronic kidney disease,1,,<1,shared_activity,Balanced,53.4,Medium
P002414,45-59,Woman,3,English,True,Musculoskeletal and chronic pain,Connective tissue disorder,3,Anxiety or depression;Coronary heart disease,<1,social_connection,Seeking,45.5,Low
P002415,45-59,Non-binary or self-describe,5,English,False,Musculoskeletal and chronic pain,Painful condition,3,Anxiety or depression;Connective tissue disorder,11-20,social_connection,Seeking,31.2,Medium
P002416,45-59,Man,4,English,False,Cardiovascular,Atrial fibrillation,1,,6-10,social_connection,Balanced,37.3,Medium
P002417,60-74,Woman,3,English,False,Cardiovascular,Atrial fibrillation,6,Anxiety or depression;Cancer;Diabetes mellitus;Painful condition;Chronic kidney disease,20+,self_management_info,Offering,60.0,High
P002418,75+,Woman,4,English,False,Cardiovascular,Coronary heart disease,6,Anxiety or depression;Diabetes mellitus;Cancer;Chronic kidney disease;Painful condition,6-10,social_connection,Balanced,64.2,High
P002419,75+,Man,5,English,False,Cardiovascular,Coronary heart disease,1,,<1,accountability,Balanced,51.7,Low
P002420,60-74,Woman,4,English,False,Musculoskeletal and chronic pain,Painful condition,3,Chronic kidney disease;Cancer,20+,social_connection,Seeking,35.5,Medium
P002421,18-29,Woman,1,English,False,Musculoskeletal and chronic pain,Connective tissue disorder,1,,1-2,emotional_support,Balanced,50.2,Medium
P002422,60-74,Woman,4,English,False,Cardiovascular,Coronary heart disease,2,Painful condition,1-2,emotional_support,Balanced,36.8,Medium
P002423,75+,Man,4,Romanian,True,Mental health,Anxiety or depression,2,Coronary heart disease,1-2,shared_activity,Offering,50.3,Low
P002424,30-44,Man,5,English,True,Renal,Chronic kidney disease,1,,<1,shared_activity,Offering,40.4,Medium
P002425,60-74,Woman,2,Urdu,False,Mental health,Anxiety or depression,1,,1-2,social_connection,Offering,29.2,Medium
P002426,75+,Woman,2,English,False,Cardiovascular,Coronary heart disease,2,Anxiety or depression,6-10,self_management_info,Seeking,32.8,Medium
P002427,30-44,Man,5,Polish,False,Mental health,Anxiety or depression,1,,11-20,accountability,Seeking,32.7,Medium
P002428,30-44,Woman,1,English,False,Mental health,Anxiety or depression,2,Coronary heart disease,3-5,emotional_support,Offering,43.4,High
P002429,30-44,Woman,4,English,False,Mental health,Anxiety or depression,1,,20+,accountability,Balanced,32.8,Medium
P002430,60-74,Woman,5,English,True,Mental health,Anxiety or depression,4,Cancer;Diabetes mellitus;Stroke and TIA,1-2,emotional_support,Seeking,62.9,Low
P002431,45-59,Man,2,English,True,Musculoskeletal and chronic pain,Painful condition,4,Anxiety or depression;Diabetes mellitus;Connective tissue disorder,11-20,self_management_info,Balanced,44.9,Medium
P002432,60-74,Man,4,English,True,Musculoskeletal and chronic pain,Painful condition,3,Anxiety or depression;COPD,1-2,emotional_support,Seeking,79.4,High
P002433,45-59,Woman,1,English,False,Cardiovascular,Heart failure,1,,6-10,emotional_support,Balanced,34.4,Medium
P002434,60-74,Woman,3,English,False,Musculoskeletal and chronic pain,Painful condition,2,Anxiety or depression,20+,social_connection,Balanced,31.9,Low
P002435,60-74,Man,5,English,True,Mental health,Anxiety or depression,1,,11-20,accountability,Balanced,29.7,High
P002436,18-29,Man,5,English,False,Mental health,Anxiety or depression,2,Painful condition,11-20,accountability,Offering,41.2,Medium
P002437,75+,Woman,3,English,True,Metabolic and endocrine,Diabetes mellitus,3,Anxiety or depression;Stroke and TIA,3-5,emotional_support,Offering,62.4,Medium
P002438,60-74,Woman,3,English,False,Renal,Chronic kidney disease,4,Anxiety or depression;Painful condition;Connective tissue disorder,6-10,self_management_info,Balanced,48.4,Medium
P002439,60-74,Man,4,English,False,Renal,Chronic kidney disease,4,Anxiety or depression;COPD;Heart failure,6-10,self_management_info,Seeking,42.1,Medium
P002440,30-44,Woman,2,English,False,Cardiovascular,Coronary heart disease,1,,20+,emotional_support,Balanced,38.9,Medium
P002441,60-74,Woman,2,English,True,Mental health,Anxiety or depression,2,Connective tissue disorder,<1,self_management_info,Offering,51.6,Medium
P002442,75+,Man,2,Other,True,Cardiovascular,Atrial fibrillation,3,COPD;Diabetes mellitus,11-20,self_management_info,Offering,71.3,Medium
P002443,45-59,Woman,3,English,True,Musculoskeletal and chronic pain,Painful condition,1,,11-20,social_connection,Offering,62.7,Low
P002444,30-44,Woman,5,English,False,Musculoskeletal and chronic pain,Connective tissue disorder,1,,<1,social_connection,Seeking,26.7,Low
P002445,60-74,Man,5,English,False,Musculoskeletal and chronic pain,Painful condition,2,Anxiety or depression,1-2,self_management_info,Seeking,50.8,High
P002446,60-74,Man,5,English,False,Cardiovascular,Coronary heart disease,1,,3-5,self_management_info,Seeking,25.9,Medium
P002447,75+,Woman,5,English,False,Renal,Chronic kidney disease,1,,20+,shared_activity,Seeking,47.7,Medium
P002448,75+,Woman,1,English,False,Renal,Chronic kidney disease,5,Anxiety or depression;Atrial fibrillation;Painful condition;Diabetes mellitus,11-20,accountability,Seeking,43.4,Low
P002449,45-59,Man,3,English,False,Respiratory,COPD,1,,6-10,shared_activity,Balanced,43.6,Low
P002450,75+,Man,1,English,False,Cardiovascular,Stroke and TIA,6,Anxiety or depression;Atrial fibrillation;Painful condition;Diabetes mellitus;Heart failure,6-10,shared_activity,Offering,56.4,Medium
P002451,45-59,Woman,4,English,False,Cardiovascular,Heart failure,1,,3-5,emotional_support,Balanced,27.0,Medium
P002452,60-74,Woman,2,English,False,Cardiovascular,Stroke and TIA,6,Anxiety or depression;Chronic kidney disease;Atrial fibrillation;Painful condition;Diabetes mellitus,1-2,social_connection,Balanced,71.3,Low
P002453,45-59,Man,2,English,True,Cancer experience,Cancer,4,Coronary heart disease;Chronic kidney disease;Anxiety or depression,20+,social_connection,Balanced,63.6,High
P002454,75+,Man,3,English,False,Musculoskeletal and chronic pain,Painful condition,4,Stroke and TIA;Chronic kidney disease;Anxiety or depression,1-2,emotional_support,Seeking,40.6,Medium
P002455,30-44,Woman,3,English,False,Cardiovascular,Coronary heart disease,1,,6-10,social_connection,Balanced,36.2,Medium
P002456,30-44,Woman,5,English,False,Cardiovascular,Stroke and TIA,4,Anxiety or depression;COPD;Atrial fibrillation,3-5,emotional_support,Offering,58.4,Medium
P002457,45-59,Man,5,English,False,Metabolic and endocrine,Diabetes mellitus,3,Heart failure;Anxiety or depression,11-20,self_management_info,Seeking,56.2,Low
P002458,60-74,Man,3,English,False,Musculoskeletal and chronic pain,Connective tissue disorder,1,,3-5,social_connection,Seeking,30.7,Low
P002459,75+,Man,3,English,False,Cardiovascular,Coronary heart disease,6,Chronic kidney disease;Anxiety or depression;Atrial fibrillation;Diabetes mellitus;Heart failure,11-20,accountability,Seeking,67.2,Medium
P002460,30-44,Woman,5,English,False,Mental health,Anxiety or depression,1,,11-20,accountability,Balanced,37.9,Low
P002461,60-74,Man,4,English,True,Mental health,Anxiety or depression,3,Stroke and TIA;Painful condition,3-5,accountability,Seeking,42.2,Medium
P002462,60-74,Man,5,Other,False,Mental health,Anxiety or depression,4,Painful condition;Cancer;Coronary heart disease,1-2,shared_activity,Seeking,51.0,Medium
P002463,75+,Woman,3,English,True,Mental health,Anxiety or depression,1,,6-10,emotional_support,Seeking,61.0,Medium
P002464,60-74,Man,1,English,False,Mental health,Anxiety or depression,3,Coronary heart disease;Painful condition,20+,accountability,Balanced,50.1,Medium
P002465,75+,Woman,1,English,False,Musculoskeletal and chronic pain,Painful condition,1,,1-2,accountability,Seeking,51.1,Low
P002466,60-74,Woman,4,English,True,Renal,Chronic kidney disease,4,Painful condition;Diabetes mellitus;Anxiety or depression,11-20,emotional_support,Balanced,49.7,Medium
P002467,18-29,Woman,4,English,False,Mental health,Anxiety or depression,3,Diabetes mellitus;Painful condition,<1,shared_activity,Seeking,39.3,Medium
P002468,45-59,Man,2,English,True,Mental health,Anxiety or depression,2,Chronic kidney disease,3-5,self_management_info,Seeking,64.2,Medium
P002469,45-59,Man,4,English,False,Cardiovascular,Coronary heart disease,3,Chronic kidney disease;Anxiety or depression,3-5,accountability,Seeking,51.8,Low
P002470,30-44,Woman,2,English,False,Cardiovascular,Coronary heart disease,1,,11-20,self_management_info,Balanced,52.0,Medium
P002471,75+,Woman,5,Other,True,Mental health,Anxiety or depression,2,Painful condition,6-10,accountability,Balanced,31.8,Medium
P002472,60-74,Man,3,English,False,Cardiovascular,Heart failure,3,Painful condition;Diabetes mellitus,1-2,emotional_support,Seeking,44.0,High
P002473,60-74,Woman,2,English,False,Mental health,Anxiety or depression,1,,6-10,emotional_support,Seeking,48.1,High
P002474,45-59,Woman,1,Romanian,True,Cardiovascular,Coronary heart disease,5,Diabetes mellitus;Anxiety or depression;Painful condition;Atrial fibrillation,6-10,shared_activity,Seeking,61.2,Low
P002475,18-29,Woman,1,English,False,Musculoskeletal and chronic pain,Painful condition,2,Anxiety or depression,6-10,social_connection,Seeking,49.1,Medium
P002476,60-74,Woman,3,English,False,Cardiovascular,Stroke and TIA,1,,3-5,emotional_support,Seeking,30.8,Low
P002477,60-74,Man,3,English,False,Cardiovascular,Stroke and TIA,1,,11-20,self_management_info,Seeking,48.5,High
P002478,75+,Man,3,English,False,Musculoskeletal and chronic pain,Connective tissue disorder,2,Anxiety or depression,3-5,shared_activity,Seeking,39.9,High
P002479,18-29,Man,5,English,False,Musculoskeletal and chronic pain,Painful condition,2,Anxiety or depression,3-5,emotional_support,Offering,42.1,High
P002480,45-59,Man,3,English,False,Musculoskeletal and chronic pain,Painful condition,2,Anxiety or depression,6-10,accountability,Balanced,32.6,High
P002481,75+,Woman,5,English,False,Musculoskeletal and chronic pain,Painful condition,2,Anxiety or depression,11-20,emotional_support,Seeking,50.7,Medium
P002482,45-59,Woman,3,English,False,Metabolic and endocrine,Diabetes mellitus,2,Painful condition,1-2,shared_activity,Seeking,38.5,High
P002483,60-74,Woman,2,Other,False,Cardiovascular,Coronary heart disease,1,,6-10,accountability,Balanced,43.4,Medium
P002484,60-74,Woman,5,English,True,Cardiovascular,Stroke and TIA,1,,20+,social_connection,Balanced,42.1,High
P002485,30-44,Woman,2,English,False,Cardiovascular,Atrial fibrillation,2,Diabetes mellitus,1-2,emotional_support,Balanced,56.0,Low
P002486,75+,Man,2,Other,False,Cardiovascular,Atrial fibrillation,1,,11-20,social_connection,Balanced,48.2,Low
P002487,45-59,Man,5,Other,False,Musculoskeletal and chronic pain,Painful condition,2,Anxiety or depression,3-5,social_connection,Offering,40.0,Medium
P002488,60-74,Man,2,English,False,Respiratory,COPD,5,Coronary heart disease;Anxiety or depression;Connective tissue disorder;Atrial fibrillation,3-5,shared_activity,Seeking,46.5,Low
P002489,75+,Man,5,English,False,Cardiovascular,Heart failure,1,,1-2,shared_activity,Seeking,20.0,Medium
P002490,60-74,Woman,1,English,False,Mental health,Anxiety or depression,3,Diabetes mellitus;Connective tissue disorder,3-5,social_connection,Balanced,57.5,High
P002491,45-59,Man,2,English,False,Musculoskeletal and chronic pain,Painful condition,1,,3-5,self_management_info,Offering,54.1,High
P002492,60-74,Woman,2,English,False,Cardiovascular,Coronary heart disease,1,,6-10,social_connection,Balanced,53.3,Low
P002493,60-74,Man,2,English,False,Metabolic and endocrine,Diabetes mellitus,1,,<1,shared_activity,Offering,34.4,Low
P002494,45-59,Man,3,English,False,Cardiovascular,Stroke and TIA,1,,11-20,accountability,Balanced,50.9,Medium
P002495,75+,Woman,4,English,False,Cardiovascular,Atrial fibrillation,2,Stroke and TIA,20+,emotional_support,Seeking,44.9,Medium
P002496,18-29,Woman,1,English,False,Musculoskeletal and chronic pain,Painful condition,5,Anxiety or depression;Connective tissue disorder;Diabetes mellitus;Cancer,3-5,emotional_support,Seeking,62.7,Low
P002497,75+,Man,4,English,False,Metabolic and endocrine,Diabetes mellitus,1,,1-2,social_connection,Offering,50.0,High
P002498,75+,Woman,3,English,False,Mental health,Anxiety or depression,2,Connective tissue disorder,1-2,social_connection,Seeking,55.1,Medium
P002499,45-59,Man,2,English,False,Musculoskeletal and chronic pain,Painful condition,1,,6-10,emotional_support,Balanced,46.0,Medium
P002500,60-74,Man,5,English,False,Musculoskeletal and chronic pain,Connective tissue disorder,1,,3-5,social_connection,Seeking,36.3,Medium
P002501,18-29,Woman,1,English,False,Metabolic and endocrine,Diabetes mellitus,1,,<1,social_connection,Balanced,43.9,High
P002502,75+,Man,5,English,False,Mental health,Anxiety or depression,1,,6-10,emotional_support,Seeking,41.1,Medium
P002503,60-74,Man,2,English,False,Musculoskeletal and chronic pain,Painful condition,3,Anxiety or depression;Cancer,1-2,emotional_support,Seeking,52.2,Medium
P002504,45-59,Woman,1,English,True,Musculoskeletal and chronic pain,Painful condition,1,,<1,emotional_support,Seeking,56.9,Low
P002505,75+,Woman,3,English,False,Mental health,Anxiety or depression,3,Coronary heart disease;Atrial fibrillation,20+,social_connection,Seeking,49.7,High
P002506,30-44,Man,1,English,True,Cardiovascular,Atrial fibrillation,6,Painful condition;Anxiety or depression;Connective tissue disorder;Chronic kidney disease;Diabetes mellitus,6-10,self_management_info,Seeking,80.0,High
P002507,30-44,Man,4,Other,False,Mental health,Anxiety or depression,2,Chronic kidney disease,1-2,self_management_info,Balanced,38.5,High
P002508,75+,Man,5,English,False,Cardiovascular,Coronary heart disease,3,Chronic kidney disease;Stroke and TIA,1-2,shared_activity,Balanced,54.7,High
P002509,30-44,Woman,5,English,False,Metabolic and endocrine,Diabetes mellitus,1,,1-2,social_connection,Seeking,41.1,Low
P002510,60-74,Man,1,English,False,Renal,Chronic kidney disease,2,Anxiety or depression,11-20,self_management_info,Balanced,62.2,Medium
P002511,45-59,Woman,2,English,False,Musculoskeletal and chronic pain,Painful condition,1,,1-2,self_management_info,Balanced,29.6,Low
P002512,45-59,Woman,5,English,True,Respiratory,COPD,2,Diabetes mellitus,<1,emotional_support,Balanced,52.6,Medium
P002513,45-59,Woman,5,Other,True,Cardiovascular,Coronary heart disease,2,Anxiety or depression,6-10,self_management_info,Balanced,62.7,Medium
P002514,75+,Man,2,English,False,Musculoskeletal and chronic pain,Connective tissue disorder,6,Anxiety or depression;Coronary heart disease;Chronic kidney disease;Painful condition;COPD,20+,emotional_support,Balanced,65.2,High
P002515,60-74,Woman,2,English,False,Metabolic and endocrine,Diabetes mellitus,1,,<1,emotional_support,Balanced,44.1,Low
P002516,75+,Woman,4,English,False,Mental health,Anxiety or depression,5,Painful condition;Heart failure;COPD;Coronary heart disease,6-10,self_management_info,Balanced,49.3,Medium
P002517,30-44,Man,4,Other,False,Cardiovascular,Atrial fibrillation,3,Anxiety or depression;Coronary heart disease,3-5,shared_activity,Seeking,44.3,Medium
P002518,45-59,Man,4,English,False,Mental health,Anxiety or depression,3,Painful condition;Chronic kidney disease,<1,shared_activity,Offering,31.2,Low
P002519,75+,Woman,4,English,True,Musculoskeletal and chronic pain,Painful condition,5,Connective tissue disorder;Anxiety or depression;Diabetes mellitus;Atrial fibrillation,20+,accountability,Balanced,50.3,Low
P002520,60-74,Woman,4,English,True,Cardiovascular,Coronary heart disease,2,Diabetes mellitus,1-2,social_connection,Balanced,48.0,Medium
P002521,60-74,Man,2,English,False,Mental health,Anxiety or depression,6,Painful condition;Connective tissue disorder;COPD;Diabetes mellitus;Chronic kidney disease,1-2,shared_activity,Offering,67.5,Low
P002522,75+,Woman,4,English,True,Musculoskeletal and chronic pain,Painful condition,4,Coronary heart disease;Anxiety or depression;Connective tissue disorder,3-5,shared_activity,Offering,52.2,Medium
P002523,60-74,Woman,2,English,False,Mental health,Anxiety or depression,1,,11-20,self_management_info,Seeking,48.8,Medium
P002524,75+,Man,5,English,False,Mental health,Anxiety or depression,2,Diabetes mellitus,11-20,shared_activity,Balanced,30.7,Medium
P002525,60-74,Man,3,English,False,Cardiovascular,Coronary heart disease,1,,11-20,shared_activity,Balanced,38.4,High
P002526,60-74,Woman,1,English,False,Musculoskeletal and chronic pain,Painful condition,2,Stroke and TIA,1-2,social_connection,Seeking,48.3,Medium
P002527,60-74,Woman,1,English,False,Cardiovascular,Heart failure,2,Diabetes mellitus,1-2,emotional_support,Seeking,45.8,High
P002528,60-74,Woman,4,Other,True,Musculoskeletal and chronic pain,Painful condition,1,,3-5,accountability,Balanced,53.4,High
P002529,45-59,Man,1,English,False,Metabolic and endocrine,Diabetes mellitus,1,,20+,shared_activity,Seeking,57.9,Low
P002530,18-29,Woman,2,English,False,Metabolic and endocrine,Diabetes mellitus,1,,11-20,accountability,Seeking,45.4,Low
P002531,60-74,Man,5,English,False,Musculoskeletal and chronic pain,Painful condition,3,Anxiety or depression;Connective tissue disorder,11-20,social_connection,Seeking,33.4,Medium
P002532,30-44,Man,1,English,False,Respiratory,COPD,1,,1-2,emotional_support,Balanced,59.6,Medium
P002533,45-59,Woman,5,English,False,Cardiovascular,Coronary heart disease,2,Painful condition,6-10,accountability,Balanced,30.5,Low
P002534,45-59,Woman,2,English,False,Mental health,Anxiety or depression,2,Coronary heart disease,<1,accountability,Balanced,36.6,Medium
P002535,30-44,Man,4,English,False,Mental health,Anxiety or depression,1,,11-20,emotional_support,Balanced,45.1,Medium
P002536,75+,Woman,5,English,False,Musculoskeletal and chronic pain,Painful condition,3,Chronic kidney disease;Anxiety or depression,6-10,emotional_support,Seeking,43.0,Medium
P002537,75+,Woman,3,English,True,Cardiovascular,Atrial fibrillation,2,Diabetes mellitus,3-5,self_management_info,Offering,47.3,High
P002538,75+,Woman,3,English,True,Renal,Chronic kidney disease,6,Anxiety or depression;Coronary heart disease;Diabetes mellitus;Painful condition;Connective tissue disorder,20+,emotional_support,Offering,71.3,Medium
P002539,30-44,Woman,5,Other,False,Cardiovascular,Coronary heart disease,1,,1-2,social_connection,Balanced,26.5,High
P002540,45-59,Woman,4,English,False,Mental health,Anxiety or depression,1,,20+,shared_activity,Seeking,34.0,Medium
P002541,30-44,Woman,1,English,False,Musculoskeletal and chronic pain,Painful condition,1,,6-10,accountability,Balanced,34.7,High
P002542,45-59,Man,3,English,False,Cancer experience,Cancer,1,,1-2,emotional_support,Seeking,42.6,High
P002543,75+,Man,3,English,True,Metabolic and endocrine,Diabetes mellitus,1,,6-10,self_management_info,Balanced,56.0,High
P002544,60-74,Man,3,English,False,Cardiovascular,Coronary heart disease,2,Diabetes mellitus,3-5,emotional_support,Balanced,38.3,High
P002545,60-74,Woman,2,English,False,Musculoskeletal and chronic pain,Painful condition,6,Anxiety or depression;Chronic kidney disease;Cancer;Diabetes mellitus;Atrial fibrillation,11-20,social_connection,Seeking,55.6,Medium
P002546,45-59,Man,5,English,False,Mental health,Anxiety or depression,4,Connective tissue disorder;Painful condition;Coronary heart disease,6-10,self_management_info,Balanced,56.2,Medium
P002547,60-74,Man,2,English,False,Cardiovascular,Coronary heart disease,1,,6-10,shared_activity,Seeking,44.5,Medium
P002548,60-74,Man,5,English,False,Cardiovascular,Atrial fibrillation,3,Cancer;Diabetes mellitus,<1,accountability,Seeking,48.6,Medium
P002549,75+,Woman,4,English,False,Cardiovascular,Atrial fibrillation,2,Painful condition,3-5,accountability,Seeking,42.0,Medium
P002550,45-59,Man,3,English,False,Renal,Chronic kidney disease,3,Anxiety or depression;Painful condition,<1,social_connection,Seeking,30.3,Medium
P002551,18-29,Man,1,English,False,Mental health,Anxiety or depression,1,,<1,social_connection,Offering,27.2,Low
P002552,60-74,Woman,2,English,False,Cardiovascular,Stroke and TIA,2,Anxiety or depression,3-5,shared_activity,Offering,52.1,High
P002553,30-44,Man,4,English,True,Musculoskeletal and chronic pain,Painful condition,6,Diabetes mellitus;Anxiety or depression;Stroke and TIA;Connective tissue disorder;COPD,1-2,self_management_info,Balanced,58.6,High
P002554,60-74,Non-binary or self-describe,4,English,False,Musculoskeletal and chronic pain,Painful condition,1,,<1,emotional_support,Seeking,29.0,Low
P002555,45-59,Man,4,English,False,Cardiovascular,Coronary heart disease,2,Chronic kidney disease,1-2,emotional_support,Seeking,30.7,Medium
P002556,75+,Woman,4,English,True,Mental health,Anxiety or depression,6,Diabetes mellitus;Cancer;Atrial fibrillation;Coronary heart disease;Stroke and TIA,3-5,accountability,Offering,52.5,Medium
P002557,45-59,Woman,1,English,False,Renal,Chronic kidney disease,2,Atrial fibrillation,11-20,emotional_support,Balanced,65.3,Medium
P002558,30-44,Man,5,English,False,Renal,Chronic kidney disease,2,Diabetes mellitus,3-5,social_connection,Offering,51.1,Low
P002559,60-74,Woman,4,English,False,Mental health,Anxiety or depression,2,Diabetes mellitus,<1,self_management_info,Seeking,37.6,Medium
P002560,30-44,Man,5,English,True,Cardiovascular,Atrial fibrillation,6,Anxiety or depression;Painful condition;Cancer;Coronary heart disease;Chronic kidney disease,1-2,shared_activity,Offering,63.6,High
P002561,45-59,Woman,4,English,False,Metabolic and endocrine,Diabetes mellitus,2,Painful condition,3-5,social_connection,Seeking,40.8,Medium
P002562,45-59,Man,5,Other,False,Renal,Chronic kidney disease,6,Anxiety or depression;COPD;Stroke and TIA;Painful condition;Connective tissue disorder,<1,shared_activity,Balanced,50.6,High
P002563,30-44,Woman,3,English,False,Musculoskeletal and chronic pain,Connective tissue disorder,4,Anxiety or depression;Painful condition;Chronic kidney disease,<1,self_management_info,Balanced,48.7,Medium
P002564,75+,Woman,2,English,False,Mental health,Anxiety or depression,2,COPD,3-5,social_connection,Balanced,41.1,Low
P002565,60-74,Woman,2,Other,True,Mental health,Anxiety or depression,4,Coronary heart disease;Painful condition;Cancer,3-5,emotional_support,Seeking,66.8,Medium
P002566,75+,Man,1,English,False,Mental health,Anxiety or depression,2,Stroke and TIA,<1,accountability,Balanced,67.4,High
P002567,75+,Woman,5,English,False,Musculoskeletal and chronic pain,Painful condition,3,Anxiety or depression;Connective tissue disorder,<1,accountability,Offering,42.9,Medium
P002568,60-74,Woman,2,English,True,Metabolic and endocrine,Diabetes mellitus,2,Cancer,20+,social_connection,Seeking,49.4,Medium
P002569,45-59,Man,4,English,False,Metabolic and endocrine,Diabetes mellitus,6,Anxiety or depression;Painful condition;Coronary heart disease;Cancer;Chronic kidney disease,<1,shared_activity,Balanced,54.7,Medium
P002570,45-59,Man,2,English,False,Mental health,Anxiety or depression,1,,20+,self_management_info,Offering,62.0,Medium
P002571,45-59,Man,2,English,True,Metabolic and endocrine,Diabetes mellitus,4,Anxiety or depression;Coronary heart disease;Atrial fibrillation,6-10,social_connection,Seeking,44.8,Medium
P002572,60-74,Woman,1,English,True,Cancer experience,Cancer,1,,3-5,social_connection,Balanced,50.7,Low
P002573,75+,Woman,2,English,False,Renal,Chronic kidney disease,3,Diabetes mellitus;COPD,1-2,accountability,Balanced,44.9,Medium
P002574,75+,Woman,3,English,True,Renal,Chronic kidney disease,2,Anxiety or depression,6-10,emotional_support,Seeking,41.6,High
P002575,60-74,Woman,5,English,False,Musculoskeletal and chronic pain,Painful condition,2,Chronic kidney disease,<1,accountability,Seeking,59.9,Medium
P002576,75+,Man,3,English,False,Cardiovascular,Heart failure,3,Painful condition;Anxiety or depression,6-10,social_connection,Balanced,60.1,Medium
P002577,60-74,Man,5,English,False,Mental health,Anxiety or depression,1,,<1,self_management_info,Offering,40.4,High
P002578,75+,Woman,4,Urdu,False,Mental health,Anxiety or depression,1,,3-5,accountability,Seeking,44.6,Low
P002579,60-74,Man,5,English,False,Musculoskeletal and chronic pain,Painful condition,1,,20+,self_management_info,Balanced,38.0,Low
P002580,45-59,Woman,1,English,False,Metabolic and endocrine,Diabetes mellitus,4,Chronic kidney disease;Coronary heart disease;Anxiety or depression,20+,accountability,Offering,45.4,Medium
P002581,30-44,Woman,5,English,False,Musculoskeletal and chronic pain,Painful condition,1,,11-20,social_connection,Seeking,46.5,Medium
P002582,60-74,Man,3,English,True,Metabolic and endocrine,Diabetes mellitus,1,,6-10,self_management_info,Balanced,28.2,High
P002583,75+,Woman,2,English,True,Musculoskeletal and chronic pain,Painful condition,6,Anxiety or depression;Diabetes mellitus;Chronic kidney disease;Cancer;Connective tissue disorder,<1,shared_activity,Offering,56.2,Medium
P002584,45-59,Woman,3,Romanian,False,Metabolic and endocrine,Diabetes mellitus,1,,6-10,social_connection,Balanced,35.2,Medium
P002585,75+,Man,1,English,True,Renal,Chronic kidney disease,3,Diabetes mellitus;Atrial fibrillation,20+,social_connection,Balanced,61.1,High
P002586,60-74,Woman,3,English,True,Mental health,Anxiety or depression,3,Coronary heart disease;Chronic kidney disease,3-5,social_connection,Balanced,53.2,Medium
P002587,30-44,Woman,4,English,False,Mental health,Anxiety or depression,1,,1-2,social_connection,Seeking,34.4,High
P002588,60-74,Woman,2,English,False,Musculoskeletal and chronic pain,Painful condition,3,Anxiety or depression;Chronic kidney disease,3-5,emotional_support,Offering,42.9,Low
P002589,30-44,Woman,3,English,False,Metabolic and endocrine,Diabetes mellitus,2,Coronary heart disease,<1,shared_activity,Balanced,26.5,Medium
P002590,18-29,Woman,3,Polish,False,Musculoskeletal and chronic pain,Painful condition,1,,1-2,accountability,Balanced,20.0,Low
P002591,45-59,Woman,2,English,False,Renal,Chronic kidney disease,2,Anxiety or depression,6-10,social_connection,Balanced,52.8,Medium
P002592,45-59,Man,3,English,False,Respiratory,COPD,1,,20+,shared_activity,Offering,45.6,High
P002593,45-59,Woman,4,English,False,Metabolic and endocrine,Diabetes mellitus,1,,<1,self_management_info,Seeking,53.3,Medium
P002594,30-44,Woman,1,English,True,Cardiovascular,Stroke and TIA,1,,6-10,shared_activity,Offering,56.3,Medium
P002595,75+,Man,4,English,True,Renal,Chronic kidney disease,1,,11-20,shared_activity,Balanced,42.7,Low
P002596,60-74,Woman,5,English,True,Renal,Chronic kidney disease,1,,<1,accountability,Seeking,34.1,Medium
P002597,30-44,Woman,2,Other,False,Cardiovascular,Coronary heart disease,3,COPD;Painful condition,6-10,self_management_info,Balanced,42.0,Medium
P002598,75+,Man,3,English,False,Mental health,Anxiety or depression,2,Stroke and TIA,20+,social_connection,Seeking,47.9,Medium
P002599,45-59,Man,3,English,False,Metabolic and endocrine,Diabetes mellitus,4,Connective tissue disorder;Coronary heart disease;Anxiety or depression,6-10,shared_activity,Seeking,64.5,Low
P002600,45-59,Woman,4,Romanian,False,Renal,Chronic kidney disease,1,,20+,self_management_info,Seeking,36.3,Medium
P002601,18-29,Man,1,English,False,Musculoskeletal and chronic pain,Connective tissue disorder,1,,<1,self_management_info,Balanced,59.2,High
P002602,45-59,Man,4,English,False,Mental health,Anxiety or depression,1,,<1,self_management_info,Offering,37.4,Medium
P002603,45-59,Woman,4,Other,False,Cardiovascular,Heart failure,4,Anxiety or depression;Painful condition;Chronic kidney disease,3-5,self_management_info,Offering,59.0,Low
P002604,75+,Man,1,English,False,Musculoskeletal and chronic pain,Painful condition,3,Anxiety or depression;Chronic kidney disease,20+,accountability,Balanced,49.0,High
P002605,30-44,Woman,2,English,False,Cardiovascular,Coronary heart disease,1,,3-5,shared_activity,Seeking,49.6,Medium
P002606,30-44,Woman,1,English,False,Musculoskeletal and chronic pain,Painful condition,1,,6-10,shared_activity,Seeking,61.8,High
P002607,60-74,Man,1,English,False,Renal,Chronic kidney disease,4,Anxiety or depression;Painful condition;Diabetes mellitus,<1,self_management_info,Seeking,53.3,Medium
P002608,60-74,Man,3,English,False,Musculoskeletal and chronic pain,Painful condition,1,,1-2,social_connection,Seeking,43.5,Low
P002609,60-74,Woman,4,English,False,Musculoskeletal and chronic pain,Connective tissue disorder,2,Painful condition,20+,accountability,Seeking,51.8,Low
P002610,75+,Woman,5,English,False,Mental health,Anxiety or depression,5,Chronic kidney disease;Diabetes mellitus;COPD;Coronary heart disease,3-5,emotional_support,Seeking,34.1,Medium
P002611,45-59,Woman,2,English,True,Mental health,Anxiety or depression,6,Connective tissue disorder;Stroke and TIA;COPD;Coronary heart disease;Diabetes mellitus,11-20,shared_activity,Balanced,50.9,Medium
P002612,60-74,Woman,2,English,False,Mental health,Anxiety or depression,2,Painful condition,3-5,self_management_info,Balanced,29.5,Medium
P002613,45-59,Woman,3,English,False,Metabolic and endocrine,Diabetes mellitus,2,Anxiety or depression,<1,shared_activity,Balanced,60.5,Medium
P002614,75+,Man,3,English,True,Cardiovascular,Atrial fibrillation,1,,11-20,shared_activity,Balanced,55.6,High
P002615,60-74,Woman,3,English,False,Metabolic and endocrine,Diabetes mellitus,3,Anxiety or depression;Painful condition,<1,self_management_info,Offering,44.4,High
P002616,45-59,Man,4,English,False,Mental health,Anxiety or depression,2,Chronic kidney disease,11-20,emotional_support,Balanced,48.9,High
P002617,30-44,Man,3,English,False,Musculoskeletal and chronic pain,Painful condition,1,,6-10,emotional_support,Seeking,48.8,Medium
P002618,45-59,Woman,1,English,False,Metabolic and endocrine,Diabetes mellitus,2,Anxiety or depression,3-5,shared_activity,Balanced,51.3,Medium
P002619,60-74,Woman,1,English,False,Musculoskeletal and chronic pain,Connective tissue disorder,3,Anxiety or depression;Painful condition,6-10,accountability,Balanced,56.0,High
P002620,18-29,Woman,4,English,False,Mental health,Anxiety or depression,1,,11-20,self_management_info,Seeking,33.8,Medium
P002621,60-74,Woman,5,English,False,Respiratory,COPD,1,,3-5,social_connection,Seeking,44.6,High
P002622,60-74,Man,1,English,True,Renal,Chronic kidney disease,4,Anxiety or depression;Diabetes mellitus;Painful condition,6-10,emotional_support,Balanced,51.7,Low
P002623,75+,Man,3,English,False,Renal,Chronic kidney disease,1,,11-20,shared_activity,Seeking,23.2,High
P002624,18-29,Woman,2,English,False,Musculoskeletal and chronic pain,Painful condition,5,Diabetes mellitus;Anxiety or depression;Cancer;Connective tissue disorder,1-2,social_connection,Balanced,62.1,High
P002625,75+,Man,1,English,False,Metabolic and endocrine,Diabetes mellitus,4,Anxiety or depression;Connective tissue disorder;Painful condition,3-5,accountability,Offering,37.5,Low
P002626,45-59,Man,3,English,False,Cardiovascular,Coronary heart disease,5,Chronic kidney disease;Anxiety or depression;Atrial fibrillation;Painful condition,6-10,social_connection,Balanced,57.7,Medium
P002627,45-59,Man,1,English,False,Mental health,Anxiety or depression,4,Stroke and TIA;Chronic kidney disease;Connective tissue disorder,6-10,self_management_info,Seeking,68.4,Medium
P002628,45-59,Woman,1,English,True,Mental health,Anxiety or depression,1,,6-10,shared_activity,Seeking,59.2,High
P002629,75+,Woman,3,English,True,Cardiovascular,Stroke and TIA,1,,1-2,shared_activity,Balanced,47.8,Low
P002630,45-59,Man,4,English,True,Respiratory,COPD,1,,1-2,shared_activity,Offering,38.5,Medium
P002631,45-59,Man,1,Panjabi,False,Cardiovascular,Stroke and TIA,5,COPD;Anxiety or depression;Diabetes mellitus;Atrial fibrillation,3-5,self_management_info,Balanced,49.5,Medium
P002632,60-74,Woman,3,Other,False,Mental health,Anxiety or depression,6,COPD;Atrial fibrillation;Painful condition;Chronic kidney disease;Connective tissue disorder,<1,emotional_support,Offering,54.3,High
P002633,60-74,Man,2,Polish,False,Musculoskeletal and chronic pain,Connective tissue disorder,4,Anxiety or depression;COPD;Atrial fibrillation,20+,emotional_support,Balanced,54.7,Low
P002634,60-74,Woman,3,English,False,Mental health,Anxiety or depression,1,,<1,accountability,Seeking,41.5,Low
P002635,45-59,Man,4,English,False,Mental health,Anxiety or depression,1,,6-10,emotional_support,Seeking,37.9,High
P002636,75+,Man,4,English,False,Metabolic and endocrine,Diabetes mellitus,3,Anxiety or depression;Stroke and TIA,11-20,shared_activity,Offering,40.2,High
P002637,45-59,Man,3,English,False,Mental health,Anxiety or depression,1,,20+,accountability,Seeking,70.9,Medium
P002638,60-74,Man,2,English,False,Mental health,Anxiety or depression,2,Connective tissue disorder,6-10,self_management_info,Balanced,48.9,High
P002639,45-59,Man,4,English,False,Cardiovascular,Stroke and TIA,3,Atrial fibrillation;Anxiety or depression,<1,self_management_info,Balanced,44.8,Low
P002640,60-74,Woman,1,English,False,Mental health,Anxiety or depression,1,,1-2,self_management_info,Balanced,43.6,Medium
P002641,75+,Man,5,English,False,Metabolic and endocrine,Diabetes mellitus,6,Anxiety or depression;Atrial fibrillation;COPD;Chronic kidney disease;Painful condition,6-10,shared_activity,Seeking,50.5,Medium
P002642,45-59,Woman,1,English,False,Mental health,Anxiety or depression,1,,6-10,emotional_support,Balanced,31.5,Medium
P002643,60-74,Man,4,English,False,Mental health,Anxiety or depression,3,Connective tissue disorder;Coronary heart disease,20+,shared_activity,Seeking,55.6,Low
P002644,30-44,Woman,1,English,False,Cardiovascular,Atrial fibrillation,1,,<1,emotional_support,Offering,42.6,High
P002645,60-74,Woman,3,English,True,Mental health,Anxiety or depression,1,,6-10,emotional_support,Offering,65.8,High
P002646,60-74,Man,5,English,True,Mental health,Anxiety or depression,3,Coronary heart disease;Connective tissue disorder,20+,self_management_info,Balanced,45.4,Medium
P002647,30-44,Woman,5,English,False,Mental health,Anxiety or depression,2,Chronic kidney disease,3-5,self_management_info,Balanced,45.8,Medium
P002648,60-74,Man,5,English,False,Mental health,Anxiety or depression,1,,11-20,social_connection,Balanced,23.0,Medium
P002649,45-59,Woman,4,English,False,Musculoskeletal and chronic pain,Painful condition,1,,1-2,social_connection,Seeking,44.8,High
P002650,60-74,Woman,5,English,False,Metabolic and endocrine,Diabetes mellitus,2,Anxiety or depression,3-5,accountability,Balanced,44.0,Medium
P002651,18-29,Man,2,English,False,Metabolic and endocrine,Diabetes mellitus,3,Painful condition;Anxiety or depression,1-2,social_connection,Seeking,57.6,Low
P002652,60-74,Woman,4,English,False,Cardiovascular,Coronary heart disease,4,Anxiety or depression;Atrial fibrillation;Diabetes mellitus,1-2,self_management_info,Seeking,70.1,Medium
P002653,60-74,Woman,3,English,True,Musculoskeletal and chronic pain,Painful condition,3,Anxiety or depression;Diabetes mellitus,20+,accountability,Seeking,64.0,High
P002654,75+,Woman,2,English,True,Cardiovascular,Atrial fibrillation,2,Anxiety or depression,20+,shared_activity,Balanced,55.6,Medium
P002655,45-59,Man,3,English,False,Cancer experience,Cancer,4,Chronic kidney disease;Anxiety or depression;COPD,20+,social_connection,Seeking,38.1,Low
P002656,75+,Man,4,English,False,Cardiovascular,Coronary heart disease,2,Painful condition,20+,accountability,Offering,46.1,Medium
P002657,45-59,Man,5,English,False,Renal,Chronic kidney disease,2,Anxiety or depression,3-5,shared_activity,Seeking,38.6,Medium
P002658,45-59,Woman,3,English,False,Mental health,Anxiety or depression,5,Chronic kidney disease;Painful condition;Stroke and TIA;Diabetes mellitus,3-5,accountability,Balanced,52.2,Medium
P002659,45-59,Man,4,English,False,Musculoskeletal and chronic pain,Painful condition,2,Anxiety or depression,20+,social_connection,Balanced,40.2,Medium
P002660,75+,Woman,3,English,True,Mental health,Anxiety or depression,6,Cancer;Diabetes mellitus;Painful condition;COPD;Chronic kidney disease,11-20,shared_activity,Seeking,54.1,High
P002661,30-44,Woman,3,English,False,Cancer experience,Cancer,1,,<1,emotional_support,Seeking,23.8,High
P002662,60-74,Man,1,English,True,Musculoskeletal and chronic pain,Painful condition,6,Anxiety or depression;Coronary heart disease;COPD;Stroke and TIA;Chronic kidney disease,1-2,self_management_info,Balanced,75.1,Medium
P002663,45-59,Man,5,Other,False,Musculoskeletal and chronic pain,Painful condition,4,Anxiety or depression;COPD;Coronary heart disease,6-10,self_management_info,Balanced,59.4,Medium
P002664,60-74,Woman,4,English,False,Mental health,Anxiety or depression,2,Coronary heart disease,1-2,social_connection,Balanced,42.3,Medium
P002665,75+,Woman,1,English,False,Cardiovascular,Stroke and TIA,4,Diabetes mellitus;Cancer;Chronic kidney disease,11-20,self_management_info,Seeking,48.4,High
P002666,45-59,Man,4,English,False,Musculoskeletal and chronic pain,Painful condition,1,,3-5,social_connection,Offering,55.7,Medium
P002667,75+,Man,2,Panjabi,True,Renal,Chronic kidney disease,1,,<1,social_connection,Balanced,50.7,High
P002668,60-74,Woman,5,Other,False,Cardiovascular,Stroke and TIA,5,Anxiety or depression;Chronic kidney disease;Painful condition;Diabetes mellitus,1-2,self_management_info,Balanced,48.9,Medium
P002669,30-44,Man,2,English,False,Mental health,Anxiety or depression,1,,11-20,emotional_support,Offering,34.3,Low
P002670,60-74,Woman,4,English,True,Cardiovascular,Coronary heart disease,4,Anxiety or depression;Stroke and TIA;Diabetes mellitus,<1,shared_activity,Seeking,49.8,Medium
P002671,75+,Woman,1,English,False,Cardiovascular,Coronary heart disease,4,Anxiety or depression;Diabetes mellitus;Painful condition,<1,shared_activity,Balanced,63.6,Low
P002672,75+,Man,1,English,False,Mental health,Anxiety or depression,2,Painful condition,1-2,self_management_info,Seeking,63.3,Low
P002673,30-44,Woman,1,English,False,Cardiovascular,Stroke and TIA,1,,6-10,social_connection,Balanced,48.5,Low
P002674,45-59,Man,1,English,False,Renal,Chronic kidney disease,1,,11-20,emotional_support,Offering,52.6,Low
P002675,60-74,Man,2,English,False,Musculoskeletal and chronic pain,Painful condition,3,Anxiety or depression;Chronic kidney disease,3-5,self_management_info,Balanced,45.4,Medium
P002676,18-29,Man,3,English,False,Mental health,Anxiety or depression,1,,3-5,social_connection,Offering,32.4,High
P002677,75+,Man,3,Other,True,Mental health,Anxiety or depression,6,COPD;Diabetes mellitus;Coronary heart disease;Stroke and TIA;Painful condition,6-10,social_connection,Seeking,56.3,Low
P002678,45-59,Man,1,English,False,Cardiovascular,Coronary heart disease,1,,11-20,emotional_support,Seeking,39.0,Medium
P002679,60-74,Man,3,English,True,Mental health,Anxiety or depression,1,,6-10,self_management_info,Balanced,49.3,Medium
P002680,75+,Man,5,English,True,Cardiovascular,Stroke and TIA,2,Anxiety or depression,1-2,emotional_support,Balanced,39.4,High
P002681,75+,Man,3,English,False,Mental health,Anxiety or depression,1,,11-20,emotional_support,Seeking,49.5,High
P002682,30-44,Woman,3,English,False,Cardiovascular,Stroke and TIA,2,Anxiety or depression,6-10,accountability,Balanced,45.7,Low
P002683,45-59,Man,3,English,False,Metabolic and endocrine,Diabetes mellitus,6,Anxiety or depression;Coronary heart disease;Painful condition;Connective tissue disorder;Chronic kidney disease,11-20,shared_activity,Seeking,61.0,High
P002684,60-74,Man,4,English,False,Musculoskeletal and chronic pain,Connective tissue disorder,1,,<1,self_management_info,Balanced,42.3,Medium
P002685,45-59,Man,1,English,True,Metabolic and endocrine,Diabetes mellitus,3,Anxiety or depression;Painful condition,1-2,emotional_support,Seeking,61.3,High
P002686,75+,Man,4,English,True,Musculoskeletal and chronic pain,Painful condition,6,Anxiety or depression;Atrial fibrillation;Stroke and TIA;COPD;Cancer,20+,emotional_support,Offering,63.7,Low
P002687,75+,Man,5,English,False,Metabolic and endocrine,Diabetes mellitus,4,Coronary heart disease;Anxiety or depression;Painful condition,3-5,emotional_support,Seeking,52.3,Low
P002688,60-74,Man,2,English,False,Mental health,Anxiety or depression,1,,11-20,emotional_support,Seeking,35.1,Medium
P002689,60-74,Man,3,English,False,Mental health,Anxiety or depression,5,Painful condition;Coronary heart disease;Connective tissue disorder;Chronic kidney disease,6-10,self_management_info,Balanced,58.3,Medium
P002690,30-44,Man,1,English,False,Musculoskeletal and chronic pain,Painful condition,2,Coronary heart disease,<1,social_connection,Offering,50.9,Low
P002691,30-44,Woman,5,Panjabi,False,Mental health,Anxiety or depression,1,,20+,self_management_info,Offering,29.1,Medium
P002692,60-74,Man,2,English,False,Cardiovascular,Atrial fibrillation,3,Chronic kidney disease;Anxiety or depression,<1,accountability,Balanced,58.3,Low
P002693,60-74,Man,2,English,False,Metabolic and endocrine,Diabetes mellitus,1,,20+,accountability,Offering,40.4,Medium
P002694,60-74,Woman,4,English,False,Metabolic and endocrine,Diabetes mellitus,2,Anxiety or depression,1-2,social_connection,Balanced,37.1,Medium
P002695,75+,Woman,2,English,False,Cardiovascular,Coronary heart disease,1,,20+,shared_activity,Offering,44.3,Low
P002696,60-74,Woman,5,English,False,Metabolic and endocrine,Diabetes mellitus,3,Connective tissue disorder;Anxiety or depression,1-2,emotional_support,Balanced,44.6,High
P002697,45-59,Woman,2,English,False,Renal,Chronic kidney disease,1,,1-2,self_management_info,Balanced,32.2,High
P002698,75+,Woman,4,English,False,Cardiovascular,Coronary heart disease,2,Anxiety or depression,6-10,emotional_support,Seeking,47.8,Medium
P002699,45-59,Man,2,English,True,Cardiovascular,Heart failure,2,Diabetes mellitus,1-2,accountability,Offering,49.2,Low
P002700,45-59,Man,4,English,False,Respiratory,COPD,2,Anxiety or depression,<1,self_management_info,Offering,34.9,Medium
P002701,60-74,Woman,2,English,True,Musculoskeletal and chronic pain,Connective tissue disorder,5,Anxiety or depression;Chronic kidney disease;Diabetes mellitus;Cancer,11-20,accountability,Seeking,80.0,High
P002702,75+,Man,1,English,False,Musculoskeletal and chronic pain,Painful condition,1,,6-10,social_connection,Offering,39.6,Low
P002703,60-74,Man,4,English,False,Musculoskeletal and chronic pain,Painful condition,3,Anxiety or depression;Atrial fibrillation,6-10,shared_activity,Balanced,46.0,Low
P002704,60-74,Woman,1,Polish,False,Musculoskeletal and chronic pain,Painful condition,3,Anxiety or depression;Coronary heart disease,6-10,self_management_info,Seeking,66.9,High
P002705,30-44,Woman,3,English,False,Cardiovascular,Coronary heart disease,1,,6-10,self_management_info,Balanced,24.2,High
P002706,45-59,Woman,5,English,False,Cardiovascular,Atrial fibrillation,1,,3-5,shared_activity,Balanced,20.0,Medium
P002707,60-74,Woman,4,English,True,Renal,Chronic kidney disease,2,Anxiety or depression,1-2,accountability,Balanced,40.8,Medium
P002708,60-74,Man,1,English,True,Cancer experience,Cancer,1,,1-2,self_management_info,Seeking,47.1,High
P002709,75+,Man,2,English,False,Renal,Chronic kidney disease,2,Anxiety or depression,<1,social_connection,Balanced,32.9,Medium
P002710,60-74,Woman,1,English,False,Cardiovascular,Heart failure,1,,<1,accountability,Seeking,56.7,Medium
P002711,60-74,Woman,3,English,True,Musculoskeletal and chronic pain,Painful condition,1,,1-2,accountability,Balanced,65.0,High
P002712,45-59,Man,3,English,False,Metabolic and endocrine,Diabetes mellitus,1,,20+,self_management_info,Seeking,37.6,Low
P002713,75+,Woman,4,English,True,Mental health,Anxiety or depression,2,Painful condition,<1,emotional_support,Seeking,35.8,Low
P002714,60-74,Woman,2,English,False,Cancer experience,Cancer,3,Anxiety or depression;Connective tissue disorder,6-10,social_connection,Balanced,50.0,Medium
P002715,30-44,Woman,1,English,False,Renal,Chronic kidney disease,3,COPD;Coronary heart disease,6-10,self_management_info,Seeking,33.3,Medium
P002716,45-59,Man,4,English,False,Musculoskeletal and chronic pain,Painful condition,1,,3-5,accountability,Seeking,49.8,Low
P002717,60-74,Woman,2,English,False,Renal,Chronic kidney disease,1,,6-10,social_connection,Balanced,38.8,Medium
P002718,30-44,Man,1,English,False,Metabolic and endocrine,Diabetes mellitus,1,,6-10,self_management_info,Balanced,59.4,Medium
P002719,45-59,Woman,2,English,False,Metabolic and endocrine,Diabetes mellitus,1,,20+,emotional_support,Offering,48.9,Medium
P002720,60-74,Man,1,English,False,Metabolic and endocrine,Diabetes mellitus,4,Anxiety or depression;Heart failure;Painful condition,20+,emotional_support,Seeking,57.3,Low
P002721,60-74,Man,1,English,True,Mental health,Anxiety or depression,2,Chronic kidney disease,1-2,accountability,Balanced,73.9,High
P002722,75+,Woman,1,English,True,Mental health,Anxiety or depression,6,Diabetes mellitus;Atrial fibrillation;Painful condition;Coronary heart disease;Stroke and TIA,20+,self_management_info,Offering,74.0,Medium
P002723,75+,Man,2,English,True,Cardiovascular,Stroke and TIA,3,Anxiety or depression;Cancer,11-20,accountability,Balanced,43.0,Low
P002724,60-74,Man,2,English,False,Renal,Chronic kidney disease,6,Atrial fibrillation;Anxiety or depression;Coronary heart disease;Cancer;Painful condition,3-5,emotional_support,Balanced,54.3,Low
P002725,30-44,Man,1,English,False,Cardiovascular,Atrial fibrillation,1,,1-2,emotional_support,Seeking,46.8,Low
P002726,60-74,Woman,5,English,False,Musculoskeletal and chronic pain,Painful condition,6,Anxiety or depression;Atrial fibrillation;Cancer;Coronary heart disease;Chronic kidney disease,11-20,social_connection,Offering,55.1,Medium
P002727,75+,Woman,2,English,False,Metabolic and endocrine,Diabetes mellitus,1,,11-20,emotional_support,Offering,26.6,Medium
P002728,75+,Woman,3,English,False,Musculoskeletal and chronic pain,Painful condition,1,,<1,self_management_info,Balanced,41.9,Low
P002729,60-74,Woman,3,English,False,Cardiovascular,Atrial fibrillation,1,,<1,emotional_support,Balanced,28.7,Medium
P002730,18-29,Man,1,English,False,Musculoskeletal and chronic pain,Painful condition,1,,6-10,self_management_info,Seeking,56.2,Low
P002731,60-74,Man,3,English,True,Cardiovascular,Stroke and TIA,3,Chronic kidney disease;Atrial fibrillation,11-20,self_management_info,Offering,50.8,High
P002732,60-74,Man,1,English,False,Musculoskeletal and chronic pain,Painful condition,2,Chronic kidney disease,<1,self_management_info,Seeking,67.3,High
P002733,75+,Woman,4,English,False,Metabolic and endocrine,Diabetes mellitus,2,Anxiety or depression,11-20,accountability,Seeking,57.0,High
P002734,45-59,Man,4,English,False,Musculoskeletal and chronic pain,Painful condition,1,,20+,accountability,Balanced,38.2,Medium
P002735,75+,Non-binary or self-describe,4,English,False,Musculoskeletal and chronic pain,Painful condition,1,,1-2,self_management_info,Balanced,51.8,Medium
P002736,75+,Man,2,English,False,Musculoskeletal and chronic pain,Connective tissue disorder,2,Anxiety or depression,11-20,emotional_support,Balanced,39.1,Medium
P002737,75+,Woman,5,English,False,Musculoskeletal and chronic pain,Painful condition,4,Anxiety or depression;Coronary heart disease;Cancer,3-5,accountability,Seeking,55.7,High
P002738,45-59,Woman,4,English,False,Cardiovascular,Coronary heart disease,5,Anxiety or depression;Chronic kidney disease;Stroke and TIA;COPD,<1,self_management_info,Balanced,56.6,Medium
P002739,75+,Woman,5,English,False,Cardiovascular,Coronary heart disease,1,,6-10,self_management_info,Seeking,31.9,Medium
P002740,18-29,Man,4,English,False,Musculoskeletal and chronic pain,Painful condition,1,,11-20,self_management_info,Seeking,40.7,Low
P002741,45-59,Man,1,English,False,Musculoskeletal and chronic pain,Painful condition,1,,11-20,social_connection,Seeking,22.6,Medium
P002742,60-74,Man,3,English,True,Metabolic and endocrine,Diabetes mellitus,1,,6-10,accountability,Seeking,57.1,Medium
P002743,60-74,Woman,3,English,True,Mental health,Anxiety or depression,1,,20+,social_connection,Offering,59.1,Medium
P002744,60-74,Woman,3,Polish,True,Cardiovascular,Atrial fibrillation,1,,11-20,accountability,Seeking,49.1,Low
P002745,60-74,Woman,5,English,True,Musculoskeletal and chronic pain,Painful condition,6,Anxiety or depression;Cancer;Atrial fibrillation;COPD;Stroke and TIA,1-2,social_connection,Balanced,51.5,Low
P002746,45-59,Woman,5,Other,False,Cardiovascular,Coronary heart disease,2,Anxiety or depression,11-20,emotional_support,Offering,20.0,Medium
P002747,30-44,Woman,1,English,False,Metabolic and endocrine,Diabetes mellitus,1,,1-2,self_management_info,Balanced,56.7,Low
P002748,75+,Man,1,English,True,Renal,Chronic kidney disease,1,,<1,shared_activity,Seeking,52.8,Medium
P002749,60-74,Woman,1,English,False,Cardiovascular,Atrial fibrillation,2,Chronic kidney disease,11-20,shared_activity,Seeking,47.7,Low
P002750,60-74,Man,2,English,False,Cardiovascular,Coronary heart disease,3,Anxiety or depression;Cancer,6-10,emotional_support,Seeking,54.6,Low
P002751,75+,Man,1,Other,True,Mental health,Anxiety or depression,1,,20+,shared_activity,Balanced,59.8,Low
P002752,45-59,Woman,2,English,True,Cardiovascular,Coronary heart disease,1,,<1,emotional_support,Offering,42.2,Medium
P002753,30-44,Woman,2,Other,False,Cardiovascular,Stroke and TIA,2,Anxiety or depression,3-5,accountability,Seeking,36.8,Low
P002754,60-74,Woman,1,English,False,Musculoskeletal and chronic pain,Painful condition,6,Anxiety or depression;Coronary heart disease;Cancer;Diabetes mellitus;Stroke and TIA,20+,social_connection,Balanced,48.0,Medium
P002755,18-29,Woman,4,English,False,Mental health,Anxiety or depression,1,,11-20,shared_activity,Seeking,43.1,Medium
P002756,60-74,Woman,1,English,True,Cardiovascular,Atrial fibrillation,1,,20+,shared_activity,Balanced,41.0,High
P002757,75+,Man,2,English,False,Mental health,Anxiety or depression,3,Atrial fibrillation;Connective tissue disorder,20+,emotional_support,Seeking,56.3,High
P002758,60-74,Woman,3,English,True,Musculoskeletal and chronic pain,Painful condition,2,Cancer,11-20,self_management_info,Balanced,40.9,Low
P002759,60-74,Man,3,English,True,Musculoskeletal and chronic pain,Connective tissue disorder,4,Anxiety or depression;Chronic kidney disease;Painful condition,11-20,self_management_info,Offering,58.9,Medium
P002760,60-74,Woman,4,English,False,Musculoskeletal and chronic pain,Connective tissue disorder,5,Anxiety or depression;Cancer;Painful condition;Coronary heart disease,3-5,self_management_info,Seeking,52.3,High
P002761,45-59,Man,5,English,False,Respiratory,COPD,1,,3-5,social_connection,Offering,27.9,High
P002762,60-74,Man,5,English,False,Cardiovascular,Atrial fibrillation,6,Stroke and TIA;Painful condition;Anxiety or depression;Chronic kidney disease;Diabetes mellitus,6-10,accountability,Seeking,40.6,High
P002763,60-74,Woman,2,Polish,False,Musculoskeletal and chronic pain,Painful condition,4,Diabetes mellitus;Anxiety or depression;Cancer,3-5,emotional_support,Seeking,45.5,Medium
P002764,60-74,Woman,1,English,False,Respiratory,COPD,3,Anxiety or depression;Chronic kidney disease,11-20,emotional_support,Balanced,52.6,Medium
P002765,45-59,Man,5,Urdu,False,Musculoskeletal and chronic pain,Painful condition,1,,6-10,social_connection,Seeking,26.4,Low
P002766,60-74,Woman,3,English,False,Metabolic and endocrine,Diabetes mellitus,4,Anxiety or depression;Heart failure;Atrial fibrillation,20+,self_management_info,Seeking,42.6,Low
P002767,75+,Woman,3,English,False,Cardiovascular,Coronary heart disease,2,Chronic kidney disease,6-10,social_connection,Balanced,46.5,Medium
P002768,75+,Man,4,English,False,Cardiovascular,Atrial fibrillation,2,Diabetes mellitus,1-2,accountability,Seeking,31.7,Medium
P002769,60-74,Woman,5,English,False,Musculoskeletal and chronic pain,Painful condition,2,Chronic kidney disease,6-10,social_connection,Balanced,34.8,Medium
P002770,60-74,Woman,2,English,True,Musculoskeletal and chronic pain,Painful condition,4,Anxiety or depression;Cancer;Coronary heart disease,6-10,self_management_info,Balanced,40.8,Medium
P002771,30-44,Woman,4,English,False,Cardiovascular,Atrial fibrillation,1,,<1,shared_activity,Seeking,49.6,Medium
P002772,75+,Woman,3,English,True,Mental health,Anxiety or depression,2,Painful condition,<1,accountability,Seeking,53.3,Medium
P002773,60-74,Man,1,English,False,Renal,Chronic kidney disease,5,Connective tissue disorder;Anxiety or depression;Coronary heart disease;Diabetes mellitus,11-20,emotional_support,Balanced,57.3,Low
P002774,60-74,Woman,2,English,False,Metabolic and endocrine,Diabetes mellitus,3,Anxiety or depression;Coronary heart disease,20+,social_connection,Offering,62.2,High
P002775,45-59,Woman,3,English,True,Mental health,Anxiety or depression,1,,6-10,social_connection,Seeking,44.4,Medium
P002776,75+,Man,2,English,False,Cardiovascular,Stroke and TIA,2,Painful condition,11-20,social_connection,Seeking,50.7,Medium
P002777,45-59,Man,1,English,True,Metabolic and endocrine,Diabetes mellitus,1,,11-20,accountability,Balanced,54.2,High
P002778,75+,Man,4,English,True,Respiratory,COPD,3,Cancer;Anxiety or depression,3-5,social_connection,Balanced,50.4,High
P002779,18-29,Man,5,Polish,False,Metabolic and endocrine,Diabetes mellitus,1,,11-20,emotional_support,Seeking,25.6,Medium
P002780,75+,Man,4,English,False,Cardiovascular,Atrial fibrillation,1,,3-5,emotional_support,Balanced,20.0,Medium
P002781,45-59,Man,1,English,False,Renal,Chronic kidney disease,3,Anxiety or depression;Atrial fibrillation,3-5,emotional_support,Seeking,45.6,Low
P002782,45-59,Man,1,English,True,Musculoskeletal and chronic pain,Painful condition,4,Anxiety or depression;Diabetes mellitus;Heart failure,1-2,self_management_info,Balanced,71.3,High
P002783,45-59,Man,2,English,False,Musculoskeletal and chronic pain,Painful condition,2,Stroke and TIA,6-10,emotional_support,Balanced,55.0,Medium
P002784,45-59,Woman,1,Polish,False,Musculoskeletal and chronic pain,Connective tissue disorder,6,Anxiety or depression;Diabetes mellitus;Chronic kidney disease;Atrial fibrillation;Painful condition,11-20,emotional_support,Offering,54.0,Medium
P002785,18-29,Man,4,English,False,Mental health,Anxiety or depression,1,,3-5,shared_activity,Seeking,36.1,High
P002786,45-59,Woman,5,English,False,Mental health,Anxiety or depression,3,Coronary heart disease;Painful condition,20+,shared_activity,Offering,20.0,Medium
P002787,30-44,Man,5,English,False,Mental health,Anxiety or depression,1,,3-5,self_management_info,Balanced,44.4,Low
P002788,45-59,Man,4,English,False,Cardiovascular,Heart failure,2,Stroke and TIA,11-20,emotional_support,Offering,47.2,Medium
P002789,75+,Man,5,English,True,Musculoskeletal and chronic pain,Painful condition,3,Anxiety or depression;Stroke and TIA,20+,emotional_support,Offering,50.8,Low
P002790,75+,Woman,1,Other,False,Mental health,Anxiety or depression,1,,<1,self_management_info,Balanced,50.6,Low
P002791,75+,Man,1,English,False,Renal,Chronic kidney disease,2,Cancer,<1,self_management_info,Seeking,60.9,Low
P002792,18-29,Man,5,English,False,Musculoskeletal and chronic pain,Painful condition,1,,6-10,accountability,Offering,42.6,High
P002793,60-74,Woman,1,English,False,Mental health,Anxiety or depression,1,,1-2,self_management_info,Balanced,40.7,Medium
P002794,75+,Woman,4,English,True,Musculoskeletal and chronic pain,Painful condition,6,Anxiety or depression;Atrial fibrillation;Diabetes mellitus;Stroke and TIA;Chronic kidney disease,11-20,social_connection,Offering,54.4,High
P002795,30-44,Man,5,English,False,Musculoskeletal and chronic pain,Connective tissue disorder,2,Painful condition,3-5,social_connection,Offering,34.0,Medium
P002796,75+,Woman,2,Other,True,Musculoskeletal and chronic pain,Painful condition,3,Anxiety or depression;Stroke and TIA,<1,emotional_support,Balanced,49.6,High
P002797,75+,Woman,2,English,True,Mental health,Anxiety or depression,1,,11-20,self_management_info,Offering,56.9,High
P002798,45-59,Woman,4,English,False,Cardiovascular,Atrial fibrillation,3,Anxiety or depression;Diabetes mellitus,20+,emotional_support,Balanced,41.3,Low
P002799,60-74,Woman,4,English,True,Musculoskeletal and chronic pain,Connective tissue disorder,1,,11-20,emotional_support,Balanced,40.3,Low
P002800,75+,Woman,5,English,True,Cardiovascular,Stroke and TIA,6,Anxiety or depression;Chronic kidney disease;Cancer;Coronary heart disease;Painful condition,11-20,emotional_support,Balanced,41.8,Low
P002801,60-74,Woman,2,English,False,Cardiovascular,Stroke and TIA,4,Cancer;Painful condition;Chronic kidney disease,11-20,self_management_info,Seeking,57.8,Medium
P002802,60-74,Woman,5,English,True,Metabolic and endocrine,Diabetes mellitus,1,,1-2,self_management_info,Seeking,42.3,Medium
P002803,18-29,Woman,4,English,False,Metabolic and endocrine,Diabetes mellitus,2,Anxiety or depression,1-2,social_connection,Balanced,48.7,High
P002804,75+,Woman,2,English,False,Cancer experience,Cancer,3,Anxiety or depression;Connective tissue disorder,20+,self_management_info,Seeking,34.2,Medium
P002805,75+,Man,1,English,True,Mental health,Anxiety or depression,1,,11-20,self_management_info,Seeking,61.2,Medium
P002806,45-59,Woman,3,English,True,Cardiovascular,Stroke and TIA,1,,6-10,emotional_support,Offering,51.7,Low
P002807,75+,Woman,3,English,False,Musculoskeletal and chronic pain,Connective tissue disorder,2,Painful condition,<1,accountability,Offering,37.7,Medium
P002808,18-29,Woman,4,English,False,Mental health,Anxiety or depression,1,,1-2,emotional_support,Seeking,33.4,Medium
P002809,75+,Man,5,English,True,Cardiovascular,Coronary heart disease,1,,6-10,emotional_support,Offering,51.0,Medium
P002810,75+,Man,2,English,False,Cardiovascular,Stroke and TIA,5,Anxiety or depression;Cancer;Painful condition;COPD,<1,social_connection,Balanced,53.1,High
P002811,45-59,Man,4,English,False,Cardiovascular,Coronary heart disease,1,,20+,self_management_info,Offering,49.6,Medium
P002812,45-59,Man,4,English,False,Musculoskeletal and chronic pain,Painful condition,1,,<1,shared_activity,Seeking,42.7,Medium
P002813,75+,Woman,1,English,True,Renal,Chronic kidney disease,2,Anxiety or depression,20+,self_management_info,Balanced,52.0,Medium
P002814,45-59,Woman,3,English,False,Metabolic and endocrine,Diabetes mellitus,3,Coronary heart disease;Chronic kidney disease,11-20,shared_activity,Balanced,50.8,High
P002815,60-74,Woman,2,English,True,Musculoskeletal and chronic pain,Painful condition,1,,6-10,emotional_support,Balanced,48.4,Low
P002816,45-59,Man,2,English,False,Mental health,Anxiety or depression,2,Coronary heart disease,20+,self_management_info,Balanced,49.1,Medium
P002817,30-44,Man,1,Polish,False,Renal,Chronic kidney disease,2,Atrial fibrillation,<1,shared_activity,Offering,48.8,Medium
P002818,60-74,Man,5,English,False,Mental health,Anxiety or depression,1,,20+,social_connection,Offering,32.3,Low
P002819,60-74,Woman,2,English,False,Mental health,Anxiety or depression,2,Painful condition,6-10,self_management_info,Seeking,40.3,Low
P002820,75+,Man,4,English,True,Metabolic and endocrine,Diabetes mellitus,3,Stroke and TIA;Connective tissue disorder,6-10,shared_activity,Balanced,36.6,High
P002821,30-44,Man,3,English,True,Cardiovascular,Atrial fibrillation,1,,<1,shared_activity,Balanced,40.5,Medium
P002822,75+,Man,3,English,False,Metabolic and endocrine,Diabetes mellitus,3,COPD;Anxiety or depression,1-2,social_connection,Seeking,54.8,Medium
P002823,60-74,Woman,2,English,False,Cardiovascular,Coronary heart disease,1,,<1,social_connection,Balanced,44.2,Low
P002824,60-74,Woman,4,English,False,Renal,Chronic kidney disease,1,,6-10,self_management_info,Balanced,35.4,High
P002825,45-59,Woman,4,English,False,Cancer experience,Cancer,3,Heart failure;Anxiety or depression,20+,shared_activity,Seeking,50.2,Low
P002826,45-59,Woman,2,English,False,Musculoskeletal and chronic pain,Painful condition,1,,6-10,emotional_support,Offering,37.1,Medium
P002827,45-59,Man,3,English,False,Metabolic and endocrine,Diabetes mellitus,3,Anxiety or depression;Stroke and TIA,<1,emotional_support,Seeking,52.1,Medium
P002828,45-59,Man,4,English,False,Musculoskeletal and chronic pain,Painful condition,1,,11-20,social_connection,Seeking,47.8,High
P002829,45-59,Woman,5,English,False,Cardiovascular,Coronary heart disease,1,,6-10,accountability,Seeking,29.4,Medium
P002830,30-44,Woman,5,English,False,Mental health,Anxiety or depression,1,,20+,accountability,Balanced,45.5,Medium
P002831,60-74,Man,1,English,True,Cardiovascular,Coronary heart disease,2,Painful condition,6-10,social_connection,Seeking,65.1,High
P002832,45-59,Man,4,English,True,Metabolic and endocrine,Diabetes mellitus,3,Anxiety or depression;Painful condition,11-20,accountability,Seeking,66.1,Low
P002833,30-44,Woman,4,English,False,Musculoskeletal and chronic pain,Painful condition,1,,3-5,accountability,Balanced,33.9,Medium
P002834,75+,Woman,4,English,True,Musculoskeletal and chronic pain,Painful condition,1,,20+,shared_activity,Balanced,42.4,High
P002835,30-44,Woman,2,English,False,Respiratory,COPD,1,,20+,social_connection,Seeking,32.5,Medium
P002836,45-59,Woman,4,English,False,Cardiovascular,Atrial fibrillation,1,,1-2,shared_activity,Balanced,41.0,Medium
P002837,45-59,Woman,4,Polish,True,Renal,Chronic kidney disease,4,Anxiety or depression;Cancer;Painful condition,11-20,self_management_info,Balanced,64.3,High
P002838,45-59,Woman,5,English,False,Musculoskeletal and chronic pain,Painful condition,1,,3-5,shared_activity,Seeking,46.8,Medium
P002839,60-74,Man,4,English,False,Cancer experience,Cancer,1,,20+,social_connection,Balanced,37.2,Medium
P002840,18-29,Woman,3,English,True,Mental health,Anxiety or depression,1,,11-20,emotional_support,Balanced,31.1,Medium
P002841,45-59,Man,5,English,False,Respiratory,COPD,4,Anxiety or depression;Chronic kidney disease;Cancer,11-20,emotional_support,Seeking,48.6,Low
P002842,60-74,Man,1,English,False,Respiratory,COPD,2,Anxiety or depression,1-2,social_connection,Offering,47.8,High
P002843,60-74,Man,3,Other,False,Musculoskeletal and chronic pain,Painful condition,5,Diabetes mellitus;Atrial fibrillation;Connective tissue disorder;Anxiety or depression,3-5,social_connection,Seeking,66.2,Medium
P002844,45-59,Woman,2,Other,False,Metabolic and endocrine,Diabetes mellitus,2,Coronary heart disease,6-10,social_connection,Seeking,46.1,High
P002845,45-59,Man,3,English,False,Mental health,Anxiety or depression,2,Cancer,11-20,social_connection,Offering,46.7,High
P002846,30-44,Woman,2,Other,False,Musculoskeletal and chronic pain,Painful condition,1,,<1,shared_activity,Offering,26.9,Medium
P002847,45-59,Man,4,English,False,Cardiovascular,Coronary heart disease,1,,<1,emotional_support,Balanced,40.0,Medium
P002848,60-74,Woman,4,English,False,Mental health,Anxiety or depression,3,Painful condition;Coronary heart disease,11-20,shared_activity,Offering,38.9,High
P002849,60-74,Woman,4,English,False,Cancer experience,Cancer,1,,20+,emotional_support,Offering,27.3,High
P002850,45-59,Woman,1,English,False,Musculoskeletal and chronic pain,Painful condition,3,Atrial fibrillation;Anxiety or depression,<1,self_management_info,Balanced,32.9,Medium
P002851,60-74,Woman,3,English,False,Mental health,Anxiety or depression,6,Stroke and TIA;Connective tissue disorder;Painful condition;Diabetes mellitus;Cancer,6-10,emotional_support,Balanced,55.5,High
P002852,18-29,Man,4,English,False,Musculoskeletal and chronic pain,Connective tissue disorder,4,Anxiety or depression;Diabetes mellitus;Painful condition,3-5,accountability,Balanced,45.3,Medium
P002853,30-44,Man,4,Polish,False,Cancer experience,Cancer,1,,1-2,shared_activity,Seeking,51.7,Low
P002854,60-74,Man,1,English,True,Mental health,Anxiety or depression,3,Atrial fibrillation;Painful condition,<1,self_management_info,Seeking,67.7,High
P002855,30-44,Man,4,English,False,Renal,Chronic kidney disease,2,Diabetes mellitus,6-10,emotional_support,Balanced,24.9,Medium
P002856,30-44,Woman,5,Romanian,False,Renal,Chronic kidney disease,1,,<1,shared_activity,Offering,37.2,Medium
P002857,45-59,Woman,3,English,True,Cardiovascular,Coronary heart disease,3,Anxiety or depression;Diabetes mellitus,20+,accountability,Seeking,38.5,High
P002858,75+,Man,5,English,False,Metabolic and endocrine,Diabetes mellitus,1,,6-10,social_connection,Balanced,33.8,Medium
P002859,60-74,Woman,3,English,False,Cardiovascular,Stroke and TIA,3,Anxiety or depression;Coronary heart disease,11-20,social_connection,Balanced,54.9,Medium
P002860,30-44,Woman,5,English,False,Metabolic and endocrine,Diabetes mellitus,1,,20+,social_connection,Balanced,46.8,Medium
P002861,30-44,Woman,4,English,False,Cancer experience,Cancer,2,COPD,20+,social_connection,Seeking,24.1,Low
P002862,45-59,Woman,5,English,False,Musculoskeletal and chronic pain,Painful condition,1,,20+,self_management_info,Seeking,24.3,High
P002863,75+,Man,5,English,False,Musculoskeletal and chronic pain,Painful condition,3,Anxiety or depression;Chronic kidney disease,1-2,social_connection,Balanced,43.5,Low
P002864,18-29,Woman,4,English,False,Mental health,Anxiety or depression,1,,11-20,self_management_info,Balanced,26.2,Low
P002865,60-74,Man,3,English,False,Musculoskeletal and chronic pain,Painful condition,2,Diabetes mellitus,11-20,self_management_info,Balanced,48.1,Medium
P002866,60-74,Man,4,English,False,Metabolic and endocrine,Diabetes mellitus,1,,1-2,accountability,Balanced,29.1,High
P002867,75+,Man,4,English,True,Musculoskeletal and chronic pain,Painful condition,4,Coronary heart disease;Anxiety or depression;Diabetes mellitus,<1,shared_activity,Seeking,50.4,Low
P002868,75+,Man,4,English,False,Mental health,Anxiety or depression,2,COPD,<1,self_management_info,Seeking,30.2,Low
P002869,45-59,Woman,4,English,False,Cardiovascular,Atrial fibrillation,1,,6-10,accountability,Seeking,29.8,Low
P002870,60-74,Woman,5,English,False,Cardiovascular,Coronary heart disease,6,Anxiety or depression;Painful condition;Connective tissue disorder;Atrial fibrillation;Diabetes mellitus,20+,social_connection,Seeking,30.6,High
P002871,60-74,Man,1,English,False,Metabolic and endocrine,Diabetes mellitus,1,,1-2,shared_activity,Seeking,62.8,High
P002872,18-29,Man,1,English,True,Mental health,Anxiety or depression,1,,11-20,shared_activity,Seeking,39.9,Medium
P002873,75+,Woman,2,Other,False,Mental health,Anxiety or depression,2,Painful condition,11-20,self_management_info,Balanced,51.5,High
P002874,60-74,Woman,4,English,False,Musculoskeletal and chronic pain,Painful condition,1,,<1,self_management_info,Offering,51.0,Low
P002875,60-74,Man,1,English,False,Musculoskeletal and chronic pain,Painful condition,2,Diabetes mellitus,6-10,self_management_info,Balanced,57.0,High
P002876,45-59,Non-binary or self-describe,2,English,True,Mental health,Anxiety or depression,2,Coronary heart disease,3-5,social_connection,Balanced,31.0,High
P002877,60-74,Man,5,English,False,Mental health,Anxiety or depression,1,,20+,shared_activity,Seeking,41.8,High
P002878,75+,Man,2,English,False,Cancer experience,Cancer,1,,1-2,emotional_support,Offering,46.0,Medium
P002879,60-74,Man,4,Other,False,Mental health,Anxiety or depression,1,,3-5,accountability,Seeking,20.0,Medium
P002880,30-44,Woman,1,English,False,Musculoskeletal and chronic pain,Painful condition,5,Chronic kidney disease;Anxiety or depression;Coronary heart disease;Diabetes mellitus,11-20,emotional_support,Balanced,53.8,Medium
P002881,75+,Man,5,Other,False,Respiratory,COPD,1,,11-20,shared_activity,Seeking,28.9,Medium
P002882,45-59,Woman,2,English,False,Cardiovascular,Stroke and TIA,2,Atrial fibrillation,11-20,shared_activity,Offering,58.3,High
P002883,30-44,Woman,4,English,False,Cardiovascular,Coronary heart disease,1,,6-10,social_connection,Seeking,41.8,High
P002884,60-74,Man,1,English,False,Mental health,Anxiety or depression,3,Diabetes mellitus;Stroke and TIA,20+,self_management_info,Offering,51.5,Low
P002885,75+,Woman,2,English,False,Cardiovascular,Stroke and TIA,5,Chronic kidney disease;Anxiety or depression;Diabetes mellitus;Coronary heart disease,20+,self_management_info,Balanced,47.3,High
P002886,75+,Woman,5,English,True,Cardiovascular,Heart failure,1,,<1,social_connection,Balanced,52.0,Medium
P002887,75+,Man,5,English,False,Metabolic and endocrine,Diabetes mellitus,1,,3-5,emotional_support,Seeking,30.0,Low
P002888,60-74,Woman,1,English,True,Mental health,Anxiety or depression,1,,11-20,self_management_info,Seeking,56.7,High
P002889,45-59,Man,3,English,False,Cardiovascular,Stroke and TIA,1,,1-2,social_connection,Seeking,23.3,Medium
P002890,75+,Man,3,English,False,Metabolic and endocrine,Diabetes mellitus,2,Anxiety or depression,<1,self_management_info,Seeking,42.3,High
P002891,75+,Man,2,English,False,Mental health,Anxiety or depression,2,Heart failure,1-2,shared_activity,Offering,59.8,Medium
P002892,60-74,Woman,5,English,False,Mental health,Anxiety or depression,3,Diabetes mellitus;Chronic kidney disease,11-20,social_connection,Seeking,49.5,Medium
P002893,60-74,Man,2,English,False,Cardiovascular,Stroke and TIA,1,,6-10,shared_activity,Seeking,43.3,High
P002894,60-74,Man,4,English,False,Mental health,Anxiety or depression,5,Painful condition;Stroke and TIA;Atrial fibrillation;Chronic kidney disease,3-5,social_connection,Balanced,64.5,Low
P002895,45-59,Man,5,English,False,Musculoskeletal and chronic pain,Connective tissue disorder,1,,11-20,social_connection,Offering,33.4,High
P002896,60-74,Man,4,English,False,Mental health,Anxiety or depression,4,Stroke and TIA;Coronary heart disease;Atrial fibrillation,6-10,emotional_support,Balanced,51.5,High
P002897,30-44,Woman,4,English,False,Cardiovascular,Atrial fibrillation,2,Painful condition,11-20,self_management_info,Balanced,31.0,Medium
P002898,60-74,Man,4,English,True,Cardiovascular,Stroke and TIA,1,,3-5,accountability,Balanced,44.8,Medium
P002899,45-59,Woman,5,English,True,Mental health,Anxiety or depression,1,,20+,shared_activity,Balanced,40.1,Medium
P002900,18-29,Woman,4,English,False,Mental health,Anxiety or depression,1,,3-5,social_connection,Balanced,22.6,High
P002901,45-59,Woman,2,English,False,Cancer experience,Cancer,3,Diabetes mellitus;Painful condition,20+,accountability,Seeking,55.6,Medium
P002902,30-44,Woman,5,Other,False,Musculoskeletal and chronic pain,Painful condition,3,Diabetes mellitus;Anxiety or depression,6-10,accountability,Seeking,49.7,High
P002903,60-74,Woman,1,English,False,Mental health,Anxiety or depression,5,Coronary heart disease;Diabetes mellitus;Stroke and TIA;Chronic kidney disease,1-2,social_connection,Balanced,64.1,Low
P002904,60-74,Man,4,English,False,Renal,Chronic kidney disease,2,Coronary heart disease,1-2,social_connection,Seeking,31.5,Medium
P002905,75+,Woman,4,English,False,Mental health,Anxiety or depression,2,Connective tissue disorder,3-5,social_connection,Balanced,48.0,Medium
P002906,18-29,Woman,1,English,False,Mental health,Anxiety or depression,1,,3-5,emotional_support,Seeking,38.2,Low
P002907,60-74,Man,5,English,True,Cardiovascular,Coronary heart disease,1,,6-10,emotional_support,Seeking,52.9,Medium
P002908,45-59,Woman,3,English,False,Cardiovascular,Stroke and TIA,1,,3-5,emotional_support,Seeking,40.9,High
P002909,75+,Man,2,English,False,Musculoskeletal and chronic pain,Connective tissue disorder,5,Anxiety or depression;Stroke and TIA;Atrial fibrillation;Painful condition,20+,social_connection,Balanced,56.2,Medium
P002910,60-74,Man,2,Panjabi,True,Mental health,Anxiety or depression,3,Diabetes mellitus;Coronary heart disease,11-20,self_management_info,Balanced,51.2,High
P002911,75+,Woman,2,English,True,Musculoskeletal and chronic pain,Painful condition,1,,20+,social_connection,Seeking,43.6,Medium
P002912,18-29,Man,3,English,False,Metabolic and endocrine,Diabetes mellitus,1,,1-2,social_connection,Balanced,53.9,Medium
P002913,30-44,Man,5,English,False,Respiratory,COPD,4,Stroke and TIA;Anxiety or depression;Chronic kidney disease,20+,self_management_info,Balanced,39.4,Medium
P002914,30-44,Man,3,English,False,Mental health,Anxiety or depression,2,Diabetes mellitus,3-5,accountability,Seeking,50.1,High
P002915,60-74,Woman,5,Urdu,False,Renal,Chronic kidney disease,2,Diabetes mellitus,3-5,social_connection,Balanced,51.9,Medium
P002916,60-74,Woman,2,English,False,Cardiovascular,Atrial fibrillation,3,Anxiety or depression;Stroke and TIA,3-5,accountability,Seeking,42.2,Medium
P002917,45-59,Woman,2,English,False,Musculoskeletal and chronic pain,Painful condition,6,Anxiety or depression;Cancer;Diabetes mellitus;Coronary heart disease;Chronic kidney disease,3-5,social_connection,Offering,76.1,Low
P002918,60-74,Man,5,English,False,Cancer experience,Cancer,4,Anxiety or depression;Connective tissue disorder;Diabetes mellitus,11-20,social_connection,Seeking,47.9,Low
P002919,60-74,Man,3,English,True,Musculoskeletal and chronic pain,Painful condition,2,Anxiety or depression,20+,emotional_support,Balanced,40.8,Medium
P002920,75+,Man,1,English,False,Musculoskeletal and chronic pain,Connective tissue disorder,1,,1-2,accountability,Seeking,37.3,High
P002921,18-29,Man,4,English,False,Cancer experience,Cancer,5,Anxiety or depression;Painful condition;Diabetes mellitus;Connective tissue disorder,6-10,social_connection,Balanced,65.4,Low
P002922,45-59,Man,5,English,False,Mental health,Anxiety or depression,1,,<1,emotional_support,Seeking,40.5,Low
P002923,60-74,Woman,1,English,True,Cardiovascular,Stroke and TIA,1,,3-5,accountability,Seeking,56.8,Low
P002924,60-74,Man,2,English,False,Cardiovascular,Coronary heart disease,1,,<1,social_connection,Balanced,28.9,Medium
P002925,30-44,Woman,4,English,False,Respiratory,COPD,3,Painful condition;Chronic kidney disease,6-10,accountability,Offering,40.5,Medium
P002926,30-44,Man,5,English,False,Musculoskeletal and chronic pain,Painful condition,2,Stroke and TIA,20+,shared_activity,Balanced,53.2,Medium
P002927,18-29,Man,2,English,False,Mental health,Anxiety or depression,5,Painful condition;Diabetes mellitus;Cancer;Connective tissue disorder,<1,emotional_support,Balanced,49.1,Medium
P002928,75+,Woman,4,English,False,Musculoskeletal and chronic pain,Painful condition,4,Anxiety or depression;Coronary heart disease;COPD,<1,shared_activity,Seeking,39.6,Medium
P002929,60-74,Woman,5,English,False,Mental health,Anxiety or depression,2,COPD,<1,social_connection,Balanced,31.4,High
P002930,18-29,Woman,3,English,False,Mental health,Anxiety or depression,1,,11-20,social_connection,Seeking,28.1,Low
P002931,75+,Man,1,English,False,Musculoskeletal and chronic pain,Connective tissue disorder,3,Diabetes mellitus;Anxiety or depression,11-20,self_management_info,Seeking,42.9,Medium
P002932,75+,Man,2,English,False,Metabolic and endocrine,Diabetes mellitus,2,Anxiety or depression,20+,social_connection,Offering,52.7,Medium
P002933,75+,Woman,3,English,True,Cardiovascular,Coronary heart disease,1,,20+,emotional_support,Seeking,49.1,High
P002934,45-59,Man,5,English,True,Cardiovascular,Stroke and TIA,1,,20+,accountability,Seeking,24.5,Medium
P002935,60-74,Woman,2,English,True,Renal,Chronic kidney disease,2,Anxiety or depression,6-10,social_connection,Seeking,53.6,Low
P002936,60-74,Man,5,English,False,Renal,Chronic kidney disease,2,Anxiety or depression,3-5,accountability,Balanced,31.2,Medium
P002937,30-44,Woman,1,English,False,Musculoskeletal and chronic pain,Painful condition,2,Anxiety or depression,11-20,social_connection,Seeking,76.5,Medium
P002938,60-74,Woman,5,English,True,Musculoskeletal and chronic pain,Painful condition,4,Anxiety or depression;Diabetes mellitus;Coronary heart disease,11-20,social_connection,Balanced,61.0,Medium
P002939,45-59,Man,4,English,False,Renal,Chronic kidney disease,1,,3-5,social_connection,Balanced,33.8,High
P002940,60-74,Woman,4,English,False,Mental health,Anxiety or depression,4,Diabetes mellitus;Connective tissue disorder;Painful condition,1-2,social_connection,Seeking,61.6,Medium
P002941,60-74,Woman,5,English,False,Mental health,Anxiety or depression,1,,6-10,social_connection,Seeking,43.4,Low
P002942,75+,Woman,1,English,True,Mental health,Anxiety or depression,3,Heart failure;Connective tissue disorder,20+,emotional_support,Seeking,68.4,Medium
P002943,75+,Man,4,English,False,Musculoskeletal and chronic pain,Painful condition,2,Anxiety or depression,11-20,social_connection,Offering,44.8,Medium
P002944,75+,Woman,4,English,False,Musculoskeletal and chronic pain,Painful condition,1,,11-20,accountability,Seeking,50.0,Medium
P002945,75+,Woman,1,Other,False,Cardiovascular,Coronary heart disease,3,Anxiety or depression;Chronic kidney disease,6-10,accountability,Seeking,28.3,High
P002946,60-74,Woman,3,English,False,Metabolic and endocrine,Diabetes mellitus,5,Anxiety or depression;COPD;Stroke and TIA;Painful condition,<1,self_management_info,Balanced,31.3,High
P002947,60-74,Man,5,Romanian,False,Musculoskeletal and chronic pain,Painful condition,2,Anxiety or depression,20+,emotional_support,Seeking,25.4,High
P002948,60-74,Woman,4,English,False,Mental health,Anxiety or depression,2,Stroke and TIA,6-10,emotional_support,Balanced,31.0,High
P002949,30-44,Man,4,English,False,Cardiovascular,Coronary heart disease,6,Painful condition;Anxiety or depression;Chronic kidney disease;Diabetes mellitus;Stroke and TIA,20+,emotional_support,Offering,50.3,Medium
P002950,60-74,Woman,2,English,False,Metabolic and endocrine,Diabetes mellitus,2,Anxiety or depression,6-10,self_management_info,Offering,64.4,Medium
P002951,18-29,Man,5,English,False,Musculoskeletal and chronic pain,Painful condition,1,,1-2,accountability,Balanced,45.8,Low
P002952,75+,Woman,4,English,False,Cardiovascular,Atrial fibrillation,2,Anxiety or depression,6-10,self_management_info,Balanced,25.3,Medium
P002953,60-74,Man,4,English,False,Musculoskeletal and chronic pain,Painful condition,3,Anxiety or depression;Stroke and TIA,11-20,self_management_info,Seeking,42.6,Low
P002954,60-74,Man,4,English,False,Cardiovascular,Coronary heart disease,1,,11-20,social_connection,Seeking,62.8,Low
P002955,30-44,Man,3,English,False,Musculoskeletal and chronic pain,Painful condition,1,,6-10,social_connection,Seeking,35.3,Medium
P002956,60-74,Woman,1,Romanian,False,Mental health,Anxiety or depression,3,Chronic kidney disease;Connective tissue disorder,1-2,shared_activity,Seeking,48.4,Medium
P002957,45-59,Woman,3,English,True,Musculoskeletal and chronic pain,Painful condition,6,Anxiety or depression;Atrial fibrillation;Diabetes mellitus;Chronic kidney disease;Coronary heart disease,1-2,shared_activity,Balanced,45.0,Medium
P002958,75+,Man,3,English,False,Mental health,Anxiety or depression,2,Atrial fibrillation,20+,social_connection,Balanced,37.4,Low
P002959,60-74,Man,2,English,True,Mental health,Anxiety or depression,2,COPD,<1,emotional_support,Balanced,58.0,Medium
P002960,60-74,Woman,5,English,False,Cardiovascular,Stroke and TIA,1,,20+,social_connection,Balanced,38.9,High
P002961,60-74,Woman,1,English,False,Musculoskeletal and chronic pain,Painful condition,5,Anxiety or depression;Stroke and TIA;Connective tissue disorder;Heart failure,<1,self_management_info,Seeking,50.4,Low
P002962,60-74,Man,1,English,False,Cardiovascular,Stroke and TIA,1,,1-2,self_management_info,Seeking,45.7,High
P002963,75+,Woman,4,English,True,Mental health,Anxiety or depression,6,Painful condition;Diabetes mellitus;Connective tissue disorder;Atrial fibrillation;COPD,6-10,social_connection,Balanced,57.0,Low
P002964,45-59,Woman,3,English,False,Mental health,Anxiety or depression,1,,20+,social_connection,Seeking,38.1,Medium
P002965,75+,Woman,4,English,False,Cardiovascular,Coronary heart disease,2,Chronic kidney disease,<1,social_connection,Balanced,47.7,High
P002966,75+,Woman,2,English,True,Cardiovascular,Coronary heart disease,6,Anxiety or depression;Diabetes mellitus;Chronic kidney disease;Painful condition;COPD,3-5,accountability,Balanced,60.5,Medium
P002967,30-44,Woman,3,English,False,Musculoskeletal and chronic pain,Painful condition,5,Anxiety or depression;Chronic kidney disease;Stroke and TIA;Diabetes mellitus,20+,social_connection,Balanced,61.0,Medium
P002968,75+,Woman,1,English,False,Metabolic and endocrine,Diabetes mellitus,6,Connective tissue disorder;Anxiety or depression;Atrial fibrillation;Heart failure;Painful condition,11-20,self_management_info,Seeking,65.7,High
P002969,60-74,Woman,3,English,True,Respiratory,COPD,1,,3-5,self_management_info,Seeking,42.1,Medium
P002970,75+,Woman,2,Other,False,Renal,Chronic kidney disease,3,Anxiety or depression;Stroke and TIA,20+,accountability,Balanced,50.7,Medium
P002971,60-74,Woman,5,English,True,Respiratory,COPD,5,Stroke and TIA;Anxiety or depression;Diabetes mellitus;Painful condition,<1,emotional_support,Seeking,65.2,Medium
P002972,30-44,Man,4,English,False,Mental health,Anxiety or depression,1,,3-5,accountability,Seeking,42.0,Medium
P002973,30-44,Man,5,English,False,Metabolic and endocrine,Diabetes mellitus,1,,20+,self_management_info,Balanced,44.0,Medium
P002974,75+,Man,4,English,False,Cardiovascular,Coronary heart disease,5,COPD;Diabetes mellitus;Anxiety or depression;Painful condition,6-10,emotional_support,Seeking,28.3,Medium
P002975,60-74,Woman,2,English,False,Mental health,Anxiety or depression,1,,1-2,emotional_support,Offering,50.8,Low
P002976,60-74,Man,4,English,True,Renal,Chronic kidney disease,1,,<1,emotional_support,Offering,57.8,Medium
P002977,45-59,Man,3,English,False,Mental health,Anxiety or depression,2,Diabetes mellitus,6-10,social_connection,Offering,48.3,Low
P002978,75+,Man,2,Other,False,Mental health,Anxiety or depression,4,Diabetes mellitus;COPD;Painful condition,11-20,self_management_info,Seeking,54.1,Medium
P002979,75+,Man,1,English,False,Cardiovascular,Stroke and TIA,3,Anxiety or depression;Diabetes mellitus,6-10,emotional_support,Seeking,57.2,Medium
P002980,45-59,Woman,3,English,False,Cardiovascular,Stroke and TIA,2,Chronic kidney disease,<1,emotional_support,Seeking,47.4,High
P002981,75+,Woman,4,English,False,Renal,Chronic kidney disease,6,Coronary heart disease;Anxiety or depression;Painful condition;Diabetes mellitus;Heart failure,6-10,emotional_support,Balanced,56.6,High
P002982,75+,Man,2,English,True,Metabolic and endocrine,Diabetes mellitus,4,Anxiety or depression;Coronary heart disease;Heart failure,6-10,self_management_info,Offering,70.7,Low
P002983,60-74,Man,1,English,True,Mental health,Anxiety or depression,1,,11-20,emotional_support,Seeking,51.9,Medium
P002984,30-44,Woman,2,English,True,Renal,Chronic kidney disease,1,,3-5,emotional_support,Seeking,41.0,High
P002985,45-59,Woman,1,English,False,Cardiovascular,Stroke and TIA,4,Diabetes mellitus;Anxiety or depression;Atrial fibrillation,11-20,self_management_info,Seeking,71.9,Low
P002986,18-29,Man,4,English,False,Mental health,Anxiety or depression,1,,11-20,emotional_support,Balanced,55.7,Medium
P002987,45-59,Woman,5,English,False,Mental health,Anxiety or depression,1,,<1,emotional_support,Balanced,34.4,Low
P002988,75+,Woman,2,English,False,Musculoskeletal and chronic pain,Painful condition,2,Coronary heart disease,1-2,emotional_support,Seeking,58.4,Low
P002989,60-74,Man,3,English,False,Musculoskeletal and chronic pain,Painful condition,1,,11-20,social_connection,Balanced,42.0,High
P002990,30-44,Man,2,English,False,Mental health,Anxiety or depression,1,,<1,social_connection,Seeking,47.9,Low
P002991,60-74,Man,5,English,True,Musculoskeletal and chronic pain,Painful condition,1,,6-10,emotional_support,Offering,45.6,Medium
P002992,60-74,Man,2,English,False,Cardiovascular,Atrial fibrillation,1,,11-20,shared_activity,Seeking,56.3,High
P002993,75+,Woman,2,English,False,Cardiovascular,Stroke and TIA,4,Diabetes mellitus;Chronic kidney disease;Anxiety or depression,20+,emotional_support,Balanced,53.0,High
P002994,45-59,Woman,5,English,False,Cardiovascular,Atrial fibrillation,3,Anxiety or depression;Chronic kidney disease,6-10,shared_activity,Balanced,27.3,Medium
P002995,18-29,Woman,4,English,False,Mental health,Anxiety or depression,1,,1-2,self_management_info,Seeking,57.1,Medium
P002996,75+,Woman,4,English,True,Metabolic and endocrine,Diabetes mellitus,3,Anxiety or depression;Chronic kidney disease,<1,social_connection,Seeking,40.6,High
P002997,30-44,Woman,2,English,True,Respiratory,COPD,1,,20+,shared_activity,Balanced,36.5,Medium
P002998,75+,Woman,2,English,False,Respiratory,COPD,3,Anxiety or depression;Painful condition,1-2,shared_activity,Offering,55.4,High
P002999,60-74,Man,5,English,True,Cardiovascular,Atrial fibrillation,2,Anxiety or depression,20+,emotional_support,Offering,35.4,High
